29-Jan-25 18:48:15 - INFO - ('miFuncionAntesDeLaPeticion() --- este es el endpoint: ', None)
29-Jan-25 18:48:15 - INFO - ('miFuncionAntesDeLaPeticion() --- este es el endpoint: ', 'funcionAdministradorLogin')
29-Jan-25 18:48:15 - INFO - ('miFuncionAntesDeLaPeticion() --- este es el endpoint: ', 'static')
29-Jan-25 18:48:15 - INFO - ('miFuncionAntesDeLaPeticion() --- este es el endpoint: ', 'static')
29-Jan-25 18:48:15 - INFO - ('miFuncionAntesDeLaPeticion() --- este es el endpoint: ', 'static')
29-Jan-25 18:48:19 - INFO - ('miFuncionAntesDeLaPeticion() --- este es el endpoint: ', 'funcionAdministradorLogin')
29-Jan-25 18:48:19 - INFO - ('miFuncionAntesDeLaPeticion() --- este es el endpoint: ', 'funcionAdministradorHome')
29-Jan-25 18:48:19 - INFO - ('miFuncionAntesDeLaPeticion() --- este es el endpoint: ', 'static')
29-Jan-25 18:48:19 - INFO - ('miFuncionAntesDeLaPeticion() --- este es el endpoint: ', 'static')
29-Jan-25 18:48:19 - INFO - ('miFuncionAntesDeLaPeticion() --- este es el endpoint: ', 'static')
29-Jan-25 22:57:45 - INFO - ('miFuncionAntesDeLaPeticion() --- este es el endpoint: ', None)
29-Jan-25 22:57:45 - INFO - ('miFuncionAntesDeLaPeticion() --- este es el endpoint: ', None)
29-Jan-25 22:57:45 - INFO - ('miFuncionAntesDeLaPeticion() --- este es el endpoint: ', 'funcionAdministradorLogin')
29-Jan-25 22:57:45 - INFO - ('miFuncionAntesDeLaPeticion() --- este es el endpoint: ', 'static')
29-Jan-25 22:57:45 - INFO - ('miFuncionAntesDeLaPeticion() --- este es el endpoint: ', 'static')
29-Jan-25 22:57:45 - INFO - ('miFuncionAntesDeLaPeticion() --- este es el endpoint: ', 'static')
29-Jan-25 22:57:50 - INFO - ('miFuncionAntesDeLaPeticion() --- este es el endpoint: ', 'funcionAdministradorLogin')
29-Jan-25 22:57:50 - INFO - ('miFuncionAntesDeLaPeticion() --- este es el endpoint: ', 'funcionAdministradorHome')
29-Jan-25 22:57:50 - INFO - ('miFuncionAntesDeLaPeticion() --- este es el endpoint: ', 'static')
29-Jan-25 22:57:50 - INFO - ('miFuncionAntesDeLaPeticion() --- este es el endpoint: ', 'static')
29-Jan-25 22:57:50 - INFO - ('miFuncionAntesDeLaPeticion() --- este es el endpoint: ', 'static')
29-Jan-25 22:57:51 - INFO - ('miFuncionAntesDeLaPeticion() --- este es el endpoint: ', 'funcionAdministradorCerrarSesion')
29-Jan-25 22:57:51 - INFO - ('miFuncionAntesDeLaPeticion() --- este es el endpoint: ', 'funcionAdministradorLogin')
29-Jan-25 22:57:51 - INFO - ('miFuncionAntesDeLaPeticion() --- este es el endpoint: ', 'static')
29-Jan-25 22:57:51 - INFO - ('miFuncionAntesDeLaPeticion() --- este es el endpoint: ', 'static')
29-Jan-25 22:57:51 - INFO - ('miFuncionAntesDeLaPeticion() --- este es el endpoint: ', 'static')
29-Jan-25 22:59:15 - INFO - ('miFuncionAntesDeLaPeticion() --- este es el endpoint: ', 'funcionAdministradorLogin')
29-Jan-25 22:59:15 - INFO - ('miFuncionAntesDeLaPeticion() --- este es el endpoint: ', 'static')
29-Jan-25 22:59:15 - INFO - ('miFuncionAntesDeLaPeticion() --- este es el endpoint: ', 'static')
29-Jan-25 22:59:15 - INFO - ('miFuncionAntesDeLaPeticion() --- este es el endpoint: ', 'static')
29-Jan-25 22:59:18 - INFO - ('miFuncionAntesDeLaPeticion() --- este es el endpoint: ', 'funcionAdministradorLogin')
29-Jan-25 22:59:19 - INFO - ('miFuncionAntesDeLaPeticion() --- este es el endpoint: ', 'funcionAdministradorHome')
29-Jan-25 22:59:19 - INFO - ('miFuncionAntesDeLaPeticion() --- este es el endpoint: ', 'static')
29-Jan-25 22:59:19 - INFO - ('miFuncionAntesDeLaPeticion() --- este es el endpoint: ', 'static')
29-Jan-25 22:59:20 - INFO - ('miFuncionAntesDeLaPeticion() --- este es el endpoint: ', 'funcionAdministradorPanelEvento')
29-Jan-25 22:59:20 - INFO - ('miFuncionAntesDeLaPeticion() --- este es el endpoint: ', 'static')
29-Jan-25 22:59:20 - INFO - ('miFuncionAntesDeLaPeticion() --- este es el endpoint: ', 'static')
29-Jan-25 22:59:20 - INFO - ('miFuncionAntesDeLaPeticion() --- este es el endpoint: ', 'static')
06-Feb-25 12:02:34 - INFO - ('miFuncionAntesDeLaPeticion() --- este es el endpoint: ', 'funcionAdministradorLogin')
06-Feb-25 12:02:34 - INFO - ('miFuncionAntesDeLaPeticion() --- este es el endpoint: ', 'static')
06-Feb-25 12:02:34 - INFO - ('miFuncionAntesDeLaPeticion() --- este es el endpoint: ', 'static')
06-Feb-25 12:02:34 - INFO - ('miFuncionAntesDeLaPeticion() --- este es el endpoint: ', 'static')
06-Feb-25 12:02:34 - INFO - ('miFuncionAntesDeLaPeticion() --- este es el endpoint: ', None)
06-Feb-25 12:02:44 - INFO - ('miFuncionAntesDeLaPeticion() --- este es el endpoint: ', 'funcionAdministradorLogin')
06-Feb-25 12:02:44 - INFO - ('miFuncionAntesDeLaPeticion() --- este es el endpoint: ', 'funcionAdministradorHome')
06-Feb-25 12:02:44 - INFO - ('miFuncionAntesDeLaPeticion() --- este es el endpoint: ', 'static')
06-Feb-25 12:02:44 - INFO - ('miFuncionAntesDeLaPeticion() --- este es el endpoint: ', 'static')
06-Feb-25 12:02:44 - INFO - ('miFuncionAntesDeLaPeticion() --- este es el endpoint: ', 'static')
06-Feb-25 12:02:46 - INFO - ('miFuncionAntesDeLaPeticion() --- este es el endpoint: ', 'funcionAdministradorPanelEvento')
06-Feb-25 12:02:46 - INFO - ('miFuncionAntesDeLaPeticion() --- este es el endpoint: ', 'static')
06-Feb-25 12:02:46 - INFO - ('miFuncionAntesDeLaPeticion() --- este es el endpoint: ', 'static')
06-Feb-25 12:02:46 - INFO - ('miFuncionAntesDeLaPeticion() --- este es el endpoint: ', 'static')
06-Feb-25 12:02:49 - INFO - ('miFuncionAntesDeLaPeticion() --- este es el endpoint: ', 'funcionGenerarCodigoQR')
06-Feb-25 12:03:21 - INFO - ('miFuncionAntesDeLaPeticion() --- este es el endpoint: ', 'funcion_registrarAsistente')
06-Feb-25 12:03:21 - INFO - ('miFuncionAntesDeLaPeticion() --- este es el endpoint: ', 'funcion_registrarAsistente')
06-Feb-25 12:03:42 - INFO - ('miFuncionAntesDeLaPeticion() --- este es el endpoint: ', 'funcionAdministradorModificarRobotsEvento')
06-Feb-25 12:03:42 - INFO - ('miFuncionAntesDeLaPeticion() --- este es el endpoint: ', 'static')
06-Feb-25 12:03:42 - INFO - ('miFuncionAntesDeLaPeticion() --- este es el endpoint: ', 'static')
06-Feb-25 12:03:42 - INFO - ('miFuncionAntesDeLaPeticion() --- este es el endpoint: ', 'static')
06-Feb-25 12:03:42 - INFO - ('miFuncionAntesDeLaPeticion() --- este es el endpoint: ', 'static')
06-Feb-25 12:03:42 - INFO - ('miFuncionAntesDeLaPeticion() --- este es el endpoint: ', 'static')
06-Feb-25 12:03:42 - INFO - ('miFuncionAntesDeLaPeticion() --- este es el endpoint: ', 'static')
06-Feb-25 12:03:42 - INFO - ('miFuncionAntesDeLaPeticion() --- este es el endpoint: ', 'static')
06-Feb-25 12:03:42 - INFO - ('miFuncionAntesDeLaPeticion() --- este es el endpoint: ', 'static')
06-Feb-25 12:03:42 - INFO - ('miFuncionAntesDeLaPeticion() --- este es el endpoint: ', 'static')
06-Feb-25 12:03:42 - INFO - ('miFuncionAntesDeLaPeticion() --- este es el endpoint: ', 'static')
06-Feb-25 12:03:42 - INFO - ('miFuncionAntesDeLaPeticion() --- este es el endpoint: ', 'static')
06-Feb-25 12:03:43 - INFO - ('miFuncionAntesDeLaPeticion() --- este es el endpoint: ', 'static')
06-Feb-25 12:03:46 - INFO - ('miFuncionAntesDeLaPeticion() --- este es el endpoint: ', 'funcionAdministradorModificarRobotsEvento')
06-Feb-25 12:03:46 - INFO - ('miFuncionAntesDeLaPeticion() --- este es el endpoint: ', 'static')
06-Feb-25 12:03:46 - INFO - ('miFuncionAntesDeLaPeticion() --- este es el endpoint: ', 'static')
06-Feb-25 12:03:46 - INFO - ('miFuncionAntesDeLaPeticion() --- este es el endpoint: ', 'static')
06-Feb-25 12:03:46 - INFO - ('miFuncionAntesDeLaPeticion() --- este es el endpoint: ', 'static')
06-Feb-25 12:03:46 - INFO - ('miFuncionAntesDeLaPeticion() --- este es el endpoint: ', 'static')
06-Feb-25 12:03:46 - INFO - ('miFuncionAntesDeLaPeticion() --- este es el endpoint: ', 'static')
06-Feb-25 12:03:46 - INFO - ('miFuncionAntesDeLaPeticion() --- este es el endpoint: ', 'static')
06-Feb-25 12:03:46 - INFO - ('miFuncionAntesDeLaPeticion() --- este es el endpoint: ', 'static')
06-Feb-25 12:03:46 - INFO - ('miFuncionAntesDeLaPeticion() --- este es el endpoint: ', 'static')
06-Feb-25 12:03:46 - INFO - ('miFuncionAntesDeLaPeticion() --- este es el endpoint: ', 'static')
06-Feb-25 12:03:46 - INFO - ('miFuncionAntesDeLaPeticion() --- este es el endpoint: ', 'static')
06-Feb-25 12:03:48 - INFO - ('miFuncionAntesDeLaPeticion() --- este es el endpoint: ', 'funcionAdministradorPanelRobotModificar')
06-Feb-25 12:03:49 - INFO - ('miFuncionAntesDeLaPeticion() --- este es el endpoint: ', 'static')
06-Feb-25 12:03:49 - INFO - ('miFuncionAntesDeLaPeticion() --- este es el endpoint: ', 'static')
06-Feb-25 12:03:49 - INFO - ('miFuncionAntesDeLaPeticion() --- este es el endpoint: ', 'static')
06-Feb-25 12:04:03 - INFO - ('miFuncionAntesDeLaPeticion() --- este es el endpoint: ', 'funcionAdministradorPanelRobotModificar')
06-Feb-25 12:04:03 - DEBUG - tag: unknown (769) - type: rational (5) Tag Location: 22 - Data Location: 74 - value: b'\x00\x01\x86\xa0\x00\x00\xb1\x8f'
06-Feb-25 12:04:03 - DEBUG - tag: unknown (771) - type: byte (1) - value: b'\x00'
06-Feb-25 12:04:03 - DEBUG - tag: unknown (20752) - type: byte (1) - value: b'\x01'
06-Feb-25 12:04:03 - DEBUG - tag: unknown (20753) - type: long (4) - value: b'\x00\x00\x0e\xc3'
06-Feb-25 12:04:03 - DEBUG - tag: unknown (20754) - type: long (4) - value: b'\x00\x00\x0e\xc3'
06-Feb-25 12:04:03 - INFO - ('miFuncionAntesDeLaPeticion() --- este es el endpoint: ', 'funcionAdministradorModificarRobotsEvento')
06-Feb-25 12:04:03 - INFO - ('miFuncionAntesDeLaPeticion() --- este es el endpoint: ', 'static')
06-Feb-25 12:04:03 - INFO - ('miFuncionAntesDeLaPeticion() --- este es el endpoint: ', 'static')
06-Feb-25 12:04:03 - INFO - ('miFuncionAntesDeLaPeticion() --- este es el endpoint: ', 'static')
06-Feb-25 12:04:03 - INFO - ('miFuncionAntesDeLaPeticion() --- este es el endpoint: ', 'static')
06-Feb-25 12:04:03 - INFO - ('miFuncionAntesDeLaPeticion() --- este es el endpoint: ', 'static')
06-Feb-25 12:04:03 - INFO - ('miFuncionAntesDeLaPeticion() --- este es el endpoint: ', 'static')
06-Feb-25 12:04:03 - INFO - ('miFuncionAntesDeLaPeticion() --- este es el endpoint: ', 'static')
06-Feb-25 12:04:03 - INFO - ('miFuncionAntesDeLaPeticion() --- este es el endpoint: ', 'static')
06-Feb-25 12:04:03 - INFO - ('miFuncionAntesDeLaPeticion() --- este es el endpoint: ', 'static')
06-Feb-25 12:04:03 - INFO - ('miFuncionAntesDeLaPeticion() --- este es el endpoint: ', 'static')
06-Feb-25 12:04:03 - INFO - ('miFuncionAntesDeLaPeticion() --- este es el endpoint: ', 'static')
06-Feb-25 12:04:31 - INFO - ('miFuncionAntesDeLaPeticion() --- este es el endpoint: ', 'funcion_registrarAsistente')
06-Feb-25 12:04:41 - INFO - The CSRF session token is missing.
06-Feb-25 12:09:33 - INFO - ('miFuncionAntesDeLaPeticion() --- este es el endpoint: ', 'funcion_registrarAsistente')
06-Feb-25 12:12:25 - INFO - ('miFuncionAntesDeLaPeticion() --- este es el endpoint: ', 'funcion_registrarAsistente')
08-Feb-25 14:49:21 - INFO - ('miFuncionAntesDeLaPeticion() --- este es el endpoint: ', None)
08-Feb-25 14:49:29 - INFO - ('miFuncionAntesDeLaPeticion() --- este es el endpoint: ', 'funcionAdministradorLogin')
08-Feb-25 14:49:29 - INFO - ('miFuncionAntesDeLaPeticion() --- este es el endpoint: ', 'static')
08-Feb-25 14:49:29 - INFO - ('miFuncionAntesDeLaPeticion() --- este es el endpoint: ', 'static')
08-Feb-25 14:49:29 - INFO - ('miFuncionAntesDeLaPeticion() --- este es el endpoint: ', 'static')
08-Feb-25 14:49:33 - INFO - ('miFuncionAntesDeLaPeticion() --- este es el endpoint: ', 'funcionAdministradorLogin')
08-Feb-25 14:49:33 - INFO - ('miFuncionAntesDeLaPeticion() --- este es el endpoint: ', 'funcionAdministradorHome')
08-Feb-25 14:49:33 - INFO - ('miFuncionAntesDeLaPeticion() --- este es el endpoint: ', 'static')
08-Feb-25 14:49:33 - INFO - ('miFuncionAntesDeLaPeticion() --- este es el endpoint: ', 'static')
08-Feb-25 14:49:33 - INFO - ('miFuncionAntesDeLaPeticion() --- este es el endpoint: ', 'static')
08-Feb-25 14:49:35 - INFO - ('miFuncionAntesDeLaPeticion() --- este es el endpoint: ', 'funcionAdministradorPanelEvento')
08-Feb-25 14:49:35 - INFO - ('miFuncionAntesDeLaPeticion() --- este es el endpoint: ', 'static')
08-Feb-25 14:49:35 - INFO - ('miFuncionAntesDeLaPeticion() --- este es el endpoint: ', 'static')
08-Feb-25 14:49:35 - INFO - ('miFuncionAntesDeLaPeticion() --- este es el endpoint: ', 'static')
08-Feb-25 14:49:38 - INFO - ('miFuncionAntesDeLaPeticion() --- este es el endpoint: ', 'funcionGenerarCodigoQR')
08-Feb-25 14:52:22 - INFO - ('miFuncionAntesDeLaPeticion() --- este es el endpoint: ', 'funcion_registrarAsistente')
08-Feb-25 14:52:26 - INFO - The CSRF session token is missing.
08-Feb-25 15:02:16 - INFO - ('miFuncionAntesDeLaPeticion() --- este es el endpoint: ', 'funcion_registrarAsistente')
08-Feb-25 15:02:19 - INFO - The CSRF session token is missing.
08-Feb-25 15:06:18 - INFO - ('miFuncionAntesDeLaPeticion() --- este es el endpoint: ', 'funcion_registrarAsistente')
08-Feb-25 15:06:40 - INFO - The CSRF token has expired.
08-Feb-25 15:09:35 - INFO - The CSRF token has expired.
08-Feb-25 15:10:02 - INFO - ('miFuncionAntesDeLaPeticion() --- este es el endpoint: ', 'funcion_aceptarRobot')
08-Feb-25 15:10:37 - INFO - The CSRF token has expired.
08-Feb-25 15:14:19 - INFO - ('miFuncionAntesDeLaPeticion() --- este es el endpoint: ', 'funcion_registrarAsistente')
08-Feb-25 15:14:35 - INFO - ('miFuncionAntesDeLaPeticion() --- este es el endpoint: ', 'funcion_registrarAsistente')
08-Feb-25 15:22:15 - INFO - ('miFuncionAntesDeLaPeticion() --- este es el endpoint: ', 'funcion_registrarAsistente')
08-Feb-25 15:22:21 - INFO - The CSRF session token is missing.
08-Feb-25 15:22:32 - INFO - The CSRF session token is missing.
08-Feb-25 15:22:33 - INFO - The CSRF session token is missing.
08-Feb-25 15:22:54 - INFO - The CSRF token has expired.
08-Feb-25 15:22:59 - INFO - The CSRF token has expired.
08-Feb-25 15:23:00 - INFO - The CSRF token has expired.
08-Feb-25 15:23:23 - INFO - The CSRF session token is missing.
08-Feb-25 15:24:25 - INFO - ('miFuncionAntesDeLaPeticion() --- este es el endpoint: ', 'funcion_registrarAsistente')
08-Feb-25 15:24:34 - INFO - The CSRF session token is missing.
08-Feb-25 15:28:16 - INFO - ('miFuncionAntesDeLaPeticion() --- este es el endpoint: ', 'funcion_registrarAsistente')
08-Feb-25 15:28:18 - INFO - The CSRF session token is missing.
08-Feb-25 15:32:56 - INFO - ('miFuncionAntesDeLaPeticion() --- este es el endpoint: ', 'funcion_registrarAsistente')
08-Feb-25 15:32:59 - INFO - The CSRF session token is missing.
08-Feb-25 15:46:08 - INFO - ('miFuncionAntesDeLaPeticion() --- este es el endpoint: ', 'funcion_registrarAsistente')
08-Feb-25 15:46:10 - INFO - The CSRF session token is missing.
08-Feb-25 15:48:04 - INFO - ('miFuncionAntesDeLaPeticion() --- este es el endpoint: ', 'funcion_registrarAsistente')
08-Feb-25 15:48:07 - INFO - The CSRF session token is missing.
08-Feb-25 15:50:29 - INFO - ('miFuncionAntesDeLaPeticion() --- este es el endpoint: ', 'funcion_registrarAsistente')
08-Feb-25 15:55:48 - INFO - ('miFuncionAntesDeLaPeticion() --- este es el endpoint: ', 'funcion_registrarAsistente')
09-Feb-25 11:32:48 - INFO - ('miFuncionAntesDeLaPeticion() --- este es el endpoint: ', 'funcion_registrarAsistente')
09-Feb-25 11:34:58 - INFO - The CSRF session token is missing.
09-Feb-25 11:38:03 - INFO - ('miFuncionAntesDeLaPeticion() --- este es el endpoint: ', 'funcion_registrarAsistente')
09-Feb-25 11:38:08 - INFO - The CSRF session token is missing.
09-Feb-25 11:59:04 - INFO - ('miFuncionAntesDeLaPeticion() --- este es el endpoint: ', 'funcion_registrarAsistente')
09-Feb-25 11:59:07 - INFO - The CSRF token is missing.
09-Feb-25 11:59:13 - INFO - The CSRF token is missing.
09-Feb-25 12:11:36 - INFO - ('miFuncionAntesDeLaPeticion() --- este es el endpoint: ', 'funcion_registrarAsistente')
09-Feb-25 12:11:38 - INFO - The CSRF token is missing.
09-Feb-25 12:17:16 - INFO - ('miFuncionAntesDeLaPeticion() --- este es el endpoint: ', 'funcion_registrarAsistente')
09-Feb-25 12:17:18 - INFO - The CSRF session token is missing.
09-Feb-25 12:27:12 - INFO - ('miFuncionAntesDeLaPeticion() --- este es el endpoint: ', 'funcion_registrarAsistente')
09-Feb-25 12:27:17 - INFO - The CSRF token is missing.
09-Feb-25 12:43:52 - INFO - ('miFuncionAntesDeLaPeticion() --- este es el endpoint: ', 'funcionAdministradorLogin')
09-Feb-25 12:43:53 - INFO - ('miFuncionAntesDeLaPeticion() --- este es el endpoint: ', 'static')
09-Feb-25 12:43:53 - INFO - ('miFuncionAntesDeLaPeticion() --- este es el endpoint: ', 'static')
09-Feb-25 12:43:53 - INFO - ('miFuncionAntesDeLaPeticion() --- este es el endpoint: ', 'static')
09-Feb-25 12:43:53 - INFO - ('miFuncionAntesDeLaPeticion() --- este es el endpoint: ', None)
09-Feb-25 12:43:56 - INFO - ('miFuncionAntesDeLaPeticion() --- este es el endpoint: ', 'static')
09-Feb-25 12:43:56 - INFO - ('miFuncionAntesDeLaPeticion() --- este es el endpoint: ', 'static')
09-Feb-25 12:43:56 - INFO - ('miFuncionAntesDeLaPeticion() --- este es el endpoint: ', 'static')
09-Feb-25 12:46:27 - INFO - ('miFuncionAntesDeLaPeticion() --- este es el endpoint: ', 'funcion_registrarAsistente')
09-Feb-25 12:46:29 - INFO - The CSRF token is missing.
09-Feb-25 12:47:11 - INFO - ('miFuncionAntesDeLaPeticion() --- este es el endpoint: ', 'funcion_registrarAsistente')
09-Feb-25 12:47:16 - INFO - The CSRF token is missing.
09-Feb-25 12:52:20 - INFO - ('miFuncionAntesDeLaPeticion() --- este es el endpoint: ', 'funcionAdministradorLogin')
09-Feb-25 12:52:20 - INFO - ('miFuncionAntesDeLaPeticion() --- este es el endpoint: ', 'static')
09-Feb-25 12:52:20 - INFO - ('miFuncionAntesDeLaPeticion() --- este es el endpoint: ', 'static')
09-Feb-25 12:52:20 - INFO - ('miFuncionAntesDeLaPeticion() --- este es el endpoint: ', 'static')
09-Feb-25 12:52:26 - INFO - ('miFuncionAntesDeLaPeticion() --- este es el endpoint: ', 'funcionAdministradorLogin')
09-Feb-25 12:52:27 - INFO - ('miFuncionAntesDeLaPeticion() --- este es el endpoint: ', 'funcionAdministradorHome')
09-Feb-25 12:52:27 - INFO - ('miFuncionAntesDeLaPeticion() --- este es el endpoint: ', 'static')
09-Feb-25 12:52:27 - INFO - ('miFuncionAntesDeLaPeticion() --- este es el endpoint: ', 'static')
09-Feb-25 12:52:27 - INFO - ('miFuncionAntesDeLaPeticion() --- este es el endpoint: ', 'static')
09-Feb-25 12:56:22 - INFO - ('miFuncionAntesDeLaPeticion() --- este es el endpoint: ', 'funcionAdministradorLogin')
09-Feb-25 12:56:22 - INFO - ('miFuncionAntesDeLaPeticion() --- este es el endpoint: ', 'static')
09-Feb-25 12:56:22 - INFO - ('miFuncionAntesDeLaPeticion() --- este es el endpoint: ', 'static')
09-Feb-25 12:56:22 - INFO - ('miFuncionAntesDeLaPeticion() --- este es el endpoint: ', 'static')
09-Feb-25 12:56:22 - INFO - ('miFuncionAntesDeLaPeticion() --- este es el endpoint: ', 'static')
09-Feb-25 12:56:30 - INFO - ('miFuncionAntesDeLaPeticion() --- este es el endpoint: ', 'funcionAdministradorLogin')
09-Feb-25 12:56:30 - INFO - ('miFuncionAntesDeLaPeticion() --- este es el endpoint: ', 'funcionAdministradorHome')
09-Feb-25 12:56:30 - INFO - ('miFuncionAntesDeLaPeticion() --- este es el endpoint: ', 'static')
09-Feb-25 12:56:30 - INFO - ('miFuncionAntesDeLaPeticion() --- este es el endpoint: ', 'static')
09-Feb-25 12:56:30 - INFO - ('miFuncionAntesDeLaPeticion() --- este es el endpoint: ', 'static')
09-Feb-25 13:00:17 - INFO - ('miFuncionAntesDeLaPeticion() --- este es el endpoint: ', 'funcionAdministradorLogin')
09-Feb-25 13:00:17 - INFO - ('miFuncionAntesDeLaPeticion() --- este es el endpoint: ', 'static')
09-Feb-25 13:00:17 - INFO - ('miFuncionAntesDeLaPeticion() --- este es el endpoint: ', 'static')
09-Feb-25 13:00:17 - INFO - ('miFuncionAntesDeLaPeticion() --- este es el endpoint: ', 'static')
09-Feb-25 13:00:22 - INFO - ('miFuncionAntesDeLaPeticion() --- este es el endpoint: ', 'funcionAdministradorLogin')
09-Feb-25 13:00:22 - INFO - ('miFuncionAntesDeLaPeticion() --- este es el endpoint: ', 'funcionAdministradorHome')
09-Feb-25 13:00:23 - INFO - ('miFuncionAntesDeLaPeticion() --- este es el endpoint: ', 'static')
09-Feb-25 13:00:23 - INFO - ('miFuncionAntesDeLaPeticion() --- este es el endpoint: ', 'static')
09-Feb-25 13:00:23 - INFO - ('miFuncionAntesDeLaPeticion() --- este es el endpoint: ', 'static')
09-Feb-25 13:09:13 - INFO - ('miFuncionAntesDeLaPeticion() --- este es el endpoint: ', 'funcion_registrarAsistente')
09-Feb-25 13:09:15 - INFO - The CSRF token is missing.
09-Feb-25 13:11:45 - INFO - ('miFuncionAntesDeLaPeticion() --- este es el endpoint: ', 'funcionAdministradorCerrarSesion')
09-Feb-25 13:11:45 - INFO - ('miFuncionAntesDeLaPeticion() --- este es el endpoint: ', 'funcionAdministradorLogin')
09-Feb-25 13:11:45 - INFO - ('miFuncionAntesDeLaPeticion() --- este es el endpoint: ', 'static')
09-Feb-25 13:11:45 - INFO - ('miFuncionAntesDeLaPeticion() --- este es el endpoint: ', 'static')
09-Feb-25 13:11:45 - INFO - ('miFuncionAntesDeLaPeticion() --- este es el endpoint: ', 'static')
09-Feb-25 13:11:50 - INFO - ('miFuncionAntesDeLaPeticion() --- este es el endpoint: ', 'funcionAdministradorLogin')
09-Feb-25 13:11:50 - INFO - ('miFuncionAntesDeLaPeticion() --- este es el endpoint: ', 'funcionAdministradorHome')
09-Feb-25 13:11:51 - INFO - ('miFuncionAntesDeLaPeticion() --- este es el endpoint: ', 'static')
09-Feb-25 13:11:51 - INFO - ('miFuncionAntesDeLaPeticion() --- este es el endpoint: ', 'static')
09-Feb-25 13:11:51 - INFO - ('miFuncionAntesDeLaPeticion() --- este es el endpoint: ', 'static')
09-Feb-25 13:13:42 - INFO - ('miFuncionAntesDeLaPeticion() --- este es el endpoint: ', 'funcion_registrarAsistente')
09-Feb-25 13:14:17 - INFO - ('miFuncionAntesDeLaPeticion() --- este es el endpoint: ', 'funcion_aceptarRobot')
09-Feb-25 13:27:34 - INFO - The CSRF token is invalid.
09-Feb-25 13:27:42 - INFO - ('miFuncionAntesDeLaPeticion() --- este es el endpoint: ', 'funcion_aceptarRobot')
09-Feb-25 13:27:42 - INFO - ('miFuncionAntesDeLaPeticion() --- este es el endpoint: ', 'funcion_registrarAsistente')
09-Feb-25 13:42:33 - INFO - ('miFuncionAntesDeLaPeticion() --- este es el endpoint: ', 'funcion_registrarAsistente')
09-Feb-25 13:42:35 - INFO - The CSRF token is missing.
09-Feb-25 13:42:46 - INFO - The CSRF token is missing.
09-Feb-25 13:42:47 - INFO - The CSRF token is missing.
09-Feb-25 13:44:58 - INFO - The CSRF token is missing.
09-Feb-25 13:44:59 - INFO - The CSRF token is missing.
09-Feb-25 13:47:21 - INFO - ('miFuncionAntesDeLaPeticion() --- este es el endpoint: ', 'funcion_registrarAsistente')
09-Feb-25 13:47:25 - INFO - The CSRF token is missing.
09-Feb-25 13:55:29 - INFO - ('miFuncionAntesDeLaPeticion() --- este es el endpoint: ', 'funcion_registrarAsistente')
09-Feb-25 13:55:53 - INFO - ('miFuncionAntesDeLaPeticion() --- este es el endpoint: ', 'funcion_registrarAsistente')
09-Feb-25 13:56:41 - INFO - The CSRF session token is missing.
09-Feb-25 13:57:05 - INFO - The CSRF session token is missing.
09-Feb-25 13:58:27 - INFO - The CSRF session token is missing.
09-Feb-25 13:58:47 - INFO - ('miFuncionAntesDeLaPeticion() --- este es el endpoint: ', 'funcion_registrarAsistente')
09-Feb-25 13:59:19 - INFO - The CSRF session token is missing.
09-Feb-25 14:02:39 - INFO - ('miFuncionAntesDeLaPeticion() --- este es el endpoint: ', 'funcion_registrarAsistente')
09-Feb-25 14:03:12 - INFO - The CSRF session token is missing.
09-Feb-25 14:09:25 - INFO - The CSRF session token is missing.
09-Feb-25 14:09:45 - INFO - ('miFuncionAntesDeLaPeticion() --- este es el endpoint: ', 'funcion_registrarAsistente')
09-Feb-25 14:09:52 - INFO - The CSRF session token is missing.
09-Feb-25 14:10:17 - INFO - The CSRF session token is missing.
09-Feb-25 16:08:36 - INFO - ('miFuncionAntesDeLaPeticion() --- este es el endpoint: ', 'funcion_registrarAsistente')
09-Feb-25 16:09:13 - INFO - The CSRF session token is missing.
09-Feb-25 16:19:31 - INFO - ('miFuncionAntesDeLaPeticion() --- este es el endpoint: ', 'funcion_registrarAsistente')
09-Feb-25 16:20:37 - INFO - The CSRF session token is missing.
09-Feb-25 16:23:32 - INFO - The CSRF session token is missing.
09-Feb-25 16:26:38 - INFO - ('miFuncionAntesDeLaPeticion() --- este es el endpoint: ', None)
09-Feb-25 16:29:43 - INFO - ('miFuncionAntesDeLaPeticion() --- este es el endpoint: ', 'funcion_registrarAsistente')
09-Feb-25 16:30:18 - INFO - The CSRF session token is missing.
09-Feb-25 16:31:46 - INFO - The CSRF session token is missing.
09-Feb-25 16:37:46 - INFO - ('miFuncionAntesDeLaPeticion() --- este es el endpoint: ', None)
09-Feb-25 16:39:55 - INFO - ('miFuncionAntesDeLaPeticion() --- este es el endpoint: ', 'funcion_registrarAsistente')
09-Feb-25 16:40:36 - INFO - The CSRF session token is missing.
09-Feb-25 16:40:59 - INFO - ('miFuncionAntesDeLaPeticion() --- este es el endpoint: ', 'get_token')
09-Feb-25 16:41:15 - INFO - ('miFuncionAntesDeLaPeticion() --- este es el endpoint: ', 'get_token')
09-Feb-25 16:41:24 - INFO - ('miFuncionAntesDeLaPeticion() --- este es el endpoint: ', 'get_token')
09-Feb-25 16:41:27 - INFO - ('miFuncionAntesDeLaPeticion() --- este es el endpoint: ', 'get_token')
09-Feb-25 16:41:34 - INFO - ('miFuncionAntesDeLaPeticion() --- este es el endpoint: ', 'get_token')
09-Feb-25 16:42:44 - INFO - ('miFuncionAntesDeLaPeticion() --- este es el endpoint: ', 'funcion_registrarAsistente')
09-Feb-25 16:43:40 - INFO - The CSRF session token is missing.
09-Feb-25 16:48:22 - INFO - ('miFuncionAntesDeLaPeticion() --- este es el endpoint: ', 'funcion_registrarAsistente')
09-Feb-25 16:50:39 - INFO - The CSRF tokens do not match.
09-Feb-25 16:52:03 - INFO - ('miFuncionAntesDeLaPeticion() --- este es el endpoint: ', 'funcion_aceptarRobot')
09-Feb-25 16:52:51 - INFO - ('miFuncionAntesDeLaPeticion() --- este es el endpoint: ', 'funcion_registrarAsistente')
09-Feb-25 16:54:04 - INFO - ('miFuncionAntesDeLaPeticion() --- este es el endpoint: ', 'funcion_aceptarRobot')
09-Feb-25 16:55:03 - INFO - ('miFuncionAntesDeLaPeticion() --- este es el endpoint: ', 'funcion_registrarAsistente')
09-Feb-25 16:55:23 - INFO - ('miFuncionAntesDeLaPeticion() --- este es el endpoint: ', 'funcion_aceptarRobot')
09-Feb-25 17:04:10 - INFO - ('miFuncionAntesDeLaPeticion() --- este es el endpoint: ', 'funcion_registrarAsistente')
09-Feb-25 17:10:11 - INFO - ('miFuncionAntesDeLaPeticion() --- este es el endpoint: ', 'funcion_registrarAsistente')
09-Feb-25 17:23:43 - INFO - ('miFuncionAntesDeLaPeticion() --- este es el endpoint: ', 'funcion_registrarAsistente')
09-Feb-25 17:34:49 - INFO - ('miFuncionAntesDeLaPeticion() --- este es el endpoint: ', 'funcion_registrarAsistente')
09-Feb-25 17:38:05 - INFO - ('miFuncionAntesDeLaPeticion() --- este es el endpoint: ', 'funcion_registrarAsistente')
09-Feb-25 17:38:12 - INFO - The CSRF token is missing.
09-Feb-25 17:42:18 - INFO - ('miFuncionAntesDeLaPeticion() --- este es el endpoint: ', 'funcion_registrarAsistente')
09-Feb-25 17:42:24 - INFO - The CSRF session token is missing.
09-Feb-25 17:48:15 - INFO - ('miFuncionAntesDeLaPeticion() --- este es el endpoint: ', 'funcion_registrarAsistente')
09-Feb-25 17:53:36 - INFO - ('miFuncionAntesDeLaPeticion() --- este es el endpoint: ', 'funcion_registrarAsistente')
09-Feb-25 17:57:32 - INFO - ('miFuncionAntesDeLaPeticion() --- este es el endpoint: ', 'funcion_registrarAsistente')
09-Feb-25 17:57:54 - INFO - ('miFuncionAntesDeLaPeticion() --- este es el endpoint: ', 'funcion_registrarAsistente')
09-Feb-25 17:59:10 - INFO - ('miFuncionAntesDeLaPeticion() --- este es el endpoint: ', 'funcion_registrarAsistente')
09-Feb-25 18:07:18 - INFO - ('miFuncionAntesDeLaPeticion() --- este es el endpoint: ', 'funcion_registrarAsistente')
09-Feb-25 18:07:23 - INFO - The CSRF session token is missing.
09-Feb-25 18:18:22 - INFO - ('miFuncionAntesDeLaPeticion() --- este es el endpoint: ', 'funcion_registrarAsistente')
09-Feb-25 18:18:36 - INFO - ('miFuncionAntesDeLaPeticion() --- este es el endpoint: ', 'funcion_registrarAsistente')
09-Feb-25 18:18:36 - INFO - ('miFuncionAntesDeLaPeticion() --- este es el endpoint: ', None)
09-Feb-25 18:21:08 - INFO - ('miFuncionAntesDeLaPeticion() --- este es el endpoint: ', 'funcion_registrarAsistente')
09-Feb-25 18:21:08 - INFO - ('miFuncionAntesDeLaPeticion() --- este es el endpoint: ', None)
09-Feb-25 18:22:14 - INFO - ('miFuncionAntesDeLaPeticion() --- este es el endpoint: ', 'funcion_registrarAsistente')
09-Feb-25 18:22:32 - INFO - ('miFuncionAntesDeLaPeticion() --- este es el endpoint: ', None)
09-Feb-25 18:22:32 - INFO - ('miFuncionAntesDeLaPeticion() --- este es el endpoint: ', 'funcion_registrarAsistente')
09-Feb-25 18:22:40 - INFO - ('miFuncionAntesDeLaPeticion() --- este es el endpoint: ', 'funcion_registrarAsistente')
09-Feb-25 18:22:40 - INFO - ('miFuncionAntesDeLaPeticion() --- este es el endpoint: ', None)
09-Feb-25 18:24:00 - INFO - ('miFuncionAntesDeLaPeticion() --- este es el endpoint: ', 'funcion_registrarAsistente')
09-Feb-25 18:25:07 - INFO - ('miFuncionAntesDeLaPeticion() --- este es el endpoint: ', 'funcion_registrarAsistente')
09-Feb-25 18:25:09 - INFO - ('miFuncionAntesDeLaPeticion() --- este es el endpoint: ', 'funcion_registrarAsistente')
09-Feb-25 18:25:09 - INFO - ('miFuncionAntesDeLaPeticion() --- este es el endpoint: ', 'funcion_registrarAsistente')
09-Feb-25 18:25:10 - INFO - ('miFuncionAntesDeLaPeticion() --- este es el endpoint: ', 'funcion_registrarAsistente')
09-Feb-25 18:25:10 - INFO - ('miFuncionAntesDeLaPeticion() --- este es el endpoint: ', 'funcion_registrarAsistente')
09-Feb-25 18:26:17 - INFO - ('miFuncionAntesDeLaPeticion() --- este es el endpoint: ', 'funcion_registrarAsistente')
09-Feb-25 18:26:19 - INFO - ('miFuncionAntesDeLaPeticion() --- este es el endpoint: ', 'funcion_registrarAsistente')
09-Feb-25 18:26:19 - INFO - ('miFuncionAntesDeLaPeticion() --- este es el endpoint: ', 'funcion_registrarAsistente')
09-Feb-25 18:26:19 - INFO - ('miFuncionAntesDeLaPeticion() --- este es el endpoint: ', 'funcion_registrarAsistente')
09-Feb-25 18:27:35 - INFO - ('miFuncionAntesDeLaPeticion() --- este es el endpoint: ', 'funcion_registrarAsistente')
09-Feb-25 18:27:36 - INFO - ('miFuncionAntesDeLaPeticion() --- este es el endpoint: ', 'funcion_registrarAsistente')
09-Feb-25 18:27:36 - INFO - ('miFuncionAntesDeLaPeticion() --- este es el endpoint: ', 'funcion_registrarAsistente')
09-Feb-25 18:27:38 - INFO - ('miFuncionAntesDeLaPeticion() --- este es el endpoint: ', 'funcion_registrarAsistente')
09-Feb-25 18:27:38 - INFO - ('miFuncionAntesDeLaPeticion() --- este es el endpoint: ', 'funcion_registrarAsistente')
09-Feb-25 18:27:39 - INFO - ('miFuncionAntesDeLaPeticion() --- este es el endpoint: ', 'funcion_registrarAsistente')
09-Feb-25 18:27:45 - INFO - ('miFuncionAntesDeLaPeticion() --- este es el endpoint: ', 'funcion_registrarAsistente')
09-Feb-25 18:27:46 - INFO - ('miFuncionAntesDeLaPeticion() --- este es el endpoint: ', 'funcion_registrarAsistente')
09-Feb-25 18:27:47 - INFO - ('miFuncionAntesDeLaPeticion() --- este es el endpoint: ', 'funcion_registrarAsistente')
09-Feb-25 18:27:47 - INFO - ('miFuncionAntesDeLaPeticion() --- este es el endpoint: ', 'funcion_registrarAsistente')
09-Feb-25 18:29:14 - INFO - ('miFuncionAntesDeLaPeticion() --- este es el endpoint: ', 'funcion_registrarAsistente')
09-Feb-25 18:29:19 - INFO - The CSRF session token is missing.
09-Feb-25 18:30:34 - INFO - ('miFuncionAntesDeLaPeticion() --- este es el endpoint: ', 'funcion_registrarAsistente')
09-Feb-25 18:30:59 - INFO - ('miFuncionAntesDeLaPeticion() --- este es el endpoint: ', 'funcionAdministradorPanelRobot')
09-Feb-25 18:30:59 - INFO - ('miFuncionAntesDeLaPeticion() --- este es el endpoint: ', 'static')
09-Feb-25 18:30:59 - INFO - ('miFuncionAntesDeLaPeticion() --- este es el endpoint: ', 'static')
09-Feb-25 18:30:59 - INFO - ('miFuncionAntesDeLaPeticion() --- este es el endpoint: ', 'static')
09-Feb-25 18:30:59 - INFO - ('miFuncionAntesDeLaPeticion() --- este es el endpoint: ', 'funcionCapturarImagenRobot')
09-Feb-25 18:30:59 - INFO - ('miFuncionAntesDeLaPeticion() --- este es el endpoint: ', 'static')
09-Feb-25 18:30:59 - INFO - ('miFuncionAntesDeLaPeticion() --- este es el endpoint: ', 'static')
09-Feb-25 18:30:59 - INFO - ('miFuncionAntesDeLaPeticion() --- este es el endpoint: ', 'funcionCapturarImagenRobot')
09-Feb-25 18:30:59 - INFO - ('miFuncionAntesDeLaPeticion() --- este es el endpoint: ', 'funcionCapturarImagenRobot')
09-Feb-25 18:30:59 - INFO - ('miFuncionAntesDeLaPeticion() --- este es el endpoint: ', 'funcionCapturarImagenRobot')
09-Feb-25 18:30:59 - INFO - ('miFuncionAntesDeLaPeticion() --- este es el endpoint: ', 'funcionCapturarImagenRobot')
09-Feb-25 18:30:59 - INFO - ('miFuncionAntesDeLaPeticion() --- este es el endpoint: ', 'static')
09-Feb-25 18:31:01 - INFO - ('miFuncionAntesDeLaPeticion() --- este es el endpoint: ', 'funcionAdministradorHome')
09-Feb-25 18:31:01 - INFO - ('miFuncionAntesDeLaPeticion() --- este es el endpoint: ', 'static')
09-Feb-25 18:31:01 - INFO - ('miFuncionAntesDeLaPeticion() --- este es el endpoint: ', 'static')
09-Feb-25 18:31:02 - INFO - ('miFuncionAntesDeLaPeticion() --- este es el endpoint: ', 'funcionAdministradorPanelEvento')
09-Feb-25 18:31:02 - INFO - ('miFuncionAntesDeLaPeticion() --- este es el endpoint: ', 'static')
09-Feb-25 18:31:02 - INFO - ('miFuncionAntesDeLaPeticion() --- este es el endpoint: ', 'static')
09-Feb-25 18:31:02 - INFO - ('miFuncionAntesDeLaPeticion() --- este es el endpoint: ', 'static')
09-Feb-25 18:31:05 - INFO - ('miFuncionAntesDeLaPeticion() --- este es el endpoint: ', 'funcionAdministradorModificarDatosEvento')
09-Feb-25 18:31:05 - INFO - ('miFuncionAntesDeLaPeticion() --- este es el endpoint: ', 'static')
09-Feb-25 18:31:05 - INFO - ('miFuncionAntesDeLaPeticion() --- este es el endpoint: ', 'static')
09-Feb-25 18:31:05 - INFO - ('miFuncionAntesDeLaPeticion() --- este es el endpoint: ', 'static')
09-Feb-25 18:31:07 - INFO - ('miFuncionAntesDeLaPeticion() --- este es el endpoint: ', 'funcionAdministradorPanelEvento')
09-Feb-25 18:31:07 - INFO - ('miFuncionAntesDeLaPeticion() --- este es el endpoint: ', 'static')
09-Feb-25 18:31:07 - INFO - ('miFuncionAntesDeLaPeticion() --- este es el endpoint: ', 'static')
09-Feb-25 18:31:07 - INFO - ('miFuncionAntesDeLaPeticion() --- este es el endpoint: ', 'static')
09-Feb-25 18:31:08 - INFO - ('miFuncionAntesDeLaPeticion() --- este es el endpoint: ', 'funcionAdministradorModificarRobotsEvento')
09-Feb-25 18:31:09 - INFO - ('miFuncionAntesDeLaPeticion() --- este es el endpoint: ', 'static')
09-Feb-25 18:31:09 - INFO - ('miFuncionAntesDeLaPeticion() --- este es el endpoint: ', 'static')
09-Feb-25 18:31:09 - INFO - ('miFuncionAntesDeLaPeticion() --- este es el endpoint: ', 'static')
09-Feb-25 18:31:09 - INFO - ('miFuncionAntesDeLaPeticion() --- este es el endpoint: ', 'static')
09-Feb-25 18:31:09 - INFO - ('miFuncionAntesDeLaPeticion() --- este es el endpoint: ', 'static')
09-Feb-25 18:31:09 - INFO - ('miFuncionAntesDeLaPeticion() --- este es el endpoint: ', 'static')
09-Feb-25 18:31:09 - INFO - ('miFuncionAntesDeLaPeticion() --- este es el endpoint: ', 'static')
09-Feb-25 18:31:09 - INFO - ('miFuncionAntesDeLaPeticion() --- este es el endpoint: ', 'static')
09-Feb-25 18:31:09 - INFO - ('miFuncionAntesDeLaPeticion() --- este es el endpoint: ', 'static')
09-Feb-25 18:31:09 - INFO - ('miFuncionAntesDeLaPeticion() --- este es el endpoint: ', 'static')
09-Feb-25 18:31:09 - INFO - ('miFuncionAntesDeLaPeticion() --- este es el endpoint: ', 'static')
09-Feb-25 18:31:09 - INFO - ('miFuncionAntesDeLaPeticion() --- este es el endpoint: ', 'static')
09-Feb-25 18:31:10 - INFO - ('miFuncionAntesDeLaPeticion() --- este es el endpoint: ', 'funcionAdministradorPanelRobotModificar')
09-Feb-25 18:31:10 - INFO - ('miFuncionAntesDeLaPeticion() --- este es el endpoint: ', 'static')
09-Feb-25 18:31:10 - INFO - ('miFuncionAntesDeLaPeticion() --- este es el endpoint: ', 'static')
09-Feb-25 18:31:10 - INFO - ('miFuncionAntesDeLaPeticion() --- este es el endpoint: ', 'static')
09-Feb-25 18:31:16 - INFO - ('miFuncionAntesDeLaPeticion() --- este es el endpoint: ', 'funcionAdministradorPanelRobotModificar')
09-Feb-25 18:31:16 - INFO - ('miFuncionAntesDeLaPeticion() --- este es el endpoint: ', 'funcionAdministradorModificarRobotsEvento')
09-Feb-25 18:31:16 - INFO - ('miFuncionAntesDeLaPeticion() --- este es el endpoint: ', 'static')
09-Feb-25 18:31:16 - INFO - ('miFuncionAntesDeLaPeticion() --- este es el endpoint: ', 'static')
09-Feb-25 18:31:16 - INFO - ('miFuncionAntesDeLaPeticion() --- este es el endpoint: ', 'static')
09-Feb-25 18:31:16 - INFO - ('miFuncionAntesDeLaPeticion() --- este es el endpoint: ', 'static')
09-Feb-25 18:31:16 - INFO - ('miFuncionAntesDeLaPeticion() --- este es el endpoint: ', 'static')
09-Feb-25 18:31:16 - INFO - ('miFuncionAntesDeLaPeticion() --- este es el endpoint: ', 'static')
09-Feb-25 18:31:16 - INFO - ('miFuncionAntesDeLaPeticion() --- este es el endpoint: ', 'static')
09-Feb-25 18:31:16 - INFO - ('miFuncionAntesDeLaPeticion() --- este es el endpoint: ', 'static')
09-Feb-25 18:31:16 - INFO - ('miFuncionAntesDeLaPeticion() --- este es el endpoint: ', 'static')
09-Feb-25 18:31:16 - INFO - ('miFuncionAntesDeLaPeticion() --- este es el endpoint: ', 'static')
09-Feb-25 18:31:16 - INFO - ('miFuncionAntesDeLaPeticion() --- este es el endpoint: ', 'static')
09-Feb-25 18:31:33 - INFO - ('miFuncionAntesDeLaPeticion() --- este es el endpoint: ', 'funcion_registrarAsistente')
09-Feb-25 18:31:52 - INFO - ('miFuncionAntesDeLaPeticion() --- este es el endpoint: ', 'funcionAdministradorHome')
09-Feb-25 18:31:52 - INFO - ('miFuncionAntesDeLaPeticion() --- este es el endpoint: ', 'static')
09-Feb-25 18:31:52 - INFO - ('miFuncionAntesDeLaPeticion() --- este es el endpoint: ', 'static')
09-Feb-25 18:31:52 - INFO - ('miFuncionAntesDeLaPeticion() --- este es el endpoint: ', 'funcionAdministradorPanelRobot')
09-Feb-25 18:31:53 - INFO - ('miFuncionAntesDeLaPeticion() --- este es el endpoint: ', 'static')
09-Feb-25 18:31:53 - INFO - ('miFuncionAntesDeLaPeticion() --- este es el endpoint: ', 'funcionCapturarImagenRobot')
09-Feb-25 18:31:53 - INFO - ('miFuncionAntesDeLaPeticion() --- este es el endpoint: ', 'static')
09-Feb-25 18:31:53 - INFO - ('miFuncionAntesDeLaPeticion() --- este es el endpoint: ', 'static')
09-Feb-25 18:31:53 - INFO - ('miFuncionAntesDeLaPeticion() --- este es el endpoint: ', 'static')
09-Feb-25 18:31:53 - INFO - ('miFuncionAntesDeLaPeticion() --- este es el endpoint: ', 'static')
09-Feb-25 18:31:53 - INFO - ('miFuncionAntesDeLaPeticion() --- este es el endpoint: ', 'funcionCapturarImagenRobot')
09-Feb-25 18:31:53 - INFO - ('miFuncionAntesDeLaPeticion() --- este es el endpoint: ', 'funcionCapturarImagenRobot')
09-Feb-25 18:31:53 - INFO - ('miFuncionAntesDeLaPeticion() --- este es el endpoint: ', 'funcionCapturarImagenRobot')
09-Feb-25 18:31:53 - INFO - ('miFuncionAntesDeLaPeticion() --- este es el endpoint: ', 'funcionCapturarImagenRobot')
09-Feb-25 18:31:53 - INFO - ('miFuncionAntesDeLaPeticion() --- este es el endpoint: ', 'static')
09-Feb-25 18:31:54 - INFO - ('miFuncionAntesDeLaPeticion() --- este es el endpoint: ', 'funcionAdministradorPanelRobot')
09-Feb-25 18:31:54 - INFO - ('miFuncionAntesDeLaPeticion() --- este es el endpoint: ', 'static')
09-Feb-25 18:31:54 - INFO - ('miFuncionAntesDeLaPeticion() --- este es el endpoint: ', 'funcionCapturarImagenRobot')
09-Feb-25 18:31:54 - INFO - ('miFuncionAntesDeLaPeticion() --- este es el endpoint: ', 'static')
09-Feb-25 18:31:54 - INFO - ('miFuncionAntesDeLaPeticion() --- este es el endpoint: ', 'static')
09-Feb-25 18:31:54 - INFO - ('miFuncionAntesDeLaPeticion() --- este es el endpoint: ', 'static')
09-Feb-25 18:31:54 - INFO - ('miFuncionAntesDeLaPeticion() --- este es el endpoint: ', 'static')
09-Feb-25 18:31:54 - INFO - ('miFuncionAntesDeLaPeticion() --- este es el endpoint: ', 'funcionCapturarImagenRobot')
09-Feb-25 18:31:54 - INFO - ('miFuncionAntesDeLaPeticion() --- este es el endpoint: ', 'funcionCapturarImagenRobot')
09-Feb-25 18:31:54 - INFO - ('miFuncionAntesDeLaPeticion() --- este es el endpoint: ', 'funcionCapturarImagenRobot')
09-Feb-25 18:31:54 - INFO - ('miFuncionAntesDeLaPeticion() --- este es el endpoint: ', 'funcionCapturarImagenRobot')
09-Feb-25 18:31:54 - INFO - ('miFuncionAntesDeLaPeticion() --- este es el endpoint: ', 'funcionCapturarImagenRobot')
09-Feb-25 18:31:54 - INFO - ('miFuncionAntesDeLaPeticion() --- este es el endpoint: ', 'funcionCapturarImagenRobot')
09-Feb-25 18:31:54 - INFO - ('miFuncionAntesDeLaPeticion() --- este es el endpoint: ', 'funcionCapturarImagenRobot')
09-Feb-25 18:31:55 - INFO - ('miFuncionAntesDeLaPeticion() --- este es el endpoint: ', 'static')
09-Feb-25 18:32:10 - INFO - ('miFuncionAntesDeLaPeticion() --- este es el endpoint: ', 'funcionAdministradorHome')
09-Feb-25 18:32:10 - INFO - ('miFuncionAntesDeLaPeticion() --- este es el endpoint: ', 'static')
09-Feb-25 18:32:10 - INFO - ('miFuncionAntesDeLaPeticion() --- este es el endpoint: ', 'static')
09-Feb-25 18:32:11 - INFO - ('miFuncionAntesDeLaPeticion() --- este es el endpoint: ', 'funcionAdministradorPanelEvento')
09-Feb-25 18:32:11 - INFO - ('miFuncionAntesDeLaPeticion() --- este es el endpoint: ', 'static')
09-Feb-25 18:32:11 - INFO - ('miFuncionAntesDeLaPeticion() --- este es el endpoint: ', 'static')
09-Feb-25 18:32:11 - INFO - ('miFuncionAntesDeLaPeticion() --- este es el endpoint: ', 'static')
09-Feb-25 18:32:19 - INFO - ('miFuncionAntesDeLaPeticion() --- este es el endpoint: ', 'funcionAdministradorModificarRobotsEvento')
09-Feb-25 18:32:19 - INFO - ('miFuncionAntesDeLaPeticion() --- este es el endpoint: ', 'static')
09-Feb-25 18:32:19 - INFO - ('miFuncionAntesDeLaPeticion() --- este es el endpoint: ', 'static')
09-Feb-25 18:32:19 - INFO - ('miFuncionAntesDeLaPeticion() --- este es el endpoint: ', 'static')
09-Feb-25 18:32:19 - INFO - ('miFuncionAntesDeLaPeticion() --- este es el endpoint: ', 'static')
09-Feb-25 18:32:19 - INFO - ('miFuncionAntesDeLaPeticion() --- este es el endpoint: ', 'static')
09-Feb-25 18:32:19 - INFO - ('miFuncionAntesDeLaPeticion() --- este es el endpoint: ', 'static')
09-Feb-25 18:32:19 - INFO - ('miFuncionAntesDeLaPeticion() --- este es el endpoint: ', 'static')
09-Feb-25 18:32:19 - INFO - ('miFuncionAntesDeLaPeticion() --- este es el endpoint: ', 'static')
09-Feb-25 18:32:19 - INFO - ('miFuncionAntesDeLaPeticion() --- este es el endpoint: ', 'static')
09-Feb-25 18:32:19 - INFO - ('miFuncionAntesDeLaPeticion() --- este es el endpoint: ', 'static')
09-Feb-25 18:32:19 - INFO - ('miFuncionAntesDeLaPeticion() --- este es el endpoint: ', 'static')
09-Feb-25 18:32:22 - INFO - ('miFuncionAntesDeLaPeticion() --- este es el endpoint: ', 'funcionAdministradorPanelRobotModificar')
09-Feb-25 18:32:22 - INFO - ('miFuncionAntesDeLaPeticion() --- este es el endpoint: ', 'static')
09-Feb-25 18:32:22 - INFO - ('miFuncionAntesDeLaPeticion() --- este es el endpoint: ', 'static')
09-Feb-25 18:32:22 - INFO - ('miFuncionAntesDeLaPeticion() --- este es el endpoint: ', 'static')
09-Feb-25 18:34:22 - INFO - ('miFuncionAntesDeLaPeticion() --- este es el endpoint: ', 'funcion_registrarAsistente')
09-Feb-25 18:36:36 - INFO - ('miFuncionAntesDeLaPeticion() --- este es el endpoint: ', 'funcion_registrarAsistente')
09-Feb-25 18:37:34 - INFO - ('miFuncionAntesDeLaPeticion() --- este es el endpoint: ', 'funcion_registrarAsistente')
09-Feb-25 18:37:39 - INFO - The CSRF session token is missing.
09-Feb-25 18:47:46 - INFO - ('miFuncionAntesDeLaPeticion() --- este es el endpoint: ', 'funcion_registrarAsistente')
09-Feb-25 18:47:53 - INFO - The CSRF session token is missing.
09-Feb-25 18:48:44 - INFO - ('miFuncionAntesDeLaPeticion() --- este es el endpoint: ', 'funcion_registrarAsistente')
09-Feb-25 18:55:47 - INFO - ('miFuncionAntesDeLaPeticion() --- este es el endpoint: ', 'funcion_registrarAsistente')
09-Feb-25 19:00:47 - INFO - ('miFuncionAntesDeLaPeticion() --- este es el endpoint: ', 'funcion_registrarAsistente')
09-Feb-25 19:02:18 - INFO - ('miFuncionAntesDeLaPeticion() --- este es el endpoint: ', 'funcion_registrarAsistente')
09-Feb-25 19:21:57 - INFO - ('miFuncionAntesDeLaPeticion() --- este es el endpoint: ', 'funcion_registrarAsistente')
09-Feb-25 19:22:21 - INFO - ('miFuncionAntesDeLaPeticion() --- este es el endpoint: ', 'funcion_aceptarRobot')
09-Feb-25 19:22:32 - INFO - ('miFuncionAntesDeLaPeticion() --- este es el endpoint: ', 'funcion_aceptarRobot')
09-Feb-25 19:22:51 - INFO - ('miFuncionAntesDeLaPeticion() --- este es el endpoint: ', 'funcion_registrarAsistente')
09-Feb-25 19:23:08 - INFO - ('miFuncionAntesDeLaPeticion() --- este es el endpoint: ', 'funcion_aceptarRobot')
09-Feb-25 19:23:24 - INFO - ('miFuncionAntesDeLaPeticion() --- este es el endpoint: ', 'funcion_aceptarRobot')
09-Feb-25 19:24:47 - INFO - ('miFuncionAntesDeLaPeticion() --- este es el endpoint: ', 'funcion_aceptarRobot')
09-Feb-25 19:25:23 - INFO - ('miFuncionAntesDeLaPeticion() --- este es el endpoint: ', 'funcion_registrarAsistente')
09-Feb-25 19:25:40 - INFO - ('miFuncionAntesDeLaPeticion() --- este es el endpoint: ', 'funcion_aceptarRobot')
09-Feb-25 19:25:58 - INFO - ('miFuncionAntesDeLaPeticion() --- este es el endpoint: ', 'funcion_aceptarRobot')
09-Feb-25 19:36:47 - INFO - ('miFuncionAntesDeLaPeticion() --- este es el endpoint: ', 'funcion_registrarAsistente')
09-Feb-25 19:37:58 - INFO - ('miFuncionAntesDeLaPeticion() --- este es el endpoint: ', 'funcion_registrarAsistente')
09-Feb-25 19:38:04 - INFO - The CSRF session token is missing.
09-Feb-25 19:40:49 - INFO - ('miFuncionAntesDeLaPeticion() --- este es el endpoint: ', 'funcion_registrarAsistente')
09-Feb-25 19:40:54 - INFO - The CSRF session token is missing.
09-Feb-25 19:41:18 - INFO - ('miFuncionAntesDeLaPeticion() --- este es el endpoint: ', 'funcion_registrarAsistente')
09-Feb-25 19:56:32 - INFO - ('miFuncionAntesDeLaPeticion() --- este es el endpoint: ', 'funcion_registrarAsistente')
09-Feb-25 19:57:49 - INFO - ('miFuncionAntesDeLaPeticion() --- este es el endpoint: ', 'funcion_registrarAsistente')
09-Feb-25 19:57:56 - INFO - ('miFuncionAntesDeLaPeticion() --- este es el endpoint: ', 'funcion_registrarAsistente')
09-Feb-25 19:57:59 - INFO - ('miFuncionAntesDeLaPeticion() --- este es el endpoint: ', 'funcion_registrarAsistente')
09-Feb-25 19:58:00 - INFO - ('miFuncionAntesDeLaPeticion() --- este es el endpoint: ', 'funcion_registrarAsistente')
09-Feb-25 19:58:01 - INFO - ('miFuncionAntesDeLaPeticion() --- este es el endpoint: ', 'funcion_registrarAsistente')
09-Feb-25 19:58:01 - INFO - ('miFuncionAntesDeLaPeticion() --- este es el endpoint: ', 'funcion_registrarAsistente')
09-Feb-25 19:58:02 - INFO - ('miFuncionAntesDeLaPeticion() --- este es el endpoint: ', 'funcion_registrarAsistente')
09-Feb-25 20:01:42 - INFO - ('miFuncionAntesDeLaPeticion() --- este es el endpoint: ', 'funcion_registrarAsistente')
09-Feb-25 20:02:40 - INFO - ('miFuncionAntesDeLaPeticion() --- este es el endpoint: ', 'funcion_registrarAsistente')
09-Feb-25 20:03:39 - INFO - ('miFuncionAntesDeLaPeticion() --- este es el endpoint: ', 'funcion_registrarAsistente')
09-Feb-25 20:06:46 - INFO - ('miFuncionAntesDeLaPeticion() --- este es el endpoint: ', 'funcion_registrarAsistente')
10-Feb-25 09:13:04 - INFO - ('miFuncionAntesDeLaPeticion() --- este es el endpoint: ', None)
10-Feb-25 09:13:08 - INFO - ('miFuncionAntesDeLaPeticion() --- este es el endpoint: ', 'funcionAdministradorLogin')
10-Feb-25 09:13:08 - INFO - ('miFuncionAntesDeLaPeticion() --- este es el endpoint: ', 'static')
10-Feb-25 09:13:08 - INFO - ('miFuncionAntesDeLaPeticion() --- este es el endpoint: ', 'static')
10-Feb-25 09:13:08 - INFO - ('miFuncionAntesDeLaPeticion() --- este es el endpoint: ', 'static')
10-Feb-25 09:13:12 - INFO - ('miFuncionAntesDeLaPeticion() --- este es el endpoint: ', 'funcionAdministradorLogin')
10-Feb-25 09:13:13 - INFO - ('miFuncionAntesDeLaPeticion() --- este es el endpoint: ', 'funcionAdministradorHome')
10-Feb-25 09:13:13 - INFO - ('miFuncionAntesDeLaPeticion() --- este es el endpoint: ', 'static')
10-Feb-25 09:13:13 - INFO - ('miFuncionAntesDeLaPeticion() --- este es el endpoint: ', 'static')
10-Feb-25 09:13:13 - INFO - ('miFuncionAntesDeLaPeticion() --- este es el endpoint: ', 'static')
10-Feb-25 09:13:14 - INFO - ('miFuncionAntesDeLaPeticion() --- este es el endpoint: ', 'funcionAdministradorPanelEvento')
10-Feb-25 09:13:14 - INFO - ('miFuncionAntesDeLaPeticion() --- este es el endpoint: ', 'static')
10-Feb-25 09:13:14 - INFO - ('miFuncionAntesDeLaPeticion() --- este es el endpoint: ', 'static')
10-Feb-25 09:13:14 - INFO - ('miFuncionAntesDeLaPeticion() --- este es el endpoint: ', 'static')
10-Feb-25 09:13:19 - INFO - ('miFuncionAntesDeLaPeticion() --- este es el endpoint: ', 'funcionGenerarCodigoQR')
10-Feb-25 09:45:07 - INFO - ('miFuncionAntesDeLaPeticion() --- este es el endpoint: ', 'funcion_registrarAsistente')
10-Feb-25 09:50:55 - INFO - ('miFuncionAntesDeLaPeticion() --- este es el endpoint: ', 'funcion_registrarAsistente')
10-Feb-25 10:03:00 - INFO - ('miFuncionAntesDeLaPeticion() --- este es el endpoint: ', 'funcion_registrarAsistente')
10-Feb-25 10:18:31 - INFO - ('miFuncionAntesDeLaPeticion() --- este es el endpoint: ', 'funcion_registrarAsistente')
10-Feb-25 10:21:58 - INFO - ('miFuncionAntesDeLaPeticion() --- este es el endpoint: ', 'funcion_registrarAsistente')
10-Feb-25 13:15:31 - INFO - ('miFuncionAntesDeLaPeticion() --- este es el endpoint: ', None)
10-Feb-25 13:15:34 - INFO - ('miFuncionAntesDeLaPeticion() --- este es el endpoint: ', 'funcionAdministradorLogin')
10-Feb-25 13:15:34 - INFO - ('miFuncionAntesDeLaPeticion() --- este es el endpoint: ', 'static')
10-Feb-25 13:15:34 - INFO - ('miFuncionAntesDeLaPeticion() --- este es el endpoint: ', 'static')
10-Feb-25 13:15:34 - INFO - ('miFuncionAntesDeLaPeticion() --- este es el endpoint: ', 'static')
10-Feb-25 13:15:37 - INFO - ('miFuncionAntesDeLaPeticion() --- este es el endpoint: ', 'funcionAdministradorLogin')
10-Feb-25 13:15:38 - INFO - ('miFuncionAntesDeLaPeticion() --- este es el endpoint: ', 'funcionAdministradorHome')
10-Feb-25 13:15:38 - INFO - ('miFuncionAntesDeLaPeticion() --- este es el endpoint: ', 'static')
10-Feb-25 13:15:38 - INFO - ('miFuncionAntesDeLaPeticion() --- este es el endpoint: ', 'static')
10-Feb-25 13:15:38 - INFO - ('miFuncionAntesDeLaPeticion() --- este es el endpoint: ', 'static')
10-Feb-25 13:15:39 - INFO - ('miFuncionAntesDeLaPeticion() --- este es el endpoint: ', 'funcionAdministradorPanelEvento')
10-Feb-25 13:15:39 - INFO - ('miFuncionAntesDeLaPeticion() --- este es el endpoint: ', 'static')
10-Feb-25 13:15:39 - INFO - ('miFuncionAntesDeLaPeticion() --- este es el endpoint: ', 'static')
10-Feb-25 13:15:39 - INFO - ('miFuncionAntesDeLaPeticion() --- este es el endpoint: ', 'static')
10-Feb-25 13:15:42 - INFO - ('miFuncionAntesDeLaPeticion() --- este es el endpoint: ', 'funcionGenerarCodigoQR')
10-Feb-25 13:20:58 - INFO - ('miFuncionAntesDeLaPeticion() --- este es el endpoint: ', 'funcionAdministradorLogin')
10-Feb-25 13:20:58 - INFO - ('miFuncionAntesDeLaPeticion() --- este es el endpoint: ', 'static')
10-Feb-25 13:20:58 - INFO - ('miFuncionAntesDeLaPeticion() --- este es el endpoint: ', 'static')
10-Feb-25 13:20:58 - INFO - ('miFuncionAntesDeLaPeticion() --- este es el endpoint: ', 'static')
10-Feb-25 13:21:01 - INFO - ('miFuncionAntesDeLaPeticion() --- este es el endpoint: ', 'funcionAdministradorLogin')
10-Feb-25 13:21:01 - INFO - ('miFuncionAntesDeLaPeticion() --- este es el endpoint: ', 'funcionAdministradorHome')
10-Feb-25 13:21:01 - INFO - ('miFuncionAntesDeLaPeticion() --- este es el endpoint: ', 'static')
10-Feb-25 13:21:01 - INFO - ('miFuncionAntesDeLaPeticion() --- este es el endpoint: ', 'static')
10-Feb-25 13:21:01 - INFO - ('miFuncionAntesDeLaPeticion() --- este es el endpoint: ', 'static')
10-Feb-25 13:21:06 - INFO - ('miFuncionAntesDeLaPeticion() --- este es el endpoint: ', 'funcionAdministradorPanelEvento')
10-Feb-25 13:21:06 - INFO - ('miFuncionAntesDeLaPeticion() --- este es el endpoint: ', 'static')
10-Feb-25 13:21:06 - INFO - ('miFuncionAntesDeLaPeticion() --- este es el endpoint: ', 'static')
10-Feb-25 13:21:06 - INFO - ('miFuncionAntesDeLaPeticion() --- este es el endpoint: ', 'static')
10-Feb-25 13:21:10 - INFO - ('miFuncionAntesDeLaPeticion() --- este es el endpoint: ', 'funcionGenerarCodigoQR')
10-Feb-25 13:21:48 - INFO - ('miFuncionAntesDeLaPeticion() --- este es el endpoint: ', 'funcion_registrarAsistente')
10-Feb-25 13:24:59 - INFO - ('miFuncionAntesDeLaPeticion() --- este es el endpoint: ', 'funcion_registrarAsistente')
10-Feb-25 19:05:26 - INFO - ('miFuncionAntesDeLaPeticion() --- este es el endpoint: ', 'funcionAdministradorLogin')
10-Feb-25 19:05:26 - INFO - ('miFuncionAntesDeLaPeticion() --- este es el endpoint: ', 'static')
10-Feb-25 19:05:26 - INFO - ('miFuncionAntesDeLaPeticion() --- este es el endpoint: ', 'static')
10-Feb-25 19:05:26 - INFO - ('miFuncionAntesDeLaPeticion() --- este es el endpoint: ', 'static')
10-Feb-25 19:05:29 - INFO - ('miFuncionAntesDeLaPeticion() --- este es el endpoint: ', 'funcionAdministradorLogin')
10-Feb-25 19:05:29 - INFO - ('miFuncionAntesDeLaPeticion() --- este es el endpoint: ', 'funcionAdministradorHome')
10-Feb-25 19:05:29 - INFO - ('miFuncionAntesDeLaPeticion() --- este es el endpoint: ', 'static')
10-Feb-25 19:05:29 - INFO - ('miFuncionAntesDeLaPeticion() --- este es el endpoint: ', 'static')
10-Feb-25 19:05:29 - INFO - ('miFuncionAntesDeLaPeticion() --- este es el endpoint: ', 'static')
10-Feb-25 19:05:30 - INFO - ('miFuncionAntesDeLaPeticion() --- este es el endpoint: ', 'funcionAdministradorPanelEvento')
10-Feb-25 19:05:30 - INFO - ('miFuncionAntesDeLaPeticion() --- este es el endpoint: ', 'static')
10-Feb-25 19:05:30 - INFO - ('miFuncionAntesDeLaPeticion() --- este es el endpoint: ', 'static')
10-Feb-25 19:05:30 - INFO - ('miFuncionAntesDeLaPeticion() --- este es el endpoint: ', 'static')
10-Feb-25 19:05:37 - INFO - ('miFuncionAntesDeLaPeticion() --- este es el endpoint: ', 'funcionGenerarCodigoQR')
10-Feb-25 19:05:50 - INFO - ('miFuncionAntesDeLaPeticion() --- este es el endpoint: ', 'funcionGenerarCodigoQR')
10-Feb-25 19:05:59 - INFO - ('miFuncionAntesDeLaPeticion() --- este es el endpoint: ', 'funcionGenerarCodigoQR')
11-Feb-25 09:14:47 - INFO - ('miFuncionAntesDeLaPeticion() --- este es el endpoint: ', None)
11-Feb-25 09:14:53 - INFO - ('miFuncionAntesDeLaPeticion() --- este es el endpoint: ', 'funcionAdministradorLogin')
11-Feb-25 09:14:53 - INFO - ('miFuncionAntesDeLaPeticion() --- este es el endpoint: ', 'static')
11-Feb-25 09:14:53 - INFO - ('miFuncionAntesDeLaPeticion() --- este es el endpoint: ', 'static')
11-Feb-25 09:14:53 - INFO - ('miFuncionAntesDeLaPeticion() --- este es el endpoint: ', 'static')
11-Feb-25 09:14:56 - INFO - ('miFuncionAntesDeLaPeticion() --- este es el endpoint: ', 'funcionAdministradorLogin')
11-Feb-25 09:14:56 - INFO - ('miFuncionAntesDeLaPeticion() --- este es el endpoint: ', 'funcionAdministradorHome')
11-Feb-25 09:14:56 - INFO - ('miFuncionAntesDeLaPeticion() --- este es el endpoint: ', 'static')
11-Feb-25 09:14:56 - INFO - ('miFuncionAntesDeLaPeticion() --- este es el endpoint: ', 'static')
11-Feb-25 09:14:56 - INFO - ('miFuncionAntesDeLaPeticion() --- este es el endpoint: ', 'static')
11-Feb-25 09:17:48 - INFO - ('miFuncionAntesDeLaPeticion() --- este es el endpoint: ', 'funcion_registrarAsistente')
11-Feb-25 09:43:03 - INFO - ('miFuncionAntesDeLaPeticion() --- este es el endpoint: ', 'funcionAdministradorPanelEvento')
11-Feb-25 09:43:03 - INFO - ('miFuncionAntesDeLaPeticion() --- este es el endpoint: ', 'static')
11-Feb-25 09:43:03 - INFO - ('miFuncionAntesDeLaPeticion() --- este es el endpoint: ', 'static')
11-Feb-25 09:43:03 - INFO - ('miFuncionAntesDeLaPeticion() --- este es el endpoint: ', 'static')
11-Feb-25 09:43:03 - INFO - ('miFuncionAntesDeLaPeticion() --- este es el endpoint: ', 'static')
11-Feb-25 16:15:02 - INFO - ('miFuncionAntesDeLaPeticion() --- este es el endpoint: ', None)
11-Feb-25 16:15:06 - INFO - ('miFuncionAntesDeLaPeticion() --- este es el endpoint: ', 'funcionAdministradorLogin')
11-Feb-25 16:15:06 - INFO - ('miFuncionAntesDeLaPeticion() --- este es el endpoint: ', 'static')
11-Feb-25 16:15:06 - INFO - ('miFuncionAntesDeLaPeticion() --- este es el endpoint: ', 'static')
11-Feb-25 16:15:06 - INFO - ('miFuncionAntesDeLaPeticion() --- este es el endpoint: ', 'static')
11-Feb-25 16:15:11 - INFO - ('miFuncionAntesDeLaPeticion() --- este es el endpoint: ', 'funcionAdministradorLogin')
11-Feb-25 16:15:11 - INFO - ('miFuncionAntesDeLaPeticion() --- este es el endpoint: ', 'funcionAdministradorHome')
11-Feb-25 16:15:11 - INFO - ('miFuncionAntesDeLaPeticion() --- este es el endpoint: ', 'static')
11-Feb-25 16:15:11 - INFO - ('miFuncionAntesDeLaPeticion() --- este es el endpoint: ', 'static')
11-Feb-25 16:15:11 - INFO - ('miFuncionAntesDeLaPeticion() --- este es el endpoint: ', 'static')
11-Feb-25 16:15:13 - INFO - ('miFuncionAntesDeLaPeticion() --- este es el endpoint: ', 'funcionAdministradorPanelEvento')
11-Feb-25 16:15:13 - INFO - ('miFuncionAntesDeLaPeticion() --- este es el endpoint: ', 'static')
11-Feb-25 16:15:13 - INFO - ('miFuncionAntesDeLaPeticion() --- este es el endpoint: ', 'static')
11-Feb-25 16:15:13 - INFO - ('miFuncionAntesDeLaPeticion() --- este es el endpoint: ', 'static')
11-Feb-25 17:03:08 - INFO - ('miFuncionAntesDeLaPeticion() --- este es el endpoint: ', 'funcion_registrarAsistente')
11-Feb-25 17:09:19 - INFO - ('miFuncionAntesDeLaPeticion() --- este es el endpoint: ', 'funcion_registrarAsistente')
11-Feb-25 17:14:00 - INFO - ('miFuncionAntesDeLaPeticion() --- este es el endpoint: ', 'funcion_registrarAsistente')
11-Feb-25 17:24:08 - INFO - ('miFuncionAntesDeLaPeticion() --- este es el endpoint: ', 'funcion_registrarAsistente')
11-Feb-25 17:58:49 - INFO - ('miFuncionAntesDeLaPeticion() --- este es el endpoint: ', 'funcion_registrarAsistente')
11-Feb-25 17:58:58 - INFO - ('miFuncionAntesDeLaPeticion() --- este es el endpoint: ', 'funcion_registrarAsistente')
11-Feb-25 18:00:34 - INFO - ('miFuncionAntesDeLaPeticion() --- este es el endpoint: ', 'funcion_registrarAsistente')
11-Feb-25 18:27:50 - INFO - ('miFuncionAntesDeLaPeticion() --- este es el endpoint: ', 'funcion_registrarAsistente')
11-Feb-25 18:28:47 - INFO - ('miFuncionAntesDeLaPeticion() --- este es el endpoint: ', 'funcion_registrarAsistente')
11-Feb-25 18:30:10 - INFO - ('miFuncionAntesDeLaPeticion() --- este es el endpoint: ', 'funcion_registrarAsistente')
11-Feb-25 18:44:50 - INFO - ('miFuncionAntesDeLaPeticion() --- este es el endpoint: ', 'funcion_registrarAsistente')
11-Feb-25 18:45:46 - INFO - ('miFuncionAntesDeLaPeticion() --- este es el endpoint: ', 'funcion_registrarAsistente')
11-Feb-25 19:07:04 - INFO - ('miFuncionAntesDeLaPeticion() --- este es el endpoint: ', 'funcion_registrarAsistente')
11-Feb-25 19:08:51 - INFO - ('miFuncionAntesDeLaPeticion() --- este es el endpoint: ', 'funcion_registrarAsistente')
11-Feb-25 19:09:36 - INFO - ('miFuncionAntesDeLaPeticion() --- este es el endpoint: ', 'funcion_registrarAsistente')
11-Feb-25 19:11:27 - INFO - ('miFuncionAntesDeLaPeticion() --- este es el endpoint: ', 'funcion_registrarAsistente')
11-Feb-25 19:17:47 - INFO - ('miFuncionAntesDeLaPeticion() --- este es el endpoint: ', 'funcion_registrarAsistente')
15-Feb-25 21:30:02 - INFO - ('miFuncionAntesDeLaPeticion() --- este es el endpoint: ', 'funcionAdministradorLogin')
15-Feb-25 21:30:02 - INFO - ('miFuncionAntesDeLaPeticion() --- este es el endpoint: ', 'static')
15-Feb-25 21:30:02 - INFO - ('miFuncionAntesDeLaPeticion() --- este es el endpoint: ', 'static')
15-Feb-25 21:30:02 - INFO - ('miFuncionAntesDeLaPeticion() --- este es el endpoint: ', 'static')
15-Feb-25 21:30:02 - INFO - ('miFuncionAntesDeLaPeticion() --- este es el endpoint: ', None)
15-Feb-25 21:30:05 - INFO - ('miFuncionAntesDeLaPeticion() --- este es el endpoint: ', 'funcionAdministradorLogin')
15-Feb-25 21:30:05 - INFO - ('miFuncionAntesDeLaPeticion() --- este es el endpoint: ', 'funcionAdministradorHome')
15-Feb-25 21:30:05 - INFO - ('miFuncionAntesDeLaPeticion() --- este es el endpoint: ', 'static')
15-Feb-25 21:30:05 - INFO - ('miFuncionAntesDeLaPeticion() --- este es el endpoint: ', 'static')
15-Feb-25 21:30:06 - INFO - ('miFuncionAntesDeLaPeticion() --- este es el endpoint: ', 'static')
15-Feb-25 21:30:09 - INFO - ('miFuncionAntesDeLaPeticion() --- este es el endpoint: ', 'funcionAdministradorPanelRobot')
15-Feb-25 21:30:09 - INFO - ('miFuncionAntesDeLaPeticion() --- este es el endpoint: ', 'static')
15-Feb-25 21:30:09 - INFO - ('miFuncionAntesDeLaPeticion() --- este es el endpoint: ', 'funcionCapturarImagenRobot')
15-Feb-25 21:30:09 - INFO - ('miFuncionAntesDeLaPeticion() --- este es el endpoint: ', 'static')
15-Feb-25 21:30:09 - INFO - ('miFuncionAntesDeLaPeticion() --- este es el endpoint: ', 'funcionCapturarImagenRobot')
15-Feb-25 21:30:09 - INFO - ('miFuncionAntesDeLaPeticion() --- este es el endpoint: ', 'funcionCapturarImagenRobot')
15-Feb-25 21:30:09 - INFO - ('miFuncionAntesDeLaPeticion() --- este es el endpoint: ', 'static')
15-Feb-25 21:30:09 - INFO - ('miFuncionAntesDeLaPeticion() --- este es el endpoint: ', 'static')
15-Feb-25 21:30:09 - INFO - ('miFuncionAntesDeLaPeticion() --- este es el endpoint: ', 'static')
15-Feb-25 21:30:09 - INFO - ('miFuncionAntesDeLaPeticion() --- este es el endpoint: ', 'funcionCapturarImagenRobot')
15-Feb-25 21:30:09 - INFO - ('miFuncionAntesDeLaPeticion() --- este es el endpoint: ', 'funcionCapturarImagenRobot')
15-Feb-25 21:30:09 - INFO - ('miFuncionAntesDeLaPeticion() --- este es el endpoint: ', 'static')
15-Feb-25 21:30:13 - INFO - ('miFuncionAntesDeLaPeticion() --- este es el endpoint: ', 'funcionAdministradorHome')
15-Feb-25 21:30:13 - INFO - ('miFuncionAntesDeLaPeticion() --- este es el endpoint: ', 'static')
15-Feb-25 21:30:13 - INFO - ('miFuncionAntesDeLaPeticion() --- este es el endpoint: ', 'static')
15-Feb-25 21:30:14 - INFO - ('miFuncionAntesDeLaPeticion() --- este es el endpoint: ', 'funcionAdministradorGestioncuentas')
15-Feb-25 21:30:14 - INFO - ('miFuncionAntesDeLaPeticion() --- este es el endpoint: ', 'static')
15-Feb-25 21:30:14 - INFO - ('miFuncionAntesDeLaPeticion() --- este es el endpoint: ', 'static')
15-Feb-25 21:30:15 - INFO - ('miFuncionAntesDeLaPeticion() --- este es el endpoint: ', 'funcionAdministradorHome')
15-Feb-25 21:30:15 - INFO - ('miFuncionAntesDeLaPeticion() --- este es el endpoint: ', 'static')
15-Feb-25 21:30:15 - INFO - ('miFuncionAntesDeLaPeticion() --- este es el endpoint: ', 'static')
15-Feb-25 21:30:15 - INFO - ('miFuncionAntesDeLaPeticion() --- este es el endpoint: ', 'funcionAdministradorPanelEvento')
15-Feb-25 21:30:15 - INFO - ('miFuncionAntesDeLaPeticion() --- este es el endpoint: ', 'static')
15-Feb-25 21:30:15 - INFO - ('miFuncionAntesDeLaPeticion() --- este es el endpoint: ', 'static')
15-Feb-25 21:30:15 - INFO - ('miFuncionAntesDeLaPeticion() --- este es el endpoint: ', 'static')
15-Feb-25 21:30:25 - INFO - ('miFuncionAntesDeLaPeticion() --- este es el endpoint: ', 'funcionGenerarCodigoQR')
15-Feb-25 21:59:51 - INFO - ('miFuncionAntesDeLaPeticion() --- este es el endpoint: ', 'funcionAdministradorLogin')
15-Feb-25 21:59:51 - INFO - ('miFuncionAntesDeLaPeticion() --- este es el endpoint: ', 'static')
15-Feb-25 21:59:51 - INFO - ('miFuncionAntesDeLaPeticion() --- este es el endpoint: ', 'static')
15-Feb-25 21:59:51 - INFO - ('miFuncionAntesDeLaPeticion() --- este es el endpoint: ', 'static')
15-Feb-25 21:59:54 - INFO - ('miFuncionAntesDeLaPeticion() --- este es el endpoint: ', 'funcionAdministradorLogin')
15-Feb-25 21:59:55 - INFO - ('miFuncionAntesDeLaPeticion() --- este es el endpoint: ', 'funcionAdministradorHome')
15-Feb-25 21:59:55 - INFO - ('miFuncionAntesDeLaPeticion() --- este es el endpoint: ', 'static')
15-Feb-25 21:59:55 - INFO - ('miFuncionAntesDeLaPeticion() --- este es el endpoint: ', 'static')
15-Feb-25 21:59:55 - INFO - ('miFuncionAntesDeLaPeticion() --- este es el endpoint: ', 'static')
15-Feb-25 21:59:56 - INFO - ('miFuncionAntesDeLaPeticion() --- este es el endpoint: ', 'funcionAdministradorPanelEvento')
15-Feb-25 21:59:56 - INFO - ('miFuncionAntesDeLaPeticion() --- este es el endpoint: ', 'static')
15-Feb-25 21:59:56 - INFO - ('miFuncionAntesDeLaPeticion() --- este es el endpoint: ', 'static')
15-Feb-25 21:59:56 - INFO - ('miFuncionAntesDeLaPeticion() --- este es el endpoint: ', 'static')
15-Feb-25 22:00:04 - INFO - ('miFuncionAntesDeLaPeticion() --- este es el endpoint: ', 'funcionGenerarCodigoQR')
16-Feb-25 13:13:51 - INFO - ('miFuncionAntesDeLaPeticion() --- este es el endpoint: ', 'funcionAdministradorLogin')
16-Feb-25 13:13:51 - INFO - ('miFuncionAntesDeLaPeticion() --- este es el endpoint: ', 'static')
16-Feb-25 13:13:51 - INFO - ('miFuncionAntesDeLaPeticion() --- este es el endpoint: ', 'static')
16-Feb-25 13:13:51 - INFO - ('miFuncionAntesDeLaPeticion() --- este es el endpoint: ', 'static')
16-Feb-25 13:13:51 - INFO - ('miFuncionAntesDeLaPeticion() --- este es el endpoint: ', None)
16-Feb-25 13:13:56 - INFO - ('miFuncionAntesDeLaPeticion() --- este es el endpoint: ', 'funcionAdministradorLogin')
16-Feb-25 13:13:56 - INFO - ('miFuncionAntesDeLaPeticion() --- este es el endpoint: ', 'funcionAdministradorHome')
16-Feb-25 13:13:56 - INFO - ('miFuncionAntesDeLaPeticion() --- este es el endpoint: ', 'static')
16-Feb-25 13:13:56 - INFO - ('miFuncionAntesDeLaPeticion() --- este es el endpoint: ', 'static')
16-Feb-25 13:13:57 - INFO - ('miFuncionAntesDeLaPeticion() --- este es el endpoint: ', 'static')
16-Feb-25 13:13:58 - INFO - ('miFuncionAntesDeLaPeticion() --- este es el endpoint: ', 'funcionAdministradorPanelEvento')
16-Feb-25 13:13:58 - INFO - ('miFuncionAntesDeLaPeticion() --- este es el endpoint: ', 'static')
16-Feb-25 13:13:58 - INFO - ('miFuncionAntesDeLaPeticion() --- este es el endpoint: ', 'static')
16-Feb-25 13:13:58 - INFO - ('miFuncionAntesDeLaPeticion() --- este es el endpoint: ', 'static')
16-Feb-25 13:14:04 - INFO - ('miFuncionAntesDeLaPeticion() --- este es el endpoint: ', 'funcionGenerarCodigoQR')
16-Feb-25 13:39:57 - INFO - ('miFuncionAntesDeLaPeticion() --- este es el endpoint: ', None)
16-Feb-25 13:40:06 - INFO - ('miFuncionAntesDeLaPeticion() --- este es el endpoint: ', None)
16-Feb-25 13:40:25 - INFO - ('miFuncionAntesDeLaPeticion() --- este es el endpoint: ', None)
16-Feb-25 13:42:37 - INFO - ('miFuncionAntesDeLaPeticion() --- este es el endpoint: ', None)
16-Feb-25 13:44:23 - INFO - ('miFuncionAntesDeLaPeticion() --- este es el endpoint: ', 'funcionAdministradorLogin')
16-Feb-25 13:44:23 - INFO - ('miFuncionAntesDeLaPeticion() --- este es el endpoint: ', 'static')
16-Feb-25 13:44:23 - INFO - ('miFuncionAntesDeLaPeticion() --- este es el endpoint: ', 'static')
16-Feb-25 13:44:23 - INFO - ('miFuncionAntesDeLaPeticion() --- este es el endpoint: ', 'static')
16-Feb-25 13:44:40 - INFO - ('miFuncionAntesDeLaPeticion() --- este es el endpoint: ', None)
16-Feb-25 13:46:08 - INFO - ('miFuncionAntesDeLaPeticion() --- este es el endpoint: ', 'funcionAdministradorLogin')
16-Feb-25 13:46:08 - INFO - ('miFuncionAntesDeLaPeticion() --- este es el endpoint: ', 'static')
16-Feb-25 13:46:08 - INFO - ('miFuncionAntesDeLaPeticion() --- este es el endpoint: ', 'static')
16-Feb-25 13:46:08 - INFO - ('miFuncionAntesDeLaPeticion() --- este es el endpoint: ', 'static')
16-Feb-25 13:46:14 - INFO - ('miFuncionAntesDeLaPeticion() --- este es el endpoint: ', 'funcionAdministradorLogin')
16-Feb-25 13:46:14 - INFO - ('miFuncionAntesDeLaPeticion() --- este es el endpoint: ', 'funcionAdministradorHome')
16-Feb-25 13:46:14 - INFO - ('miFuncionAntesDeLaPeticion() --- este es el endpoint: ', 'static')
16-Feb-25 13:46:14 - INFO - ('miFuncionAntesDeLaPeticion() --- este es el endpoint: ', 'static')
16-Feb-25 13:46:14 - INFO - ('miFuncionAntesDeLaPeticion() --- este es el endpoint: ', 'static')
16-Feb-25 13:46:22 - INFO - ('miFuncionAntesDeLaPeticion() --- este es el endpoint: ', 'funcionAdministradorPanelRobot')
16-Feb-25 13:46:22 - INFO - ('miFuncionAntesDeLaPeticion() --- este es el endpoint: ', 'static')
16-Feb-25 13:46:22 - INFO - ('miFuncionAntesDeLaPeticion() --- este es el endpoint: ', 'static')
16-Feb-25 13:46:22 - INFO - ('miFuncionAntesDeLaPeticion() --- este es el endpoint: ', 'static')
16-Feb-25 13:46:22 - INFO - ('miFuncionAntesDeLaPeticion() --- este es el endpoint: ', 'static')
16-Feb-25 13:46:22 - INFO - ('miFuncionAntesDeLaPeticion() --- este es el endpoint: ', 'funcionCapturarImagenRobot')
16-Feb-25 13:46:22 - INFO - ('miFuncionAntesDeLaPeticion() --- este es el endpoint: ', 'static')
16-Feb-25 13:46:22 - INFO - ('miFuncionAntesDeLaPeticion() --- este es el endpoint: ', 'funcionCapturarImagenRobot')
16-Feb-25 13:46:22 - INFO - ('miFuncionAntesDeLaPeticion() --- este es el endpoint: ', 'funcionCapturarImagenRobot')
16-Feb-25 13:46:22 - INFO - ('miFuncionAntesDeLaPeticion() --- este es el endpoint: ', 'funcionCapturarImagenRobot')
16-Feb-25 13:46:22 - INFO - ('miFuncionAntesDeLaPeticion() --- este es el endpoint: ', 'funcionCapturarImagenRobot')
16-Feb-25 13:46:22 - INFO - ('miFuncionAntesDeLaPeticion() --- este es el endpoint: ', 'static')
16-Feb-25 13:46:30 - INFO - ('miFuncionAntesDeLaPeticion() --- este es el endpoint: ', None)
16-Feb-25 13:46:43 - INFO - ('miFuncionAntesDeLaPeticion() --- este es el endpoint: ', None)
16-Feb-25 13:46:44 - INFO - ('miFuncionAntesDeLaPeticion() --- este es el endpoint: ', 'static')
16-Feb-25 13:46:44 - INFO - ('miFuncionAntesDeLaPeticion() --- este es el endpoint: ', 'static')
16-Feb-25 13:46:44 - INFO - ('miFuncionAntesDeLaPeticion() --- este es el endpoint: ', None)
16-Feb-25 13:47:23 - INFO - ('miFuncionAntesDeLaPeticion() --- este es el endpoint: ', 'funcionAdministradorHome')
16-Feb-25 13:47:23 - INFO - ('miFuncionAntesDeLaPeticion() --- este es el endpoint: ', 'static')
16-Feb-25 13:47:23 - INFO - ('miFuncionAntesDeLaPeticion() --- este es el endpoint: ', 'static')
16-Feb-25 13:47:24 - INFO - ('miFuncionAntesDeLaPeticion() --- este es el endpoint: ', 'funcionAdministradorPanelEvento')
16-Feb-25 13:47:24 - INFO - ('miFuncionAntesDeLaPeticion() --- este es el endpoint: ', 'static')
16-Feb-25 13:47:24 - INFO - ('miFuncionAntesDeLaPeticion() --- este es el endpoint: ', 'static')
16-Feb-25 13:47:24 - INFO - ('miFuncionAntesDeLaPeticion() --- este es el endpoint: ', 'static')
16-Feb-25 13:48:22 - INFO - ('miFuncionAntesDeLaPeticion() --- este es el endpoint: ', 'funcionAdministradorLogin')
16-Feb-25 13:48:22 - INFO - ('miFuncionAntesDeLaPeticion() --- este es el endpoint: ', 'static')
16-Feb-25 13:48:22 - INFO - ('miFuncionAntesDeLaPeticion() --- este es el endpoint: ', 'static')
16-Feb-25 13:48:22 - INFO - ('miFuncionAntesDeLaPeticion() --- este es el endpoint: ', 'static')
16-Feb-25 13:48:27 - INFO - ('miFuncionAntesDeLaPeticion() --- este es el endpoint: ', 'funcionAdministradorLogin')
16-Feb-25 13:48:27 - INFO - ('miFuncionAntesDeLaPeticion() --- este es el endpoint: ', 'funcionAdministradorHome')
16-Feb-25 13:48:27 - INFO - ('miFuncionAntesDeLaPeticion() --- este es el endpoint: ', 'static')
16-Feb-25 13:48:27 - INFO - ('miFuncionAntesDeLaPeticion() --- este es el endpoint: ', 'static')
16-Feb-25 13:48:27 - INFO - ('miFuncionAntesDeLaPeticion() --- este es el endpoint: ', 'static')
16-Feb-25 13:48:29 - INFO - ('miFuncionAntesDeLaPeticion() --- este es el endpoint: ', 'funcionAdministradorPanelEvento')
16-Feb-25 13:48:29 - INFO - ('miFuncionAntesDeLaPeticion() --- este es el endpoint: ', 'static')
16-Feb-25 13:48:29 - INFO - ('miFuncionAntesDeLaPeticion() --- este es el endpoint: ', 'static')
16-Feb-25 13:48:29 - INFO - ('miFuncionAntesDeLaPeticion() --- este es el endpoint: ', 'static')
16-Feb-25 13:48:35 - INFO - ('miFuncionAntesDeLaPeticion() --- este es el endpoint: ', 'funcion_registrarAsistente')
16-Feb-25 13:49:06 - INFO - ('miFuncionAntesDeLaPeticion() --- este es el endpoint: ', 'funcion_registrarAsistente')
16-Feb-25 13:49:38 - INFO - ('miFuncionAntesDeLaPeticion() --- este es el endpoint: ', 'funcion_registrarAsistente')
16-Feb-25 13:50:01 - INFO - ('miFuncionAntesDeLaPeticion() --- este es el endpoint: ', None)
16-Feb-25 13:50:07 - INFO - ('miFuncionAntesDeLaPeticion() --- este es el endpoint: ', None)
16-Feb-25 13:50:29 - INFO - ('miFuncionAntesDeLaPeticion() --- este es el endpoint: ', None)
16-Feb-25 13:50:29 - INFO - ('miFuncionAntesDeLaPeticion() --- este es el endpoint: ', 'static')
16-Feb-25 13:50:29 - INFO - ('miFuncionAntesDeLaPeticion() --- este es el endpoint: ', 'static')
16-Feb-25 13:50:33 - INFO - ('miFuncionAntesDeLaPeticion() --- este es el endpoint: ', 'funcion_registrarAsistente')
16-Feb-25 13:53:22 - INFO - ('miFuncionAntesDeLaPeticion() --- este es el endpoint: ', 'funcion_registrarAsistente')
16-Feb-25 13:58:50 - INFO - ('miFuncionAntesDeLaPeticion() --- este es el endpoint: ', 'funcionAdministradorLogin')
16-Feb-25 13:58:50 - INFO - ('miFuncionAntesDeLaPeticion() --- este es el endpoint: ', 'static')
16-Feb-25 13:58:50 - INFO - ('miFuncionAntesDeLaPeticion() --- este es el endpoint: ', 'static')
16-Feb-25 13:58:50 - INFO - ('miFuncionAntesDeLaPeticion() --- este es el endpoint: ', 'static')
16-Feb-25 13:59:00 - INFO - ('miFuncionAntesDeLaPeticion() --- este es el endpoint: ', 'funcionAdministradorLogin')
16-Feb-25 13:59:00 - INFO - ('miFuncionAntesDeLaPeticion() --- este es el endpoint: ', 'funcionAdministradorHome')
16-Feb-25 13:59:00 - INFO - ('miFuncionAntesDeLaPeticion() --- este es el endpoint: ', 'static')
16-Feb-25 13:59:00 - INFO - ('miFuncionAntesDeLaPeticion() --- este es el endpoint: ', 'static')
16-Feb-25 13:59:00 - INFO - ('miFuncionAntesDeLaPeticion() --- este es el endpoint: ', 'static')
16-Feb-25 13:59:02 - INFO - ('miFuncionAntesDeLaPeticion() --- este es el endpoint: ', 'funcionAdministradorPanelEvento')
16-Feb-25 13:59:02 - INFO - ('miFuncionAntesDeLaPeticion() --- este es el endpoint: ', 'static')
16-Feb-25 13:59:02 - INFO - ('miFuncionAntesDeLaPeticion() --- este es el endpoint: ', 'static')
16-Feb-25 13:59:02 - INFO - ('miFuncionAntesDeLaPeticion() --- este es el endpoint: ', 'static')
16-Feb-25 13:59:04 - INFO - ('miFuncionAntesDeLaPeticion() --- este es el endpoint: ', 'funcionGenerarCodigoQR')
16-Feb-25 13:59:35 - INFO - ('miFuncionAntesDeLaPeticion() --- este es el endpoint: ', 'funcion_registrarAsistente')
16-Feb-25 13:59:35 - INFO - ('miFuncionAntesDeLaPeticion() --- este es el endpoint: ', 'funcion_registrarAsistente')
16-Feb-25 13:59:35 - INFO - ('miFuncionAntesDeLaPeticion() --- este es el endpoint: ', 'funcion_registrarAsistente')
16-Feb-25 13:59:35 - INFO - ('miFuncionAntesDeLaPeticion() --- este es el endpoint: ', 'funcion_registrarAsistente')
16-Feb-25 13:59:35 - INFO - ('miFuncionAntesDeLaPeticion() --- este es el endpoint: ', 'funcion_registrarAsistente')
16-Feb-25 13:59:36 - INFO - ('miFuncionAntesDeLaPeticion() --- este es el endpoint: ', 'funcion_registrarAsistente')
16-Feb-25 13:59:36 - INFO - ('miFuncionAntesDeLaPeticion() --- este es el endpoint: ', 'funcion_registrarAsistente')
16-Feb-25 13:59:39 - INFO - ('miFuncionAntesDeLaPeticion() --- este es el endpoint: ', 'funcion_registrarAsistente')
16-Feb-25 13:59:58 - INFO - ('miFuncionAntesDeLaPeticion() --- este es el endpoint: ', 'funcionGenerarCodigoQR')
16-Feb-25 14:00:29 - INFO - ('miFuncionAntesDeLaPeticion() --- este es el endpoint: ', 'funcion_registrarAsistente')
16-Feb-25 14:05:31 - INFO - ('miFuncionAntesDeLaPeticion() --- este es el endpoint: ', 'funcion_registrarAsistente')
16-Feb-25 14:12:36 - INFO - ('miFuncionAntesDeLaPeticion() --- este es el endpoint: ', 'funcion_registrarAsistente')
16-Feb-25 14:15:52 - INFO - ('miFuncionAntesDeLaPeticion() --- este es el endpoint: ', 'funcion_registrarAsistente')
16-Feb-25 14:18:07 - INFO - ('miFuncionAntesDeLaPeticion() --- este es el endpoint: ', 'funcion_registrarAsistente')
16-Feb-25 14:20:08 - INFO - ('miFuncionAntesDeLaPeticion() --- este es el endpoint: ', 'funcion_registrarAsistente')
16-Feb-25 14:25:56 - INFO - ('miFuncionAntesDeLaPeticion() --- este es el endpoint: ', 'funcion_registrarAsistente')
16-Feb-25 14:26:32 - INFO - ('miFuncionAntesDeLaPeticion() --- este es el endpoint: ', 'funcion_registrarAsistente')
16-Feb-25 14:27:03 - INFO - ('miFuncionAntesDeLaPeticion() --- este es el endpoint: ', 'funcion_registrarAsistente')
16-Feb-25 14:28:26 - INFO - ('miFuncionAntesDeLaPeticion() --- este es el endpoint: ', 'funcion_registrarAsistente')
16-Feb-25 14:28:48 - INFO - ('miFuncionAntesDeLaPeticion() --- este es el endpoint: ', 'funcionAdministradorHome')
16-Feb-25 14:28:48 - INFO - ('miFuncionAntesDeLaPeticion() --- este es el endpoint: ', 'static')
16-Feb-25 14:28:48 - INFO - ('miFuncionAntesDeLaPeticion() --- este es el endpoint: ', 'static')
16-Feb-25 14:28:49 - INFO - ('miFuncionAntesDeLaPeticion() --- este es el endpoint: ', 'funcionAdministradorPanelRobot')
16-Feb-25 14:28:49 - INFO - ('miFuncionAntesDeLaPeticion() --- este es el endpoint: ', 'static')
16-Feb-25 14:28:49 - INFO - ('miFuncionAntesDeLaPeticion() --- este es el endpoint: ', 'static')
16-Feb-25 14:28:49 - INFO - ('miFuncionAntesDeLaPeticion() --- este es el endpoint: ', 'static')
16-Feb-25 14:28:49 - INFO - ('miFuncionAntesDeLaPeticion() --- este es el endpoint: ', 'static')
16-Feb-25 14:28:49 - INFO - ('miFuncionAntesDeLaPeticion() --- este es el endpoint: ', 'funcionCapturarImagenRobot')
16-Feb-25 14:28:49 - INFO - ('miFuncionAntesDeLaPeticion() --- este es el endpoint: ', 'static')
16-Feb-25 14:28:49 - INFO - ('miFuncionAntesDeLaPeticion() --- este es el endpoint: ', 'funcionCapturarImagenRobot')
16-Feb-25 14:28:49 - INFO - ('miFuncionAntesDeLaPeticion() --- este es el endpoint: ', 'funcionCapturarImagenRobot')
16-Feb-25 14:28:49 - INFO - ('miFuncionAntesDeLaPeticion() --- este es el endpoint: ', 'funcionCapturarImagenRobot')
16-Feb-25 14:28:49 - INFO - ('miFuncionAntesDeLaPeticion() --- este es el endpoint: ', 'funcionCapturarImagenRobot')
16-Feb-25 14:28:49 - INFO - ('miFuncionAntesDeLaPeticion() --- este es el endpoint: ', 'static')
16-Feb-25 14:36:38 - INFO - ('miFuncionAntesDeLaPeticion() --- este es el endpoint: ', 'funcion_registrarAsistente')
16-Feb-25 14:38:36 - INFO - ('miFuncionAntesDeLaPeticion() --- este es el endpoint: ', 'funcion_registrarAsistente')
16-Feb-25 14:39:44 - INFO - ('miFuncionAntesDeLaPeticion() --- este es el endpoint: ', 'funcion_registrarAsistente')
16-Feb-25 17:19:24 - INFO - ('miFuncionAntesDeLaPeticion() --- este es el endpoint: ', 'funcionAdministradorLogin')
16-Feb-25 17:19:24 - INFO - ('miFuncionAntesDeLaPeticion() --- este es el endpoint: ', 'static')
16-Feb-25 17:19:24 - INFO - ('miFuncionAntesDeLaPeticion() --- este es el endpoint: ', 'static')
16-Feb-25 17:19:24 - INFO - ('miFuncionAntesDeLaPeticion() --- este es el endpoint: ', 'static')
16-Feb-25 17:19:27 - INFO - ('miFuncionAntesDeLaPeticion() --- este es el endpoint: ', 'funcionAdministradorLogin')
16-Feb-25 17:19:27 - INFO - ('miFuncionAntesDeLaPeticion() --- este es el endpoint: ', 'funcionAdministradorHome')
16-Feb-25 17:19:27 - INFO - ('miFuncionAntesDeLaPeticion() --- este es el endpoint: ', 'static')
16-Feb-25 17:19:27 - INFO - ('miFuncionAntesDeLaPeticion() --- este es el endpoint: ', 'static')
16-Feb-25 17:19:27 - INFO - ('miFuncionAntesDeLaPeticion() --- este es el endpoint: ', 'static')
16-Feb-25 17:19:28 - INFO - ('miFuncionAntesDeLaPeticion() --- este es el endpoint: ', 'funcionAdministradorPanelEvento')
16-Feb-25 17:19:28 - INFO - ('miFuncionAntesDeLaPeticion() --- este es el endpoint: ', 'static')
16-Feb-25 17:19:28 - INFO - ('miFuncionAntesDeLaPeticion() --- este es el endpoint: ', 'static')
16-Feb-25 17:19:28 - INFO - ('miFuncionAntesDeLaPeticion() --- este es el endpoint: ', 'static')
16-Feb-25 17:19:35 - INFO - ('miFuncionAntesDeLaPeticion() --- este es el endpoint: ', 'funcionGenerarCodigoQR')
16-Feb-25 17:20:05 - INFO - ('miFuncionAntesDeLaPeticion() --- este es el endpoint: ', 'funcion_registrarAsistente')
16-Feb-25 17:20:05 - INFO - ('miFuncionAntesDeLaPeticion() --- este es el endpoint: ', 'funcion_registrarAsistente')
16-Feb-25 17:20:41 - INFO - ('miFuncionAntesDeLaPeticion() --- este es el endpoint: ', 'funcion_registrarAsistente')
16-Feb-25 17:21:07 - INFO - ('miFuncionAntesDeLaPeticion() --- este es el endpoint: ', 'funcion_registrarAsistente')
16-Feb-25 17:21:49 - INFO - ('miFuncionAntesDeLaPeticion() --- este es el endpoint: ', 'funcion_registrarAsistente')
17-Feb-25 08:21:24 - INFO - ('miFuncionAntesDeLaPeticion() --- este es el endpoint: ', 'funcionAdministradorLogin')
17-Feb-25 08:21:24 - INFO - ('miFuncionAntesDeLaPeticion() --- este es el endpoint: ', 'static')
17-Feb-25 08:21:24 - INFO - ('miFuncionAntesDeLaPeticion() --- este es el endpoint: ', 'static')
17-Feb-25 08:21:24 - INFO - ('miFuncionAntesDeLaPeticion() --- este es el endpoint: ', 'static')
17-Feb-25 08:21:24 - INFO - ('miFuncionAntesDeLaPeticion() --- este es el endpoint: ', None)
17-Feb-25 08:21:28 - INFO - ('miFuncionAntesDeLaPeticion() --- este es el endpoint: ', 'funcionAdministradorLogin')
17-Feb-25 08:21:28 - INFO - ('miFuncionAntesDeLaPeticion() --- este es el endpoint: ', 'funcionAdministradorLogin')
17-Feb-25 08:21:28 - INFO - ('miFuncionAntesDeLaPeticion() --- este es el endpoint: ', 'funcionAdministradorHome')
17-Feb-25 08:21:28 - INFO - ('miFuncionAntesDeLaPeticion() --- este es el endpoint: ', 'static')
17-Feb-25 08:21:28 - INFO - ('miFuncionAntesDeLaPeticion() --- este es el endpoint: ', 'static')
17-Feb-25 08:21:28 - INFO - ('miFuncionAntesDeLaPeticion() --- este es el endpoint: ', 'static')
17-Feb-25 08:21:35 - INFO - ('miFuncionAntesDeLaPeticion() --- este es el endpoint: ', 'funcionAdministradorPanelEvento')
17-Feb-25 08:21:35 - INFO - ('miFuncionAntesDeLaPeticion() --- este es el endpoint: ', 'static')
17-Feb-25 08:21:35 - INFO - ('miFuncionAntesDeLaPeticion() --- este es el endpoint: ', 'static')
17-Feb-25 08:21:35 - INFO - ('miFuncionAntesDeLaPeticion() --- este es el endpoint: ', 'static')
17-Feb-25 08:22:40 - INFO - ('miFuncionAntesDeLaPeticion() --- este es el endpoint: ', 'funcionAdministradorModificarRobotsEvento')
17-Feb-25 08:22:40 - INFO - ('miFuncionAntesDeLaPeticion() --- este es el endpoint: ', 'static')
17-Feb-25 08:22:40 - INFO - ('miFuncionAntesDeLaPeticion() --- este es el endpoint: ', 'static')
17-Feb-25 08:22:40 - INFO - ('miFuncionAntesDeLaPeticion() --- este es el endpoint: ', 'static')
17-Feb-25 08:22:40 - INFO - ('miFuncionAntesDeLaPeticion() --- este es el endpoint: ', 'static')
17-Feb-25 08:22:40 - INFO - ('miFuncionAntesDeLaPeticion() --- este es el endpoint: ', 'static')
17-Feb-25 08:22:40 - INFO - ('miFuncionAntesDeLaPeticion() --- este es el endpoint: ', 'static')
17-Feb-25 08:22:40 - INFO - ('miFuncionAntesDeLaPeticion() --- este es el endpoint: ', 'static')
17-Feb-25 08:22:40 - INFO - ('miFuncionAntesDeLaPeticion() --- este es el endpoint: ', 'static')
17-Feb-25 08:22:40 - INFO - ('miFuncionAntesDeLaPeticion() --- este es el endpoint: ', 'static')
17-Feb-25 08:22:40 - INFO - ('miFuncionAntesDeLaPeticion() --- este es el endpoint: ', 'static')
17-Feb-25 08:22:40 - INFO - ('miFuncionAntesDeLaPeticion() --- este es el endpoint: ', 'static')
17-Feb-25 08:22:40 - INFO - ('miFuncionAntesDeLaPeticion() --- este es el endpoint: ', 'static')
17-Feb-25 08:23:03 - INFO - ('miFuncionAntesDeLaPeticion() --- este es el endpoint: ', 'funcion_registrarAsistente')
17-Feb-25 08:23:29 - INFO - ('miFuncionAntesDeLaPeticion() --- este es el endpoint: ', 'funcionAdministradorHome')
17-Feb-25 08:23:29 - INFO - ('miFuncionAntesDeLaPeticion() --- este es el endpoint: ', 'static')
17-Feb-25 08:23:29 - INFO - ('miFuncionAntesDeLaPeticion() --- este es el endpoint: ', 'static')
17-Feb-25 08:23:31 - INFO - ('miFuncionAntesDeLaPeticion() --- este es el endpoint: ', 'funcionAdministradorPanelEvento')
17-Feb-25 08:23:31 - INFO - ('miFuncionAntesDeLaPeticion() --- este es el endpoint: ', 'static')
17-Feb-25 08:23:31 - INFO - ('miFuncionAntesDeLaPeticion() --- este es el endpoint: ', 'static')
17-Feb-25 08:23:31 - INFO - ('miFuncionAntesDeLaPeticion() --- este es el endpoint: ', 'static')
17-Feb-25 08:23:34 - INFO - ('miFuncionAntesDeLaPeticion() --- este es el endpoint: ', 'funcionGenerarCodigoQR')
17-Feb-25 08:24:05 - INFO - ('miFuncionAntesDeLaPeticion() --- este es el endpoint: ', 'funcion_registrarAsistente')
17-Feb-25 08:24:05 - INFO - ('miFuncionAntesDeLaPeticion() --- este es el endpoint: ', 'funcion_registrarAsistente')
17-Feb-25 08:24:52 - INFO - ('miFuncionAntesDeLaPeticion() --- este es el endpoint: ', 'funcion_registrarAsistente')
17-Feb-25 08:25:02 - INFO - The CSRF session token is missing.
17-Feb-25 08:25:05 - INFO - The CSRF session token is missing.
17-Feb-25 08:55:41 - INFO - ('miFuncionAntesDeLaPeticion() --- este es el endpoint: ', 'funcion_registrarAsistente')
17-Feb-25 09:19:14 - INFO - ('miFuncionAntesDeLaPeticion() --- este es el endpoint: ', None)
17-Feb-25 09:19:15 - INFO - ('miFuncionAntesDeLaPeticion() --- este es el endpoint: ', 'funcionAdministradorLogin')
17-Feb-25 09:19:16 - INFO - ('miFuncionAntesDeLaPeticion() --- este es el endpoint: ', 'static')
17-Feb-25 09:19:16 - INFO - ('miFuncionAntesDeLaPeticion() --- este es el endpoint: ', 'static')
17-Feb-25 09:19:16 - INFO - ('miFuncionAntesDeLaPeticion() --- este es el endpoint: ', 'static')
17-Feb-25 09:19:27 - INFO - ('miFuncionAntesDeLaPeticion() --- este es el endpoint: ', 'funcionAdministradorLogin')
17-Feb-25 09:19:27 - INFO - ('miFuncionAntesDeLaPeticion() --- este es el endpoint: ', 'funcionAdministradorHome')
17-Feb-25 09:19:27 - INFO - ('miFuncionAntesDeLaPeticion() --- este es el endpoint: ', 'static')
17-Feb-25 09:19:27 - INFO - ('miFuncionAntesDeLaPeticion() --- este es el endpoint: ', 'static')
17-Feb-25 09:19:27 - INFO - ('miFuncionAntesDeLaPeticion() --- este es el endpoint: ', 'static')
17-Feb-25 09:19:32 - INFO - ('miFuncionAntesDeLaPeticion() --- este es el endpoint: ', 'funcionAdministradorPanelRobot')
17-Feb-25 09:19:32 - INFO - ('miFuncionAntesDeLaPeticion() --- este es el endpoint: ', 'static')
17-Feb-25 09:19:32 - INFO - ('miFuncionAntesDeLaPeticion() --- este es el endpoint: ', 'funcionCapturarImagenRobot')
17-Feb-25 09:19:32 - INFO - ('miFuncionAntesDeLaPeticion() --- este es el endpoint: ', 'static')
17-Feb-25 09:19:32 - INFO - ('miFuncionAntesDeLaPeticion() --- este es el endpoint: ', 'static')
17-Feb-25 09:19:32 - INFO - ('miFuncionAntesDeLaPeticion() --- este es el endpoint: ', 'funcionCapturarImagenRobot')
17-Feb-25 09:19:32 - INFO - ('miFuncionAntesDeLaPeticion() --- este es el endpoint: ', 'static')
17-Feb-25 09:19:32 - INFO - ('miFuncionAntesDeLaPeticion() --- este es el endpoint: ', 'static')
17-Feb-25 09:19:32 - INFO - ('miFuncionAntesDeLaPeticion() --- este es el endpoint: ', 'funcionCapturarImagenRobot')
17-Feb-25 09:19:32 - INFO - ('miFuncionAntesDeLaPeticion() --- este es el endpoint: ', 'funcionCapturarImagenRobot')
17-Feb-25 09:19:32 - INFO - ('miFuncionAntesDeLaPeticion() --- este es el endpoint: ', 'funcionCapturarImagenRobot')
17-Feb-25 09:19:32 - INFO - ('miFuncionAntesDeLaPeticion() --- este es el endpoint: ', 'static')
17-Feb-25 09:19:36 - INFO - ('miFuncionAntesDeLaPeticion() --- este es el endpoint: ', 'funcionAdministradorHome')
17-Feb-25 09:19:36 - INFO - ('miFuncionAntesDeLaPeticion() --- este es el endpoint: ', 'static')
17-Feb-25 09:19:36 - INFO - ('miFuncionAntesDeLaPeticion() --- este es el endpoint: ', 'static')
17-Feb-25 09:19:38 - INFO - ('miFuncionAntesDeLaPeticion() --- este es el endpoint: ', 'funcionAdministradorGestioncuentas')
17-Feb-25 09:19:38 - INFO - ('miFuncionAntesDeLaPeticion() --- este es el endpoint: ', 'static')
17-Feb-25 09:19:38 - INFO - ('miFuncionAntesDeLaPeticion() --- este es el endpoint: ', 'static')
17-Feb-25 09:19:39 - INFO - ('miFuncionAntesDeLaPeticion() --- este es el endpoint: ', 'funcionAdministradorHome')
17-Feb-25 09:19:39 - INFO - ('miFuncionAntesDeLaPeticion() --- este es el endpoint: ', 'static')
17-Feb-25 09:19:39 - INFO - ('miFuncionAntesDeLaPeticion() --- este es el endpoint: ', 'static')
17-Feb-25 09:19:40 - INFO - ('miFuncionAntesDeLaPeticion() --- este es el endpoint: ', 'funcionAdministradorPanelEvento')
17-Feb-25 09:19:40 - INFO - ('miFuncionAntesDeLaPeticion() --- este es el endpoint: ', 'static')
17-Feb-25 09:19:40 - INFO - ('miFuncionAntesDeLaPeticion() --- este es el endpoint: ', 'static')
17-Feb-25 09:19:40 - INFO - ('miFuncionAntesDeLaPeticion() --- este es el endpoint: ', 'static')
17-Feb-25 09:19:49 - INFO - ('miFuncionAntesDeLaPeticion() --- este es el endpoint: ', 'funcionAdministradorModificarRobotsEvento')
17-Feb-25 09:19:50 - INFO - ('miFuncionAntesDeLaPeticion() --- este es el endpoint: ', 'static')
17-Feb-25 09:19:50 - INFO - ('miFuncionAntesDeLaPeticion() --- este es el endpoint: ', 'static')
17-Feb-25 09:19:50 - INFO - ('miFuncionAntesDeLaPeticion() --- este es el endpoint: ', 'static')
17-Feb-25 09:19:50 - INFO - ('miFuncionAntesDeLaPeticion() --- este es el endpoint: ', 'static')
17-Feb-25 09:19:50 - INFO - ('miFuncionAntesDeLaPeticion() --- este es el endpoint: ', 'static')
17-Feb-25 09:19:50 - INFO - ('miFuncionAntesDeLaPeticion() --- este es el endpoint: ', 'static')
17-Feb-25 09:19:50 - INFO - ('miFuncionAntesDeLaPeticion() --- este es el endpoint: ', 'static')
17-Feb-25 09:19:50 - INFO - ('miFuncionAntesDeLaPeticion() --- este es el endpoint: ', 'static')
17-Feb-25 09:19:50 - INFO - ('miFuncionAntesDeLaPeticion() --- este es el endpoint: ', 'static')
17-Feb-25 09:19:50 - INFO - ('miFuncionAntesDeLaPeticion() --- este es el endpoint: ', 'static')
17-Feb-25 09:19:50 - INFO - ('miFuncionAntesDeLaPeticion() --- este es el endpoint: ', 'static')
17-Feb-25 09:19:50 - INFO - ('miFuncionAntesDeLaPeticion() --- este es el endpoint: ', 'static')
17-Feb-25 09:20:00 - INFO - ('miFuncionAntesDeLaPeticion() --- este es el endpoint: ', 'funcionAdministradorHome')
17-Feb-25 09:20:00 - INFO - ('miFuncionAntesDeLaPeticion() --- este es el endpoint: ', 'static')
17-Feb-25 09:20:00 - INFO - ('miFuncionAntesDeLaPeticion() --- este es el endpoint: ', 'static')
17-Feb-25 09:20:01 - INFO - ('miFuncionAntesDeLaPeticion() --- este es el endpoint: ', 'funcionAdministradorCerrarSesion')
17-Feb-25 09:20:01 - INFO - ('miFuncionAntesDeLaPeticion() --- este es el endpoint: ', 'funcionAdministradorLogin')
17-Feb-25 09:20:01 - INFO - ('miFuncionAntesDeLaPeticion() --- este es el endpoint: ', 'static')
17-Feb-25 09:20:01 - INFO - ('miFuncionAntesDeLaPeticion() --- este es el endpoint: ', 'static')
17-Feb-25 09:20:01 - INFO - ('miFuncionAntesDeLaPeticion() --- este es el endpoint: ', 'static')
17-Feb-25 09:20:45 - INFO - ('miFuncionAntesDeLaPeticion() --- este es el endpoint: ', 'funcion_registrarAsistente')
17-Feb-25 09:20:59 - INFO - ('miFuncionAntesDeLaPeticion() --- este es el endpoint: ', 'funcion_registrarAsistente')
17-Feb-25 09:28:43 - INFO - ('miFuncionAntesDeLaPeticion() --- este es el endpoint: ', 'funcionAdministradorLogin')
17-Feb-25 09:28:43 - INFO - ('miFuncionAntesDeLaPeticion() --- este es el endpoint: ', 'funcionAdministradorHome')
17-Feb-25 09:28:43 - INFO - ('miFuncionAntesDeLaPeticion() --- este es el endpoint: ', 'static')
17-Feb-25 09:28:43 - INFO - ('miFuncionAntesDeLaPeticion() --- este es el endpoint: ', 'static')
17-Feb-25 09:28:43 - INFO - ('miFuncionAntesDeLaPeticion() --- este es el endpoint: ', 'static')
17-Feb-25 09:28:45 - INFO - ('miFuncionAntesDeLaPeticion() --- este es el endpoint: ', 'funcionAdministradorCerrarSesion')
17-Feb-25 09:28:45 - INFO - ('miFuncionAntesDeLaPeticion() --- este es el endpoint: ', 'funcionAdministradorLogin')
17-Feb-25 09:28:46 - INFO - ('miFuncionAntesDeLaPeticion() --- este es el endpoint: ', 'static')
17-Feb-25 09:28:46 - INFO - ('miFuncionAntesDeLaPeticion() --- este es el endpoint: ', 'static')
17-Feb-25 09:28:46 - INFO - ('miFuncionAntesDeLaPeticion() --- este es el endpoint: ', 'static')
17-Feb-25 09:32:18 - INFO - ('miFuncionAntesDeLaPeticion() --- este es el endpoint: ', 'funcionAdministradorLogin')
17-Feb-25 09:32:18 - INFO - ('miFuncionAntesDeLaPeticion() --- este es el endpoint: ', 'funcionAdministradorHome')
17-Feb-25 09:32:18 - INFO - ('miFuncionAntesDeLaPeticion() --- este es el endpoint: ', 'static')
17-Feb-25 09:32:18 - INFO - ('miFuncionAntesDeLaPeticion() --- este es el endpoint: ', 'static')
17-Feb-25 09:32:18 - INFO - ('miFuncionAntesDeLaPeticion() --- este es el endpoint: ', 'static')
17-Feb-25 09:32:20 - INFO - ('miFuncionAntesDeLaPeticion() --- este es el endpoint: ', 'funcionAdministradorPanelEvento')
17-Feb-25 09:32:20 - INFO - ('miFuncionAntesDeLaPeticion() --- este es el endpoint: ', 'static')
17-Feb-25 09:32:20 - INFO - ('miFuncionAntesDeLaPeticion() --- este es el endpoint: ', 'static')
17-Feb-25 09:32:20 - INFO - ('miFuncionAntesDeLaPeticion() --- este es el endpoint: ', 'static')
17-Feb-25 09:32:22 - INFO - ('miFuncionAntesDeLaPeticion() --- este es el endpoint: ', 'funcionAdministradorModificarRobotsEvento')
17-Feb-25 09:32:23 - INFO - ('miFuncionAntesDeLaPeticion() --- este es el endpoint: ', 'static')
17-Feb-25 09:32:23 - INFO - ('miFuncionAntesDeLaPeticion() --- este es el endpoint: ', 'static')
17-Feb-25 09:32:23 - INFO - ('miFuncionAntesDeLaPeticion() --- este es el endpoint: ', 'static')
17-Feb-25 09:32:23 - INFO - ('miFuncionAntesDeLaPeticion() --- este es el endpoint: ', 'static')
17-Feb-25 09:32:23 - INFO - ('miFuncionAntesDeLaPeticion() --- este es el endpoint: ', 'static')
17-Feb-25 09:32:23 - INFO - ('miFuncionAntesDeLaPeticion() --- este es el endpoint: ', 'static')
17-Feb-25 09:32:23 - INFO - ('miFuncionAntesDeLaPeticion() --- este es el endpoint: ', 'static')
17-Feb-25 09:32:23 - INFO - ('miFuncionAntesDeLaPeticion() --- este es el endpoint: ', 'static')
17-Feb-25 09:32:23 - INFO - ('miFuncionAntesDeLaPeticion() --- este es el endpoint: ', 'static')
17-Feb-25 09:32:23 - INFO - ('miFuncionAntesDeLaPeticion() --- este es el endpoint: ', 'static')
17-Feb-25 09:32:23 - INFO - ('miFuncionAntesDeLaPeticion() --- este es el endpoint: ', 'static')
17-Feb-25 09:32:23 - INFO - ('miFuncionAntesDeLaPeticion() --- este es el endpoint: ', 'static')
17-Feb-25 09:32:46 - INFO - ('miFuncionAntesDeLaPeticion() --- este es el endpoint: ', 'funcionAdministradorModificarRobotsEvento')
17-Feb-25 09:32:46 - INFO - ('miFuncionAntesDeLaPeticion() --- este es el endpoint: ', 'static')
17-Feb-25 09:32:46 - INFO - ('miFuncionAntesDeLaPeticion() --- este es el endpoint: ', 'static')
17-Feb-25 09:32:46 - INFO - ('miFuncionAntesDeLaPeticion() --- este es el endpoint: ', 'static')
17-Feb-25 09:32:46 - INFO - ('miFuncionAntesDeLaPeticion() --- este es el endpoint: ', 'static')
17-Feb-25 09:32:46 - INFO - ('miFuncionAntesDeLaPeticion() --- este es el endpoint: ', 'static')
17-Feb-25 09:32:46 - INFO - ('miFuncionAntesDeLaPeticion() --- este es el endpoint: ', 'static')
17-Feb-25 09:32:46 - INFO - ('miFuncionAntesDeLaPeticion() --- este es el endpoint: ', 'static')
17-Feb-25 09:32:46 - INFO - ('miFuncionAntesDeLaPeticion() --- este es el endpoint: ', 'static')
17-Feb-25 09:32:46 - INFO - ('miFuncionAntesDeLaPeticion() --- este es el endpoint: ', 'static')
17-Feb-25 09:32:46 - INFO - ('miFuncionAntesDeLaPeticion() --- este es el endpoint: ', 'static')
17-Feb-25 09:32:46 - INFO - ('miFuncionAntesDeLaPeticion() --- este es el endpoint: ', 'static')
17-Feb-25 09:32:59 - INFO - ('miFuncionAntesDeLaPeticion() --- este es el endpoint: ', 'funcionAdministradorHome')
17-Feb-25 09:32:59 - INFO - ('miFuncionAntesDeLaPeticion() --- este es el endpoint: ', 'static')
17-Feb-25 09:32:59 - INFO - ('miFuncionAntesDeLaPeticion() --- este es el endpoint: ', 'static')
17-Feb-25 09:33:00 - INFO - ('miFuncionAntesDeLaPeticion() --- este es el endpoint: ', 'funcionAdministradorCerrarSesion')
17-Feb-25 09:33:00 - INFO - ('miFuncionAntesDeLaPeticion() --- este es el endpoint: ', 'funcionAdministradorLogin')
17-Feb-25 09:33:00 - INFO - ('miFuncionAntesDeLaPeticion() --- este es el endpoint: ', 'static')
17-Feb-25 09:33:00 - INFO - ('miFuncionAntesDeLaPeticion() --- este es el endpoint: ', 'static')
17-Feb-25 09:33:00 - INFO - ('miFuncionAntesDeLaPeticion() --- este es el endpoint: ', 'static')
17-Feb-25 09:37:44 - INFO - ('miFuncionAntesDeLaPeticion() --- este es el endpoint: ', 'funcionAdministradorLogin')
17-Feb-25 09:37:45 - INFO - ('miFuncionAntesDeLaPeticion() --- este es el endpoint: ', 'static')
17-Feb-25 09:37:45 - INFO - ('miFuncionAntesDeLaPeticion() --- este es el endpoint: ', 'static')
17-Feb-25 09:37:45 - INFO - ('miFuncionAntesDeLaPeticion() --- este es el endpoint: ', 'static')
17-Feb-25 09:37:51 - INFO - ('miFuncionAntesDeLaPeticion() --- este es el endpoint: ', 'funcionAdministradorLogin')
17-Feb-25 09:37:51 - INFO - ('miFuncionAntesDeLaPeticion() --- este es el endpoint: ', 'funcionAdministradorHome')
17-Feb-25 09:37:51 - INFO - ('miFuncionAntesDeLaPeticion() --- este es el endpoint: ', 'static')
17-Feb-25 09:37:51 - INFO - ('miFuncionAntesDeLaPeticion() --- este es el endpoint: ', 'static')
17-Feb-25 09:37:51 - INFO - ('miFuncionAntesDeLaPeticion() --- este es el endpoint: ', 'static')
17-Feb-25 09:37:53 - INFO - ('miFuncionAntesDeLaPeticion() --- este es el endpoint: ', 'funcionAdministradorPanelRobot')
17-Feb-25 09:37:53 - INFO - ('miFuncionAntesDeLaPeticion() --- este es el endpoint: ', 'static')
17-Feb-25 09:37:53 - INFO - ('miFuncionAntesDeLaPeticion() --- este es el endpoint: ', 'static')
17-Feb-25 09:37:53 - INFO - ('miFuncionAntesDeLaPeticion() --- este es el endpoint: ', 'static')
17-Feb-25 09:37:53 - INFO - ('miFuncionAntesDeLaPeticion() --- este es el endpoint: ', 'static')
17-Feb-25 09:37:53 - INFO - ('miFuncionAntesDeLaPeticion() --- este es el endpoint: ', 'static')
17-Feb-25 09:37:53 - INFO - ('miFuncionAntesDeLaPeticion() --- este es el endpoint: ', 'funcionCapturarImagenRobot')
17-Feb-25 09:37:53 - INFO - ('miFuncionAntesDeLaPeticion() --- este es el endpoint: ', 'funcionCapturarImagenRobot')
17-Feb-25 09:37:53 - INFO - ('miFuncionAntesDeLaPeticion() --- este es el endpoint: ', 'funcionCapturarImagenRobot')
17-Feb-25 09:37:53 - INFO - ('miFuncionAntesDeLaPeticion() --- este es el endpoint: ', 'funcionCapturarImagenRobot')
17-Feb-25 09:37:53 - INFO - ('miFuncionAntesDeLaPeticion() --- este es el endpoint: ', 'static')
17-Feb-25 09:37:56 - INFO - ('miFuncionAntesDeLaPeticion() --- este es el endpoint: ', 'funcionAdministradorPanelRobot')
17-Feb-25 09:37:56 - INFO - ('miFuncionAntesDeLaPeticion() --- este es el endpoint: ', 'static')
17-Feb-25 09:37:56 - INFO - ('miFuncionAntesDeLaPeticion() --- este es el endpoint: ', 'static')
17-Feb-25 09:37:56 - INFO - ('miFuncionAntesDeLaPeticion() --- este es el endpoint: ', 'static')
17-Feb-25 09:37:56 - INFO - ('miFuncionAntesDeLaPeticion() --- este es el endpoint: ', 'static')
17-Feb-25 09:37:56 - INFO - ('miFuncionAntesDeLaPeticion() --- este es el endpoint: ', 'static')
17-Feb-25 09:37:56 - INFO - ('miFuncionAntesDeLaPeticion() --- este es el endpoint: ', 'funcionCapturarImagenRobot')
17-Feb-25 09:37:56 - INFO - ('miFuncionAntesDeLaPeticion() --- este es el endpoint: ', 'funcionCapturarImagenRobot')
17-Feb-25 09:37:56 - INFO - ('miFuncionAntesDeLaPeticion() --- este es el endpoint: ', 'funcionCapturarImagenRobot')
17-Feb-25 09:37:56 - INFO - ('miFuncionAntesDeLaPeticion() --- este es el endpoint: ', 'funcionCapturarImagenRobot')
17-Feb-25 09:37:56 - INFO - ('miFuncionAntesDeLaPeticion() --- este es el endpoint: ', 'static')
17-Feb-25 09:38:07 - INFO - ('miFuncionAntesDeLaPeticion() --- este es el endpoint: ', 'funcionAdministradorPanelRobot')
17-Feb-25 09:38:07 - INFO - ('miFuncionAntesDeLaPeticion() --- este es el endpoint: ', 'static')
17-Feb-25 09:38:07 - INFO - ('miFuncionAntesDeLaPeticion() --- este es el endpoint: ', 'static')
17-Feb-25 09:38:07 - INFO - ('miFuncionAntesDeLaPeticion() --- este es el endpoint: ', 'static')
17-Feb-25 09:38:07 - INFO - ('miFuncionAntesDeLaPeticion() --- este es el endpoint: ', 'static')
17-Feb-25 09:38:07 - INFO - ('miFuncionAntesDeLaPeticion() --- este es el endpoint: ', 'static')
17-Feb-25 09:38:07 - INFO - ('miFuncionAntesDeLaPeticion() --- este es el endpoint: ', 'funcionCapturarImagenRobot')
17-Feb-25 09:38:07 - INFO - ('miFuncionAntesDeLaPeticion() --- este es el endpoint: ', 'funcionCapturarImagenRobot')
17-Feb-25 09:38:07 - INFO - ('miFuncionAntesDeLaPeticion() --- este es el endpoint: ', 'funcionCapturarImagenRobot')
17-Feb-25 09:38:07 - INFO - ('miFuncionAntesDeLaPeticion() --- este es el endpoint: ', 'funcionCapturarImagenRobot')
17-Feb-25 09:38:07 - INFO - ('miFuncionAntesDeLaPeticion() --- este es el endpoint: ', 'static')
17-Feb-25 09:38:08 - INFO - ('miFuncionAntesDeLaPeticion() --- este es el endpoint: ', 'funcionAdministradorHome')
17-Feb-25 09:38:08 - INFO - ('miFuncionAntesDeLaPeticion() --- este es el endpoint: ', 'static')
17-Feb-25 09:38:08 - INFO - ('miFuncionAntesDeLaPeticion() --- este es el endpoint: ', 'static')
17-Feb-25 09:38:09 - INFO - ('miFuncionAntesDeLaPeticion() --- este es el endpoint: ', 'funcionAdministradorPanelEvento')
17-Feb-25 09:38:09 - INFO - ('miFuncionAntesDeLaPeticion() --- este es el endpoint: ', 'static')
17-Feb-25 09:38:09 - INFO - ('miFuncionAntesDeLaPeticion() --- este es el endpoint: ', 'static')
17-Feb-25 09:38:09 - INFO - ('miFuncionAntesDeLaPeticion() --- este es el endpoint: ', 'static')
17-Feb-25 09:38:11 - INFO - ('miFuncionAntesDeLaPeticion() --- este es el endpoint: ', 'funcionAdministradorModificarRobotsEvento')
17-Feb-25 09:38:12 - INFO - ('miFuncionAntesDeLaPeticion() --- este es el endpoint: ', 'static')
17-Feb-25 09:38:12 - INFO - ('miFuncionAntesDeLaPeticion() --- este es el endpoint: ', 'static')
17-Feb-25 09:38:12 - INFO - ('miFuncionAntesDeLaPeticion() --- este es el endpoint: ', 'static')
17-Feb-25 09:38:12 - INFO - ('miFuncionAntesDeLaPeticion() --- este es el endpoint: ', 'static')
17-Feb-25 09:38:12 - INFO - ('miFuncionAntesDeLaPeticion() --- este es el endpoint: ', 'static')
17-Feb-25 09:38:12 - INFO - ('miFuncionAntesDeLaPeticion() --- este es el endpoint: ', 'static')
17-Feb-25 09:38:12 - INFO - ('miFuncionAntesDeLaPeticion() --- este es el endpoint: ', 'static')
17-Feb-25 09:38:12 - INFO - ('miFuncionAntesDeLaPeticion() --- este es el endpoint: ', 'static')
17-Feb-25 09:38:12 - INFO - ('miFuncionAntesDeLaPeticion() --- este es el endpoint: ', 'static')
17-Feb-25 09:38:12 - INFO - ('miFuncionAntesDeLaPeticion() --- este es el endpoint: ', 'static')
17-Feb-25 09:38:12 - INFO - ('miFuncionAntesDeLaPeticion() --- este es el endpoint: ', 'static')
17-Feb-25 09:38:12 - INFO - ('miFuncionAntesDeLaPeticion() --- este es el endpoint: ', 'static')
17-Feb-25 09:38:21 - INFO - ('miFuncionAntesDeLaPeticion() --- este es el endpoint: ', 'funcionAdministradorModificarRobotsEvento')
17-Feb-25 09:38:22 - INFO - ('miFuncionAntesDeLaPeticion() --- este es el endpoint: ', 'static')
17-Feb-25 09:38:22 - INFO - ('miFuncionAntesDeLaPeticion() --- este es el endpoint: ', 'static')
17-Feb-25 09:38:22 - INFO - ('miFuncionAntesDeLaPeticion() --- este es el endpoint: ', 'static')
17-Feb-25 09:38:22 - INFO - ('miFuncionAntesDeLaPeticion() --- este es el endpoint: ', 'static')
17-Feb-25 09:38:22 - INFO - ('miFuncionAntesDeLaPeticion() --- este es el endpoint: ', 'static')
17-Feb-25 09:38:22 - INFO - ('miFuncionAntesDeLaPeticion() --- este es el endpoint: ', 'static')
17-Feb-25 09:38:22 - INFO - ('miFuncionAntesDeLaPeticion() --- este es el endpoint: ', 'static')
17-Feb-25 09:38:22 - INFO - ('miFuncionAntesDeLaPeticion() --- este es el endpoint: ', 'static')
17-Feb-25 09:38:22 - INFO - ('miFuncionAntesDeLaPeticion() --- este es el endpoint: ', 'static')
17-Feb-25 09:38:22 - INFO - ('miFuncionAntesDeLaPeticion() --- este es el endpoint: ', 'static')
17-Feb-25 09:38:22 - INFO - ('miFuncionAntesDeLaPeticion() --- este es el endpoint: ', 'static')
17-Feb-25 09:38:29 - INFO - ('miFuncionAntesDeLaPeticion() --- este es el endpoint: ', 'funcionAdministradorModificarRobotsEvento')
17-Feb-25 09:38:29 - INFO - ('miFuncionAntesDeLaPeticion() --- este es el endpoint: ', 'static')
17-Feb-25 09:38:29 - INFO - ('miFuncionAntesDeLaPeticion() --- este es el endpoint: ', 'static')
17-Feb-25 09:38:29 - INFO - ('miFuncionAntesDeLaPeticion() --- este es el endpoint: ', 'static')
17-Feb-25 09:38:29 - INFO - ('miFuncionAntesDeLaPeticion() --- este es el endpoint: ', 'static')
17-Feb-25 09:38:29 - INFO - ('miFuncionAntesDeLaPeticion() --- este es el endpoint: ', 'static')
17-Feb-25 09:38:29 - INFO - ('miFuncionAntesDeLaPeticion() --- este es el endpoint: ', 'static')
17-Feb-25 09:38:29 - INFO - ('miFuncionAntesDeLaPeticion() --- este es el endpoint: ', 'static')
17-Feb-25 09:38:29 - INFO - ('miFuncionAntesDeLaPeticion() --- este es el endpoint: ', 'static')
17-Feb-25 09:38:29 - INFO - ('miFuncionAntesDeLaPeticion() --- este es el endpoint: ', 'static')
17-Feb-25 09:38:29 - INFO - ('miFuncionAntesDeLaPeticion() --- este es el endpoint: ', 'static')
17-Feb-25 09:38:29 - INFO - ('miFuncionAntesDeLaPeticion() --- este es el endpoint: ', 'static')
17-Feb-25 09:38:33 - INFO - ('miFuncionAntesDeLaPeticion() --- este es el endpoint: ', 'funcionAdministradorHome')
17-Feb-25 09:38:33 - INFO - ('miFuncionAntesDeLaPeticion() --- este es el endpoint: ', 'static')
17-Feb-25 09:38:33 - INFO - ('miFuncionAntesDeLaPeticion() --- este es el endpoint: ', 'static')
17-Feb-25 09:38:34 - INFO - ('miFuncionAntesDeLaPeticion() --- este es el endpoint: ', 'funcionAdministradorCerrarSesion')
17-Feb-25 09:38:34 - INFO - ('miFuncionAntesDeLaPeticion() --- este es el endpoint: ', 'funcionAdministradorLogin')
17-Feb-25 09:38:35 - INFO - ('miFuncionAntesDeLaPeticion() --- este es el endpoint: ', 'static')
17-Feb-25 09:38:35 - INFO - ('miFuncionAntesDeLaPeticion() --- este es el endpoint: ', 'static')
17-Feb-25 09:38:35 - INFO - ('miFuncionAntesDeLaPeticion() --- este es el endpoint: ', 'static')
17-Feb-25 09:42:34 - INFO - ('miFuncionAntesDeLaPeticion() --- este es el endpoint: ', 'funcion_registrarAsistente')
17-Feb-25 09:42:57 - INFO - ('miFuncionAntesDeLaPeticion() --- este es el endpoint: ', 'funcion_registrarAsistente')
17-Feb-25 10:25:48 - INFO - ('miFuncionAntesDeLaPeticion() --- este es el endpoint: ', 'funcionAdministradorLogin')
17-Feb-25 10:25:48 - INFO - ('miFuncionAntesDeLaPeticion() --- este es el endpoint: ', 'funcionAdministradorHome')
17-Feb-25 10:25:49 - INFO - ('miFuncionAntesDeLaPeticion() --- este es el endpoint: ', 'static')
17-Feb-25 10:25:49 - INFO - ('miFuncionAntesDeLaPeticion() --- este es el endpoint: ', 'static')
17-Feb-25 10:25:49 - INFO - ('miFuncionAntesDeLaPeticion() --- este es el endpoint: ', 'static')
17-Feb-25 10:25:51 - INFO - ('miFuncionAntesDeLaPeticion() --- este es el endpoint: ', 'funcionAdministradorPanelEvento')
17-Feb-25 10:25:51 - INFO - ('miFuncionAntesDeLaPeticion() --- este es el endpoint: ', 'static')
17-Feb-25 10:25:51 - INFO - ('miFuncionAntesDeLaPeticion() --- este es el endpoint: ', 'static')
17-Feb-25 10:25:51 - INFO - ('miFuncionAntesDeLaPeticion() --- este es el endpoint: ', 'static')
17-Feb-25 10:25:56 - INFO - ('miFuncionAntesDeLaPeticion() --- este es el endpoint: ', 'funcionAdministradorModificarRobotsEvento')
17-Feb-25 10:25:56 - INFO - ('miFuncionAntesDeLaPeticion() --- este es el endpoint: ', 'static')
17-Feb-25 10:25:56 - INFO - ('miFuncionAntesDeLaPeticion() --- este es el endpoint: ', 'static')
17-Feb-25 10:25:56 - INFO - ('miFuncionAntesDeLaPeticion() --- este es el endpoint: ', 'static')
17-Feb-25 10:25:56 - INFO - ('miFuncionAntesDeLaPeticion() --- este es el endpoint: ', 'static')
17-Feb-25 10:25:56 - INFO - ('miFuncionAntesDeLaPeticion() --- este es el endpoint: ', 'static')
17-Feb-25 10:25:56 - INFO - ('miFuncionAntesDeLaPeticion() --- este es el endpoint: ', 'static')
17-Feb-25 10:25:56 - INFO - ('miFuncionAntesDeLaPeticion() --- este es el endpoint: ', 'static')
17-Feb-25 10:25:56 - INFO - ('miFuncionAntesDeLaPeticion() --- este es el endpoint: ', 'static')
17-Feb-25 10:25:56 - INFO - ('miFuncionAntesDeLaPeticion() --- este es el endpoint: ', 'static')
17-Feb-25 10:25:56 - INFO - ('miFuncionAntesDeLaPeticion() --- este es el endpoint: ', 'static')
17-Feb-25 10:25:56 - INFO - ('miFuncionAntesDeLaPeticion() --- este es el endpoint: ', 'static')
17-Feb-25 10:25:57 - INFO - ('miFuncionAntesDeLaPeticion() --- este es el endpoint: ', 'static')
17-Feb-25 10:26:15 - INFO - ('miFuncionAntesDeLaPeticion() --- este es el endpoint: ', 'funcionAdministradorModificarRobotsEvento')
17-Feb-25 10:26:15 - INFO - ('miFuncionAntesDeLaPeticion() --- este es el endpoint: ', 'static')
17-Feb-25 10:26:15 - INFO - ('miFuncionAntesDeLaPeticion() --- este es el endpoint: ', 'static')
17-Feb-25 10:26:15 - INFO - ('miFuncionAntesDeLaPeticion() --- este es el endpoint: ', 'static')
17-Feb-25 10:26:15 - INFO - ('miFuncionAntesDeLaPeticion() --- este es el endpoint: ', 'static')
17-Feb-25 10:26:15 - INFO - ('miFuncionAntesDeLaPeticion() --- este es el endpoint: ', 'static')
17-Feb-25 10:26:15 - INFO - ('miFuncionAntesDeLaPeticion() --- este es el endpoint: ', 'static')
17-Feb-25 10:26:15 - INFO - ('miFuncionAntesDeLaPeticion() --- este es el endpoint: ', 'static')
17-Feb-25 10:26:15 - INFO - ('miFuncionAntesDeLaPeticion() --- este es el endpoint: ', 'static')
17-Feb-25 10:26:15 - INFO - ('miFuncionAntesDeLaPeticion() --- este es el endpoint: ', 'static')
17-Feb-25 10:26:15 - INFO - ('miFuncionAntesDeLaPeticion() --- este es el endpoint: ', 'static')
17-Feb-25 10:26:15 - INFO - ('miFuncionAntesDeLaPeticion() --- este es el endpoint: ', 'static')
17-Feb-25 17:18:25 - INFO - ('miFuncionAntesDeLaPeticion() --- este es el endpoint: ', 'funcionAdministradorPanelEvento')
17-Feb-25 17:18:25 - INFO - ('miFuncionAntesDeLaPeticion() --- este es el endpoint: ', 'static')
17-Feb-25 17:18:25 - INFO - ('miFuncionAntesDeLaPeticion() --- este es el endpoint: ', 'static')
17-Feb-25 17:18:25 - INFO - ('miFuncionAntesDeLaPeticion() --- este es el endpoint: ', 'static')
17-Feb-25 17:18:32 - INFO - ('miFuncionAntesDeLaPeticion() --- este es el endpoint: ', 'funcionAdministradorModificarRobotsEvento')
17-Feb-25 17:18:32 - INFO - ('miFuncionAntesDeLaPeticion() --- este es el endpoint: ', 'static')
17-Feb-25 17:18:32 - INFO - ('miFuncionAntesDeLaPeticion() --- este es el endpoint: ', 'static')
17-Feb-25 17:18:32 - INFO - ('miFuncionAntesDeLaPeticion() --- este es el endpoint: ', 'static')
17-Feb-25 17:18:32 - INFO - ('miFuncionAntesDeLaPeticion() --- este es el endpoint: ', 'static')
17-Feb-25 17:18:32 - INFO - ('miFuncionAntesDeLaPeticion() --- este es el endpoint: ', 'static')
17-Feb-25 17:18:32 - INFO - ('miFuncionAntesDeLaPeticion() --- este es el endpoint: ', 'static')
17-Feb-25 17:18:32 - INFO - ('miFuncionAntesDeLaPeticion() --- este es el endpoint: ', 'static')
17-Feb-25 17:18:32 - INFO - ('miFuncionAntesDeLaPeticion() --- este es el endpoint: ', 'static')
17-Feb-25 17:18:32 - INFO - ('miFuncionAntesDeLaPeticion() --- este es el endpoint: ', 'static')
17-Feb-25 17:18:32 - INFO - ('miFuncionAntesDeLaPeticion() --- este es el endpoint: ', 'static')
17-Feb-25 17:18:32 - INFO - ('miFuncionAntesDeLaPeticion() --- este es el endpoint: ', 'static')
17-Feb-25 17:18:38 - INFO - ('miFuncionAntesDeLaPeticion() --- este es el endpoint: ', 'funcionAdministradorHome')
17-Feb-25 17:18:38 - INFO - ('miFuncionAntesDeLaPeticion() --- este es el endpoint: ', 'static')
17-Feb-25 17:18:38 - INFO - ('miFuncionAntesDeLaPeticion() --- este es el endpoint: ', 'static')
17-Feb-25 17:18:42 - INFO - ('miFuncionAntesDeLaPeticion() --- este es el endpoint: ', 'funcionAdministradorCerrarSesion')
17-Feb-25 17:18:42 - INFO - ('miFuncionAntesDeLaPeticion() --- este es el endpoint: ', 'funcionAdministradorLogin')
17-Feb-25 17:18:42 - INFO - ('miFuncionAntesDeLaPeticion() --- este es el endpoint: ', 'static')
17-Feb-25 17:18:42 - INFO - ('miFuncionAntesDeLaPeticion() --- este es el endpoint: ', 'static')
17-Feb-25 17:18:42 - INFO - ('miFuncionAntesDeLaPeticion() --- este es el endpoint: ', 'static')
05-Mar-25 15:20:56 - INFO - ('miFuncionAntesDeLaPeticion() --- este es el endpoint: ', 'funcionAdministradorLogin')
05-Mar-25 15:20:56 - INFO - ('miFuncionAntesDeLaPeticion() --- este es el endpoint: ', 'static')
05-Mar-25 15:20:56 - INFO - ('miFuncionAntesDeLaPeticion() --- este es el endpoint: ', 'static')
05-Mar-25 15:20:56 - INFO - ('miFuncionAntesDeLaPeticion() --- este es el endpoint: ', 'static')
05-Mar-25 15:20:56 - INFO - ('miFuncionAntesDeLaPeticion() --- este es el endpoint: ', None)
05-Mar-25 15:21:01 - INFO - ('miFuncionAntesDeLaPeticion() --- este es el endpoint: ', 'funcionAdministradorLogin')
05-Mar-25 15:21:01 - INFO - ('miFuncionAntesDeLaPeticion() --- este es el endpoint: ', 'funcionAdministradorHome')
05-Mar-25 15:21:01 - INFO - ('miFuncionAntesDeLaPeticion() --- este es el endpoint: ', 'static')
05-Mar-25 15:21:01 - INFO - ('miFuncionAntesDeLaPeticion() --- este es el endpoint: ', 'static')
05-Mar-25 15:21:01 - INFO - ('miFuncionAntesDeLaPeticion() --- este es el endpoint: ', 'static')
05-Mar-25 15:21:09 - INFO - ('miFuncionAntesDeLaPeticion() --- este es el endpoint: ', 'funcionAdministradorPanelEvento')
05-Mar-25 15:21:09 - INFO - ('miFuncionAntesDeLaPeticion() --- este es el endpoint: ', 'static')
05-Mar-25 15:21:09 - INFO - ('miFuncionAntesDeLaPeticion() --- este es el endpoint: ', 'static')
05-Mar-25 15:21:09 - INFO - ('miFuncionAntesDeLaPeticion() --- este es el endpoint: ', 'static')
05-Mar-25 15:21:10 - INFO - ('miFuncionAntesDeLaPeticion() --- este es el endpoint: ', 'funcionAdministradorHome')
05-Mar-25 15:21:10 - INFO - ('miFuncionAntesDeLaPeticion() --- este es el endpoint: ', 'static')
05-Mar-25 15:21:10 - INFO - ('miFuncionAntesDeLaPeticion() --- este es el endpoint: ', 'static')
05-Mar-25 15:21:39 - INFO - ('miFuncionAntesDeLaPeticion() --- este es el endpoint: ', 'funcionAdministradorPanelEvento')
05-Mar-25 15:21:39 - INFO - ('miFuncionAntesDeLaPeticion() --- este es el endpoint: ', 'static')
05-Mar-25 15:21:39 - INFO - ('miFuncionAntesDeLaPeticion() --- este es el endpoint: ', 'static')
05-Mar-25 15:21:39 - INFO - ('miFuncionAntesDeLaPeticion() --- este es el endpoint: ', 'static')
05-Mar-25 15:21:43 - INFO - ('miFuncionAntesDeLaPeticion() --- este es el endpoint: ', 'funcionAdministradorModificarRobotsEvento')
05-Mar-25 15:21:43 - INFO - ('miFuncionAntesDeLaPeticion() --- este es el endpoint: ', 'static')
05-Mar-25 15:21:43 - INFO - ('miFuncionAntesDeLaPeticion() --- este es el endpoint: ', 'static')
05-Mar-25 15:21:43 - INFO - ('miFuncionAntesDeLaPeticion() --- este es el endpoint: ', 'static')
05-Mar-25 15:21:43 - INFO - ('miFuncionAntesDeLaPeticion() --- este es el endpoint: ', 'static')
05-Mar-25 15:21:43 - INFO - ('miFuncionAntesDeLaPeticion() --- este es el endpoint: ', 'static')
05-Mar-25 15:21:43 - INFO - ('miFuncionAntesDeLaPeticion() --- este es el endpoint: ', 'static')
05-Mar-25 15:21:43 - INFO - ('miFuncionAntesDeLaPeticion() --- este es el endpoint: ', 'static')
05-Mar-25 15:21:43 - INFO - ('miFuncionAntesDeLaPeticion() --- este es el endpoint: ', 'static')
05-Mar-25 15:21:43 - INFO - ('miFuncionAntesDeLaPeticion() --- este es el endpoint: ', 'static')
05-Mar-25 15:21:43 - INFO - ('miFuncionAntesDeLaPeticion() --- este es el endpoint: ', 'static')
05-Mar-25 15:21:43 - INFO - ('miFuncionAntesDeLaPeticion() --- este es el endpoint: ', 'static')
05-Mar-25 15:21:43 - INFO - ('miFuncionAntesDeLaPeticion() --- este es el endpoint: ', 'static')
05-Mar-25 15:22:05 - INFO - ('miFuncionAntesDeLaPeticion() --- este es el endpoint: ', 'funcionAdministradorModificarRobotsEvento')
05-Mar-25 15:22:06 - INFO - ('miFuncionAntesDeLaPeticion() --- este es el endpoint: ', 'static')
05-Mar-25 15:22:06 - INFO - ('miFuncionAntesDeLaPeticion() --- este es el endpoint: ', 'static')
05-Mar-25 15:22:06 - INFO - ('miFuncionAntesDeLaPeticion() --- este es el endpoint: ', 'static')
05-Mar-25 15:22:06 - INFO - ('miFuncionAntesDeLaPeticion() --- este es el endpoint: ', 'static')
05-Mar-25 15:22:06 - INFO - ('miFuncionAntesDeLaPeticion() --- este es el endpoint: ', 'static')
05-Mar-25 15:22:06 - INFO - ('miFuncionAntesDeLaPeticion() --- este es el endpoint: ', 'static')
05-Mar-25 15:22:06 - INFO - ('miFuncionAntesDeLaPeticion() --- este es el endpoint: ', 'static')
05-Mar-25 15:22:06 - INFO - ('miFuncionAntesDeLaPeticion() --- este es el endpoint: ', 'static')
05-Mar-25 15:22:06 - INFO - ('miFuncionAntesDeLaPeticion() --- este es el endpoint: ', 'static')
05-Mar-25 15:22:06 - INFO - ('miFuncionAntesDeLaPeticion() --- este es el endpoint: ', 'static')
05-Mar-25 15:22:06 - INFO - ('miFuncionAntesDeLaPeticion() --- este es el endpoint: ', 'static')
05-Mar-25 15:22:12 - INFO - ('miFuncionAntesDeLaPeticion() --- este es el endpoint: ', 'funcionAdministradorPanelEvento')
05-Mar-25 15:22:12 - INFO - ('miFuncionAntesDeLaPeticion() --- este es el endpoint: ', 'static')
05-Mar-25 15:22:12 - INFO - ('miFuncionAntesDeLaPeticion() --- este es el endpoint: ', 'static')
05-Mar-25 15:22:12 - INFO - ('miFuncionAntesDeLaPeticion() --- este es el endpoint: ', 'static')
05-Mar-25 15:22:15 - INFO - ('miFuncionAntesDeLaPeticion() --- este es el endpoint: ', 'funcionAdministradorModificarRobotsEvento')
05-Mar-25 15:22:16 - INFO - ('miFuncionAntesDeLaPeticion() --- este es el endpoint: ', 'static')
05-Mar-25 15:22:16 - INFO - ('miFuncionAntesDeLaPeticion() --- este es el endpoint: ', 'static')
05-Mar-25 15:22:16 - INFO - ('miFuncionAntesDeLaPeticion() --- este es el endpoint: ', 'static')
05-Mar-25 15:22:16 - INFO - ('miFuncionAntesDeLaPeticion() --- este es el endpoint: ', 'static')
05-Mar-25 15:22:16 - INFO - ('miFuncionAntesDeLaPeticion() --- este es el endpoint: ', 'static')
05-Mar-25 15:22:16 - INFO - ('miFuncionAntesDeLaPeticion() --- este es el endpoint: ', 'static')
05-Mar-25 15:22:16 - INFO - ('miFuncionAntesDeLaPeticion() --- este es el endpoint: ', 'static')
05-Mar-25 15:22:16 - INFO - ('miFuncionAntesDeLaPeticion() --- este es el endpoint: ', 'static')
05-Mar-25 15:22:16 - INFO - ('miFuncionAntesDeLaPeticion() --- este es el endpoint: ', 'static')
05-Mar-25 15:22:16 - INFO - ('miFuncionAntesDeLaPeticion() --- este es el endpoint: ', 'static')
05-Mar-25 15:22:16 - INFO - ('miFuncionAntesDeLaPeticion() --- este es el endpoint: ', 'static')
05-Mar-25 15:22:18 - INFO - ('miFuncionAntesDeLaPeticion() --- este es el endpoint: ', 'funcionAdministradorPanelEvento')
05-Mar-25 15:22:18 - INFO - ('miFuncionAntesDeLaPeticion() --- este es el endpoint: ', 'static')
05-Mar-25 15:22:18 - INFO - ('miFuncionAntesDeLaPeticion() --- este es el endpoint: ', 'static')
05-Mar-25 15:22:18 - INFO - ('miFuncionAntesDeLaPeticion() --- este es el endpoint: ', 'static')
05-Mar-25 15:22:20 - INFO - ('miFuncionAntesDeLaPeticion() --- este es el endpoint: ', 'funcionGenerarCodigoQR')
05-Mar-25 15:28:38 - INFO - ('miFuncionAntesDeLaPeticion() --- este es el endpoint: ', 'funcionAdministradorLogin')
05-Mar-25 15:28:38 - INFO - ('miFuncionAntesDeLaPeticion() --- este es el endpoint: ', 'static')
05-Mar-25 15:28:38 - INFO - ('miFuncionAntesDeLaPeticion() --- este es el endpoint: ', 'static')
05-Mar-25 15:28:38 - INFO - ('miFuncionAntesDeLaPeticion() --- este es el endpoint: ', 'static')
05-Mar-25 15:28:41 - INFO - ('miFuncionAntesDeLaPeticion() --- este es el endpoint: ', 'funcionAdministradorLogin')
05-Mar-25 15:28:41 - INFO - ('miFuncionAntesDeLaPeticion() --- este es el endpoint: ', 'funcionAdministradorHome')
05-Mar-25 15:28:41 - INFO - ('miFuncionAntesDeLaPeticion() --- este es el endpoint: ', 'static')
05-Mar-25 15:28:41 - INFO - ('miFuncionAntesDeLaPeticion() --- este es el endpoint: ', 'static')
05-Mar-25 15:28:41 - INFO - ('miFuncionAntesDeLaPeticion() --- este es el endpoint: ', 'static')
05-Mar-25 15:28:43 - INFO - ('miFuncionAntesDeLaPeticion() --- este es el endpoint: ', 'funcionAdministradorPanelEvento')
05-Mar-25 15:28:43 - INFO - ('miFuncionAntesDeLaPeticion() --- este es el endpoint: ', 'static')
05-Mar-25 15:28:43 - INFO - ('miFuncionAntesDeLaPeticion() --- este es el endpoint: ', 'static')
05-Mar-25 15:28:43 - INFO - ('miFuncionAntesDeLaPeticion() --- este es el endpoint: ', 'static')
05-Mar-25 15:28:46 - INFO - ('miFuncionAntesDeLaPeticion() --- este es el endpoint: ', 'funcionGenerarCodigoQR')
05-Mar-25 15:31:23 - INFO - ('miFuncionAntesDeLaPeticion() --- este es el endpoint: ', 'funcionAdministradorLogin')
05-Mar-25 15:31:23 - INFO - ('miFuncionAntesDeLaPeticion() --- este es el endpoint: ', 'static')
05-Mar-25 15:31:23 - INFO - ('miFuncionAntesDeLaPeticion() --- este es el endpoint: ', 'static')
05-Mar-25 15:31:23 - INFO - ('miFuncionAntesDeLaPeticion() --- este es el endpoint: ', 'static')
05-Mar-25 15:31:32 - INFO - ('miFuncionAntesDeLaPeticion() --- este es el endpoint: ', 'funcionAdministradorLogin')
05-Mar-25 15:31:32 - INFO - ('miFuncionAntesDeLaPeticion() --- este es el endpoint: ', 'static')
05-Mar-25 15:31:32 - INFO - ('miFuncionAntesDeLaPeticion() --- este es el endpoint: ', 'static')
05-Mar-25 15:31:32 - INFO - ('miFuncionAntesDeLaPeticion() --- este es el endpoint: ', 'static')
05-Mar-25 15:31:32 - INFO - ('miFuncionAntesDeLaPeticion() --- este es el endpoint: ', None)
05-Mar-25 15:34:20 - INFO - ('miFuncionAntesDeLaPeticion() --- este es el endpoint: ', 'index2')
05-Mar-25 15:34:22 - INFO - ('miFuncionAntesDeLaPeticion() --- este es el endpoint: ', 'funcionAdministradorLogin')
05-Mar-25 15:34:22 - INFO - ('miFuncionAntesDeLaPeticion() --- este es el endpoint: ', 'static')
05-Mar-25 15:34:22 - INFO - ('miFuncionAntesDeLaPeticion() --- este es el endpoint: ', 'static')
05-Mar-25 15:34:22 - INFO - ('miFuncionAntesDeLaPeticion() --- este es el endpoint: ', 'static')
05-Mar-25 15:48:15 - INFO - ('miFuncionAntesDeLaPeticion() --- este es el endpoint: ', 'funcionAdministradorLogin')
05-Mar-25 15:48:15 - INFO - ('miFuncionAntesDeLaPeticion() --- este es el endpoint: ', 'static')
05-Mar-25 15:48:15 - INFO - ('miFuncionAntesDeLaPeticion() --- este es el endpoint: ', 'static')
05-Mar-25 15:48:15 - INFO - ('miFuncionAntesDeLaPeticion() --- este es el endpoint: ', 'static')
05-Mar-25 15:48:15 - INFO - ('miFuncionAntesDeLaPeticion() --- este es el endpoint: ', None)
05-Mar-25 15:48:23 - INFO - ('miFuncionAntesDeLaPeticion() --- este es el endpoint: ', 'funcionAdministradorLogin')
05-Mar-25 15:48:23 - INFO - ('miFuncionAntesDeLaPeticion() --- este es el endpoint: ', 'funcionAdministradorHome')
05-Mar-25 15:48:23 - INFO - ('miFuncionAntesDeLaPeticion() --- este es el endpoint: ', 'static')
05-Mar-25 15:48:23 - INFO - ('miFuncionAntesDeLaPeticion() --- este es el endpoint: ', 'static')
05-Mar-25 15:48:23 - INFO - ('miFuncionAntesDeLaPeticion() --- este es el endpoint: ', 'static')
05-Mar-25 15:48:25 - INFO - ('miFuncionAntesDeLaPeticion() --- este es el endpoint: ', 'funcionAdministradorPanelEvento')
05-Mar-25 15:48:25 - INFO - ('miFuncionAntesDeLaPeticion() --- este es el endpoint: ', 'static')
05-Mar-25 15:48:25 - INFO - ('miFuncionAntesDeLaPeticion() --- este es el endpoint: ', 'static')
05-Mar-25 15:48:25 - INFO - ('miFuncionAntesDeLaPeticion() --- este es el endpoint: ', 'static')
05-Mar-25 15:48:50 - INFO - ('miFuncionAntesDeLaPeticion() --- este es el endpoint: ', 'funcion_registrarAsistente')
05-Mar-25 15:50:03 - INFO - ('miFuncionAntesDeLaPeticion() --- este es el endpoint: ', 'funcion_registrarAsistente')
05-Mar-25 15:51:04 - INFO - ('miFuncionAntesDeLaPeticion() --- este es el endpoint: ', 'funcion_registrarAsistente')
05-Mar-25 15:52:03 - INFO - ('miFuncionAntesDeLaPeticion() --- este es el endpoint: ', 'funcion_registrarAsistente')
05-Mar-25 15:55:22 - INFO - ('miFuncionAntesDeLaPeticion() --- este es el endpoint: ', 'funcion_registrarAsistente')
05-Mar-25 15:57:17 - INFO - ('miFuncionAntesDeLaPeticion() --- este es el endpoint: ', 'funcion_registrarAsistente')
05-Mar-25 15:57:39 - INFO - ('miFuncionAntesDeLaPeticion() --- este es el endpoint: ', 'funcion_registrarAsistente')
05-Mar-25 15:58:22 - INFO - ('miFuncionAntesDeLaPeticion() --- este es el endpoint: ', 'funcion_registrarAsistente')
05-Mar-25 15:59:18 - INFO - ('miFuncionAntesDeLaPeticion() --- este es el endpoint: ', 'funcion_registrarAsistente')
05-Mar-25 15:59:40 - INFO - ('miFuncionAntesDeLaPeticion() --- este es el endpoint: ', 'funcion_registrarAsistente')
05-Mar-25 16:00:35 - INFO - ('miFuncionAntesDeLaPeticion() --- este es el endpoint: ', 'funcion_registrarAsistente')
05-Mar-25 16:01:07 - INFO - ('miFuncionAntesDeLaPeticion() --- este es el endpoint: ', 'funcion_registrarAsistente')
05-Mar-25 16:01:49 - INFO - ('miFuncionAntesDeLaPeticion() --- este es el endpoint: ', 'funcion_registrarAsistente')
05-Mar-25 16:18:50 - INFO - ('miFuncionAntesDeLaPeticion() --- este es el endpoint: ', 'funcion_registrarAsistente')
05-Mar-25 16:19:27 - INFO - ('miFuncionAntesDeLaPeticion() --- este es el endpoint: ', 'funcion_registrarAsistente')
05-Mar-25 16:20:37 - INFO - ('miFuncionAntesDeLaPeticion() --- este es el endpoint: ', 'funcion_registrarAsistente')
05-Mar-25 16:24:43 - INFO - ('miFuncionAntesDeLaPeticion() --- este es el endpoint: ', 'funcion_registrarAsistente')
05-Mar-25 16:26:22 - INFO - ('miFuncionAntesDeLaPeticion() --- este es el endpoint: ', 'funcion_registrarAsistente')
05-Mar-25 16:50:39 - INFO - ('miFuncionAntesDeLaPeticion() --- este es el endpoint: ', 'funcion_registrarAsistente')
05-Mar-25 16:52:56 - INFO - ('miFuncionAntesDeLaPeticion() --- este es el endpoint: ', 'funcion_registrarAsistente')
05-Mar-25 16:53:57 - INFO - ('miFuncionAntesDeLaPeticion() --- este es el endpoint: ', 'funcion_registrarAsistente')
05-Mar-25 17:15:31 - INFO - ('miFuncionAntesDeLaPeticion() --- este es el endpoint: ', 'funcion_registrarAsistente')
05-Mar-25 17:15:57 - INFO - ('miFuncionAntesDeLaPeticion() --- este es el endpoint: ', 'funcionAdministradorHome')
05-Mar-25 17:15:57 - INFO - ('miFuncionAntesDeLaPeticion() --- este es el endpoint: ', 'static')
05-Mar-25 17:15:57 - INFO - ('miFuncionAntesDeLaPeticion() --- este es el endpoint: ', 'static')
05-Mar-25 17:15:57 - INFO - ('miFuncionAntesDeLaPeticion() --- este es el endpoint: ', 'static')
05-Mar-25 17:15:58 - INFO - ('miFuncionAntesDeLaPeticion() --- este es el endpoint: ', 'funcionAdministradorPanelEvento')
05-Mar-25 17:15:58 - INFO - ('miFuncionAntesDeLaPeticion() --- este es el endpoint: ', 'static')
05-Mar-25 17:15:58 - INFO - ('miFuncionAntesDeLaPeticion() --- este es el endpoint: ', 'static')
05-Mar-25 17:15:58 - INFO - ('miFuncionAntesDeLaPeticion() --- este es el endpoint: ', 'static')
05-Mar-25 17:16:06 - INFO - ('miFuncionAntesDeLaPeticion() --- este es el endpoint: ', 'funcionAdministradorModificarRobotsEvento')
05-Mar-25 17:16:06 - INFO - ('miFuncionAntesDeLaPeticion() --- este es el endpoint: ', 'static')
05-Mar-25 17:16:06 - INFO - ('miFuncionAntesDeLaPeticion() --- este es el endpoint: ', 'static')
05-Mar-25 17:16:06 - INFO - ('miFuncionAntesDeLaPeticion() --- este es el endpoint: ', 'static')
05-Mar-25 17:16:06 - INFO - ('miFuncionAntesDeLaPeticion() --- este es el endpoint: ', 'static')
05-Mar-25 17:16:06 - INFO - ('miFuncionAntesDeLaPeticion() --- este es el endpoint: ', 'static')
05-Mar-25 17:16:06 - INFO - ('miFuncionAntesDeLaPeticion() --- este es el endpoint: ', 'static')
05-Mar-25 17:16:06 - INFO - ('miFuncionAntesDeLaPeticion() --- este es el endpoint: ', 'static')
05-Mar-25 17:16:06 - INFO - ('miFuncionAntesDeLaPeticion() --- este es el endpoint: ', 'static')
05-Mar-25 17:16:06 - INFO - ('miFuncionAntesDeLaPeticion() --- este es el endpoint: ', 'static')
05-Mar-25 17:16:06 - INFO - ('miFuncionAntesDeLaPeticion() --- este es el endpoint: ', 'static')
05-Mar-25 17:16:06 - INFO - ('miFuncionAntesDeLaPeticion() --- este es el endpoint: ', 'static')
05-Mar-25 17:16:06 - INFO - ('miFuncionAntesDeLaPeticion() --- este es el endpoint: ', 'static')
05-Mar-25 17:16:08 - INFO - ('miFuncionAntesDeLaPeticion() --- este es el endpoint: ', 'funcionAdministradorPanelRobotModificar')
05-Mar-25 17:16:08 - INFO - ('miFuncionAntesDeLaPeticion() --- este es el endpoint: ', 'static')
05-Mar-25 17:16:08 - INFO - ('miFuncionAntesDeLaPeticion() --- este es el endpoint: ', 'static')
05-Mar-25 17:16:08 - INFO - ('miFuncionAntesDeLaPeticion() --- este es el endpoint: ', 'static')
05-Mar-25 17:16:22 - INFO - ('miFuncionAntesDeLaPeticion() --- este es el endpoint: ', 'funcionAdministradorPanelRobotModificar')
05-Mar-25 17:16:22 - DEBUG - STREAM b'IHDR' 16 13
05-Mar-25 17:16:22 - DEBUG - STREAM b'zTXt' 41 139
05-Mar-25 17:16:22 - DEBUG - STREAM b'iTXt' 192 2566
05-Mar-25 17:16:22 - DEBUG - STREAM b'sBIT' 2770 4
05-Mar-25 17:16:22 - DEBUG - b'sBIT' 2770 4 (unknown)
05-Mar-25 17:16:22 - DEBUG - STREAM b'IDAT' 2786 8192
05-Mar-25 17:16:22 - DEBUG - tag: Orientation (274) - type: short (3) - value: b'\x01\x00'
05-Mar-25 17:16:22 - DEBUG - tag: Software (305) - type: string (2) Tag Location: 34 - Data Location: 50 - value: b'Shotwell 0.30.10\x00'
05-Mar-25 17:16:22 - DEBUG - tag: ExifIFD (34665) - type: long (4) - value: b'D\x00\x00\x00'
05-Mar-25 17:16:22 - INFO - ('miFuncionAntesDeLaPeticion() --- este es el endpoint: ', 'funcionAdministradorModificarRobotsEvento')
05-Mar-25 17:16:22 - INFO - ('miFuncionAntesDeLaPeticion() --- este es el endpoint: ', 'static')
05-Mar-25 17:16:22 - INFO - ('miFuncionAntesDeLaPeticion() --- este es el endpoint: ', 'static')
05-Mar-25 17:16:22 - INFO - ('miFuncionAntesDeLaPeticion() --- este es el endpoint: ', 'static')
05-Mar-25 17:16:22 - INFO - ('miFuncionAntesDeLaPeticion() --- este es el endpoint: ', 'static')
05-Mar-25 17:16:22 - INFO - ('miFuncionAntesDeLaPeticion() --- este es el endpoint: ', 'static')
05-Mar-25 17:16:22 - INFO - ('miFuncionAntesDeLaPeticion() --- este es el endpoint: ', 'static')
05-Mar-25 17:16:22 - INFO - ('miFuncionAntesDeLaPeticion() --- este es el endpoint: ', 'static')
05-Mar-25 17:16:22 - INFO - ('miFuncionAntesDeLaPeticion() --- este es el endpoint: ', 'static')
05-Mar-25 17:16:22 - INFO - ('miFuncionAntesDeLaPeticion() --- este es el endpoint: ', 'static')
05-Mar-25 17:16:22 - INFO - ('miFuncionAntesDeLaPeticion() --- este es el endpoint: ', 'static')
05-Mar-25 17:16:22 - INFO - ('miFuncionAntesDeLaPeticion() --- este es el endpoint: ', 'static')
05-Mar-25 17:16:26 - INFO - ('miFuncionAntesDeLaPeticion() --- este es el endpoint: ', 'funcion_registrarAsistente')
05-Mar-25 17:17:47 - INFO - ('miFuncionAntesDeLaPeticion() --- este es el endpoint: ', 'funcion_registrarAsistente')
05-Mar-25 17:18:34 - INFO - ('miFuncionAntesDeLaPeticion() --- este es el endpoint: ', 'funcion_registrarAsistente')
05-Mar-25 17:21:19 - INFO - ('miFuncionAntesDeLaPeticion() --- este es el endpoint: ', 'funcion_registrarAsistente')
05-Mar-25 17:22:03 - INFO - ('miFuncionAntesDeLaPeticion() --- este es el endpoint: ', 'funcion_aceptarRobot')
05-Mar-25 17:49:40 - INFO - ('miFuncionAntesDeLaPeticion() --- este es el endpoint: ', 'funcion_registrarAsistente')
05-Mar-25 17:50:01 - INFO - ('miFuncionAntesDeLaPeticion() --- este es el endpoint: ', 'funcion_registrarAsistente')
05-Mar-25 17:51:34 - INFO - ('miFuncionAntesDeLaPeticion() --- este es el endpoint: ', 'funcion_registrarAsistente')
05-Mar-25 17:52:57 - INFO - ('miFuncionAntesDeLaPeticion() --- este es el endpoint: ', 'funcion_registrarAsistente')
05-Mar-25 17:53:35 - INFO - ('miFuncionAntesDeLaPeticion() --- este es el endpoint: ', 'funcion_registrarAsistente')
06-Mar-25 10:32:34 - INFO - ('miFuncionAntesDeLaPeticion() --- este es el endpoint: ', None)
06-Mar-25 10:32:50 - INFO - ('miFuncionAntesDeLaPeticion() --- este es el endpoint: ', 'funcionAdministradorLogin')
06-Mar-25 10:32:50 - INFO - ('miFuncionAntesDeLaPeticion() --- este es el endpoint: ', 'static')
06-Mar-25 10:32:50 - INFO - ('miFuncionAntesDeLaPeticion() --- este es el endpoint: ', 'static')
06-Mar-25 10:32:50 - INFO - ('miFuncionAntesDeLaPeticion() --- este es el endpoint: ', 'static')
06-Mar-25 10:32:53 - INFO - ('miFuncionAntesDeLaPeticion() --- este es el endpoint: ', 'funcionAdministradorLogin')
06-Mar-25 10:32:54 - INFO - ('miFuncionAntesDeLaPeticion() --- este es el endpoint: ', 'funcionAdministradorHome')
06-Mar-25 10:32:54 - INFO - ('miFuncionAntesDeLaPeticion() --- este es el endpoint: ', 'static')
06-Mar-25 10:32:54 - INFO - ('miFuncionAntesDeLaPeticion() --- este es el endpoint: ', 'static')
06-Mar-25 10:32:54 - INFO - ('miFuncionAntesDeLaPeticion() --- este es el endpoint: ', 'static')
06-Mar-25 11:11:21 - INFO - ('miFuncionAntesDeLaPeticion() --- este es el endpoint: ', 'funcion_registrarAsistente')
06-Mar-25 11:12:54 - INFO - ('miFuncionAntesDeLaPeticion() --- este es el endpoint: ', 'funcion_registrarAsistente')
06-Mar-25 11:14:32 - INFO - ('miFuncionAntesDeLaPeticion() --- este es el endpoint: ', 'funcion_registrarAsistente')
06-Mar-25 11:16:36 - INFO - ('miFuncionAntesDeLaPeticion() --- este es el endpoint: ', 'funcion_registrarAsistente')
06-Mar-25 11:39:12 - INFO - ('miFuncionAntesDeLaPeticion() --- este es el endpoint: ', 'funcion_registrarAsistente')
06-Mar-25 11:40:30 - INFO - ('miFuncionAntesDeLaPeticion() --- este es el endpoint: ', 'funcion_aceptarRobot')
06-Mar-25 11:42:36 - INFO - ('miFuncionAntesDeLaPeticion() --- este es el endpoint: ', 'funcion_registrarAsistente')
06-Mar-25 11:42:38 - INFO - ('miFuncionAntesDeLaPeticion() --- este es el endpoint: ', 'funcion_registrarAsistente')
06-Mar-25 11:42:43 - INFO - ('miFuncionAntesDeLaPeticion() --- este es el endpoint: ', 'funcion_registrarAsistente')
06-Mar-25 11:43:09 - INFO - ('miFuncionAntesDeLaPeticion() --- este es el endpoint: ', 'funcionAdministradorPanelEvento')
06-Mar-25 11:43:09 - INFO - ('miFuncionAntesDeLaPeticion() --- este es el endpoint: ', 'static')
06-Mar-25 11:43:09 - INFO - ('miFuncionAntesDeLaPeticion() --- este es el endpoint: ', 'static')
06-Mar-25 11:43:09 - INFO - ('miFuncionAntesDeLaPeticion() --- este es el endpoint: ', 'static')
06-Mar-25 11:43:11 - INFO - ('miFuncionAntesDeLaPeticion() --- este es el endpoint: ', 'funcionAdministradorModificarRobotsEvento')
06-Mar-25 11:43:12 - INFO - ('miFuncionAntesDeLaPeticion() --- este es el endpoint: ', 'static')
06-Mar-25 11:43:12 - INFO - ('miFuncionAntesDeLaPeticion() --- este es el endpoint: ', 'static')
06-Mar-25 11:43:12 - INFO - ('miFuncionAntesDeLaPeticion() --- este es el endpoint: ', 'static')
06-Mar-25 11:43:12 - INFO - ('miFuncionAntesDeLaPeticion() --- este es el endpoint: ', 'static')
06-Mar-25 11:43:12 - INFO - ('miFuncionAntesDeLaPeticion() --- este es el endpoint: ', 'static')
06-Mar-25 11:43:12 - INFO - ('miFuncionAntesDeLaPeticion() --- este es el endpoint: ', 'static')
06-Mar-25 11:43:12 - INFO - ('miFuncionAntesDeLaPeticion() --- este es el endpoint: ', 'static')
06-Mar-25 11:43:12 - INFO - ('miFuncionAntesDeLaPeticion() --- este es el endpoint: ', 'static')
06-Mar-25 11:43:12 - INFO - ('miFuncionAntesDeLaPeticion() --- este es el endpoint: ', 'static')
06-Mar-25 11:43:12 - INFO - ('miFuncionAntesDeLaPeticion() --- este es el endpoint: ', 'static')
06-Mar-25 11:43:12 - INFO - ('miFuncionAntesDeLaPeticion() --- este es el endpoint: ', 'static')
06-Mar-25 11:43:12 - INFO - ('miFuncionAntesDeLaPeticion() --- este es el endpoint: ', 'static')
06-Mar-25 11:48:18 - INFO - ('miFuncionAntesDeLaPeticion() --- este es el endpoint: ', 'funcion_registrarAsistente')
06-Mar-25 12:00:22 - INFO - ('miFuncionAntesDeLaPeticion() --- este es el endpoint: ', 'funcion_registrarAsistente')
06-Mar-25 12:01:05 - INFO - ('miFuncionAntesDeLaPeticion() --- este es el endpoint: ', 'funcion_registrarAsistente')
06-Mar-25 12:30:07 - INFO - ('miFuncionAntesDeLaPeticion() --- este es el endpoint: ', 'funcion_registrarAsistente')
06-Mar-25 13:49:46 - INFO - ('miFuncionAntesDeLaPeticion() --- este es el endpoint: ', 'funcion_registrarAsistente')
06-Mar-25 13:49:54 - INFO - ('miFuncionAntesDeLaPeticion() --- este es el endpoint: ', None)
06-Mar-25 13:52:18 - INFO - ('miFuncionAntesDeLaPeticion() --- este es el endpoint: ', 'funcion_registrarAsistente')
06-Mar-25 13:52:23 - INFO - ('miFuncionAntesDeLaPeticion() --- este es el endpoint: ', None)
06-Mar-25 13:55:00 - INFO - ('miFuncionAntesDeLaPeticion() --- este es el endpoint: ', 'funcion_registrarAsistente')
06-Mar-25 13:55:09 - INFO - ('miFuncionAntesDeLaPeticion() --- este es el endpoint: ', None)
06-Mar-25 13:58:50 - INFO - ('miFuncionAntesDeLaPeticion() --- este es el endpoint: ', 'funcion_registrarAsistente')
06-Mar-25 13:58:54 - INFO - The CSRF session token is missing.
06-Mar-25 14:01:50 - INFO - The CSRF session token is missing.
06-Mar-25 14:01:52 - INFO - The CSRF session token is missing.
06-Mar-25 14:01:52 - INFO - The CSRF session token is missing.
06-Mar-25 14:01:57 - INFO - The CSRF session token is missing.
06-Mar-25 14:02:32 - INFO - ('miFuncionAntesDeLaPeticion() --- este es el endpoint: ', 'funcion_registrarAsistente')
06-Mar-25 14:02:37 - INFO - The CSRF session token is missing.
06-Mar-25 14:02:40 - INFO - The CSRF session token is missing.
06-Mar-25 14:02:41 - INFO - The CSRF session token is missing.
06-Mar-25 14:02:41 - INFO - The CSRF session token is missing.
06-Mar-25 14:05:29 - INFO - ('miFuncionAntesDeLaPeticion() --- este es el endpoint: ', 'funcion_registrarAsistente')
06-Mar-25 14:06:30 - INFO - The CSRF session token is missing.
06-Mar-25 14:09:09 - INFO - ('miFuncionAntesDeLaPeticion() --- este es el endpoint: ', 'funcion_registrarAsistente')
06-Mar-25 14:09:15 - INFO - The CSRF session token is missing.
06-Mar-25 14:09:47 - INFO - ('miFuncionAntesDeLaPeticion() --- este es el endpoint: ', 'funcion_registrarAsistente')
06-Mar-25 14:11:25 - INFO - The CSRF session token is missing.
06-Mar-25 14:11:48 - INFO - ('miFuncionAntesDeLaPeticion() --- este es el endpoint: ', 'funcion_registrarAsistente')
06-Mar-25 14:12:00 - INFO - The CSRF token has expired.
06-Mar-25 14:13:00 - INFO - ('miFuncionAntesDeLaPeticion() --- este es el endpoint: ', 'funcion_registrarAsistente')
06-Mar-25 14:13:07 - INFO - The CSRF session token is missing.
06-Mar-25 16:28:34 - INFO - ('miFuncionAntesDeLaPeticion() --- este es el endpoint: ', 'static')
06-Mar-25 16:28:35 - INFO - ('miFuncionAntesDeLaPeticion() --- este es el endpoint: ', None)
06-Mar-25 16:28:42 - INFO - ('miFuncionAntesDeLaPeticion() --- este es el endpoint: ', 'funcionAdministradorLogin')
06-Mar-25 16:28:42 - INFO - ('miFuncionAntesDeLaPeticion() --- este es el endpoint: ', 'static')
06-Mar-25 16:28:42 - INFO - ('miFuncionAntesDeLaPeticion() --- este es el endpoint: ', 'static')
06-Mar-25 16:28:42 - INFO - ('miFuncionAntesDeLaPeticion() --- este es el endpoint: ', 'static')
06-Mar-25 16:28:48 - INFO - ('miFuncionAntesDeLaPeticion() --- este es el endpoint: ', 'funcionAdministradorLogin')
06-Mar-25 16:28:48 - INFO - ('miFuncionAntesDeLaPeticion() --- este es el endpoint: ', 'funcionAdministradorHome')
06-Mar-25 16:28:48 - INFO - ('miFuncionAntesDeLaPeticion() --- este es el endpoint: ', 'static')
06-Mar-25 16:28:48 - INFO - ('miFuncionAntesDeLaPeticion() --- este es el endpoint: ', 'static')
06-Mar-25 16:28:48 - INFO - ('miFuncionAntesDeLaPeticion() --- este es el endpoint: ', 'static')
06-Mar-25 16:31:28 - INFO - ('miFuncionAntesDeLaPeticion() --- este es el endpoint: ', 'funcion_registrarAsistente')
06-Mar-25 16:36:29 - INFO - ('miFuncionAntesDeLaPeticion() --- este es el endpoint: ', 'funcion_registrarAsistente')
06-Mar-25 16:37:10 - INFO - ('miFuncionAntesDeLaPeticion() --- este es el endpoint: ', 'funcion_aceptarRobot')
06-Mar-25 16:43:21 - INFO - ('miFuncionAntesDeLaPeticion() --- este es el endpoint: ', 'funcion_registrarAsistente')
06-Mar-25 16:43:46 - INFO - The CSRF session token is missing.
06-Mar-25 16:44:06 - INFO - The CSRF session token is missing.
06-Mar-25 16:45:55 - INFO - ('miFuncionAntesDeLaPeticion() --- este es el endpoint: ', 'funcion_registrarAsistente')
06-Mar-25 16:46:00 - INFO - The CSRF session token is missing.
06-Mar-25 16:56:08 - INFO - ('miFuncionAntesDeLaPeticion() --- este es el endpoint: ', 'funcion_registrarAsistente')
06-Mar-25 16:56:15 - INFO - The CSRF session token is missing.
06-Mar-25 17:03:40 - INFO - ('miFuncionAntesDeLaPeticion() --- este es el endpoint: ', 'funcion_registrarAsistente')
06-Mar-25 17:07:35 - INFO - The CSRF session token is missing.
06-Mar-25 17:11:16 - INFO - ('miFuncionAntesDeLaPeticion() --- este es el endpoint: ', 'funcion_registrarAsistente')
06-Mar-25 17:24:14 - INFO - ('miFuncionAntesDeLaPeticion() --- este es el endpoint: ', 'funcion_registrarAsistente')
06-Mar-25 17:24:24 - INFO - The CSRF session token is missing.
06-Mar-25 17:27:51 - INFO - ('miFuncionAntesDeLaPeticion() --- este es el endpoint: ', 'funcion_registrarAsistente')
06-Mar-25 17:27:56 - INFO - The CSRF session token is missing.
06-Mar-25 17:38:38 - INFO - ('miFuncionAntesDeLaPeticion() --- este es el endpoint: ', 'funcion_registrarAsistente')
06-Mar-25 17:38:47 - INFO - The CSRF session token is missing.
06-Mar-25 17:46:36 - INFO - ('miFuncionAntesDeLaPeticion() --- este es el endpoint: ', 'funcion_registrarAsistente')
06-Mar-25 17:46:43 - INFO - The CSRF session token is missing.
06-Mar-25 17:53:15 - INFO - ('miFuncionAntesDeLaPeticion() --- este es el endpoint: ', 'funcion_registrarAsistente')
06-Mar-25 18:03:34 - INFO - ('miFuncionAntesDeLaPeticion() --- este es el endpoint: ', 'funcion_registrarAsistente')
06-Mar-25 18:03:47 - INFO - The CSRF session token is missing.
06-Mar-25 18:11:47 - INFO - ('miFuncionAntesDeLaPeticion() --- este es el endpoint: ', 'funcion_registrarAsistente')
06-Mar-25 18:12:07 - INFO - ('miFuncionAntesDeLaPeticion() --- este es el endpoint: ', None)
06-Mar-25 18:12:16 - INFO - ('miFuncionAntesDeLaPeticion() --- este es el endpoint: ', 'funcion_aceptarRobot')
06-Mar-25 18:12:47 - INFO - ('miFuncionAntesDeLaPeticion() --- este es el endpoint: ', 'funcionAdministradorLogin')
06-Mar-25 18:12:47 - INFO - ('miFuncionAntesDeLaPeticion() --- este es el endpoint: ', 'static')
06-Mar-25 18:12:47 - INFO - ('miFuncionAntesDeLaPeticion() --- este es el endpoint: ', 'static')
06-Mar-25 18:12:47 - INFO - ('miFuncionAntesDeLaPeticion() --- este es el endpoint: ', 'static')
06-Mar-25 18:12:47 - INFO - ('miFuncionAntesDeLaPeticion() --- este es el endpoint: ', None)
06-Mar-25 18:12:51 - INFO - ('miFuncionAntesDeLaPeticion() --- este es el endpoint: ', 'funcionAdministradorLogin')
06-Mar-25 18:12:51 - INFO - ('miFuncionAntesDeLaPeticion() --- este es el endpoint: ', 'funcionAdministradorHome')
06-Mar-25 18:12:51 - INFO - ('miFuncionAntesDeLaPeticion() --- este es el endpoint: ', 'static')
06-Mar-25 18:12:51 - INFO - ('miFuncionAntesDeLaPeticion() --- este es el endpoint: ', 'static')
06-Mar-25 18:12:51 - INFO - ('miFuncionAntesDeLaPeticion() --- este es el endpoint: ', 'static')
06-Mar-25 18:12:53 - INFO - ('miFuncionAntesDeLaPeticion() --- este es el endpoint: ', 'funcionAdministradorPanelEvento')
06-Mar-25 18:12:53 - INFO - ('miFuncionAntesDeLaPeticion() --- este es el endpoint: ', 'static')
06-Mar-25 18:12:53 - INFO - ('miFuncionAntesDeLaPeticion() --- este es el endpoint: ', 'static')
06-Mar-25 18:12:53 - INFO - ('miFuncionAntesDeLaPeticion() --- este es el endpoint: ', 'static')
06-Mar-25 18:13:08 - INFO - ('miFuncionAntesDeLaPeticion() --- este es el endpoint: ', 'funcionAdministradorModificarRobotsEvento')
06-Mar-25 18:13:08 - INFO - ('miFuncionAntesDeLaPeticion() --- este es el endpoint: ', 'static')
06-Mar-25 18:13:08 - INFO - ('miFuncionAntesDeLaPeticion() --- este es el endpoint: ', 'static')
06-Mar-25 18:13:08 - INFO - ('miFuncionAntesDeLaPeticion() --- este es el endpoint: ', 'static')
06-Mar-25 18:13:08 - INFO - ('miFuncionAntesDeLaPeticion() --- este es el endpoint: ', 'static')
06-Mar-25 18:13:08 - INFO - ('miFuncionAntesDeLaPeticion() --- este es el endpoint: ', 'static')
06-Mar-25 18:13:08 - INFO - ('miFuncionAntesDeLaPeticion() --- este es el endpoint: ', 'static')
06-Mar-25 18:13:08 - INFO - ('miFuncionAntesDeLaPeticion() --- este es el endpoint: ', 'static')
06-Mar-25 18:13:08 - INFO - ('miFuncionAntesDeLaPeticion() --- este es el endpoint: ', 'static')
06-Mar-25 18:13:08 - INFO - ('miFuncionAntesDeLaPeticion() --- este es el endpoint: ', 'static')
06-Mar-25 18:13:08 - INFO - ('miFuncionAntesDeLaPeticion() --- este es el endpoint: ', 'static')
06-Mar-25 18:13:08 - INFO - ('miFuncionAntesDeLaPeticion() --- este es el endpoint: ', 'static')
06-Mar-25 18:13:08 - INFO - ('miFuncionAntesDeLaPeticion() --- este es el endpoint: ', 'static')
06-Mar-25 18:13:25 - INFO - ('miFuncionAntesDeLaPeticion() --- este es el endpoint: ', 'funcionAdministradorModificarRobotsEvento')
06-Mar-25 18:13:25 - INFO - ('miFuncionAntesDeLaPeticion() --- este es el endpoint: ', 'static')
06-Mar-25 18:13:25 - INFO - ('miFuncionAntesDeLaPeticion() --- este es el endpoint: ', 'static')
06-Mar-25 18:13:25 - INFO - ('miFuncionAntesDeLaPeticion() --- este es el endpoint: ', 'static')
06-Mar-25 18:13:25 - INFO - ('miFuncionAntesDeLaPeticion() --- este es el endpoint: ', 'static')
06-Mar-25 18:13:25 - INFO - ('miFuncionAntesDeLaPeticion() --- este es el endpoint: ', 'static')
06-Mar-25 18:13:25 - INFO - ('miFuncionAntesDeLaPeticion() --- este es el endpoint: ', 'static')
06-Mar-25 18:13:25 - INFO - ('miFuncionAntesDeLaPeticion() --- este es el endpoint: ', 'static')
06-Mar-25 18:13:25 - INFO - ('miFuncionAntesDeLaPeticion() --- este es el endpoint: ', 'static')
06-Mar-25 18:13:25 - INFO - ('miFuncionAntesDeLaPeticion() --- este es el endpoint: ', 'static')
06-Mar-25 18:13:25 - INFO - ('miFuncionAntesDeLaPeticion() --- este es el endpoint: ', 'static')
06-Mar-25 18:13:25 - INFO - ('miFuncionAntesDeLaPeticion() --- este es el endpoint: ', 'static')
06-Mar-25 18:14:07 - INFO - ('miFuncionAntesDeLaPeticion() --- este es el endpoint: ', 'funcion_registrarAsistente')
06-Mar-25 18:14:30 - INFO - ('miFuncionAntesDeLaPeticion() --- este es el endpoint: ', 'funcion_registrarAsistente')
06-Mar-25 18:14:45 - INFO - ('miFuncionAntesDeLaPeticion() --- este es el endpoint: ', 'funcion_registrarAsistente')
06-Mar-25 18:14:52 - INFO - ('miFuncionAntesDeLaPeticion() --- este es el endpoint: ', 'funcion_registrarAsistente')
06-Mar-25 18:15:26 - INFO - ('miFuncionAntesDeLaPeticion() --- este es el endpoint: ', 'funcion_registrarAsistente')
06-Mar-25 18:16:20 - INFO - ('miFuncionAntesDeLaPeticion() --- este es el endpoint: ', 'funcion_registrarAsistente')
06-Mar-25 18:16:44 - INFO - ('miFuncionAntesDeLaPeticion() --- este es el endpoint: ', 'funcion_registrarAsistente')
06-Mar-25 18:18:17 - INFO - ('miFuncionAntesDeLaPeticion() --- este es el endpoint: ', 'funcion_registrarAsistente')
06-Mar-25 18:18:25 - INFO - The CSRF session token is missing.
06-Mar-25 18:18:27 - INFO - The CSRF session token is missing.
06-Mar-25 18:18:55 - INFO - ('miFuncionAntesDeLaPeticion() --- este es el endpoint: ', 'funcion_registrarAsistente')
06-Mar-25 18:18:58 - INFO - The CSRF session token is missing.
06-Mar-25 18:19:02 - INFO - The CSRF session token is missing.
06-Mar-25 18:19:04 - INFO - The CSRF session token is missing.
06-Mar-25 18:19:07 - INFO - The CSRF session token is missing.
06-Mar-25 18:19:10 - INFO - The CSRF session token is missing.
06-Mar-25 18:19:10 - INFO - The CSRF session token is missing.
06-Mar-25 18:19:11 - INFO - The CSRF session token is missing.
06-Mar-25 18:19:25 - INFO - ('miFuncionAntesDeLaPeticion() --- este es el endpoint: ', 'funcion_registrarAsistente')
06-Mar-25 18:19:47 - INFO - ('miFuncionAntesDeLaPeticion() --- este es el endpoint: ', 'funcion_registrarAsistente')
06-Mar-25 18:23:37 - INFO - ('miFuncionAntesDeLaPeticion() --- este es el endpoint: ', 'funcion_registrarAsistente')
06-Mar-25 18:24:12 - INFO - ('miFuncionAntesDeLaPeticion() --- este es el endpoint: ', 'funcion_registrarAsistente')
06-Mar-25 18:24:27 - INFO - ('miFuncionAntesDeLaPeticion() --- este es el endpoint: ', 'funcion_registrarAsistente')
06-Mar-25 18:24:30 - INFO - The CSRF session token is missing.
06-Mar-25 18:25:03 - INFO - ('miFuncionAntesDeLaPeticion() --- este es el endpoint: ', 'funcionAdministradorPanelRobotPonerServicio')
06-Mar-25 18:25:03 - INFO - ('miFuncionAntesDeLaPeticion() --- este es el endpoint: ', 'funcionAdministradorModificarRobotsEvento')
06-Mar-25 18:25:03 - INFO - ('miFuncionAntesDeLaPeticion() --- este es el endpoint: ', 'static')
06-Mar-25 18:25:03 - INFO - ('miFuncionAntesDeLaPeticion() --- este es el endpoint: ', 'static')
06-Mar-25 18:25:03 - INFO - ('miFuncionAntesDeLaPeticion() --- este es el endpoint: ', 'static')
06-Mar-25 18:25:03 - INFO - ('miFuncionAntesDeLaPeticion() --- este es el endpoint: ', 'static')
06-Mar-25 18:25:03 - INFO - ('miFuncionAntesDeLaPeticion() --- este es el endpoint: ', 'static')
06-Mar-25 18:25:03 - INFO - ('miFuncionAntesDeLaPeticion() --- este es el endpoint: ', 'static')
06-Mar-25 18:25:03 - INFO - ('miFuncionAntesDeLaPeticion() --- este es el endpoint: ', 'static')
06-Mar-25 18:25:03 - INFO - ('miFuncionAntesDeLaPeticion() --- este es el endpoint: ', 'static')
06-Mar-25 18:25:03 - INFO - ('miFuncionAntesDeLaPeticion() --- este es el endpoint: ', 'static')
06-Mar-25 18:25:03 - INFO - ('miFuncionAntesDeLaPeticion() --- este es el endpoint: ', 'static')
06-Mar-25 18:25:03 - INFO - ('miFuncionAntesDeLaPeticion() --- este es el endpoint: ', 'static')
06-Mar-25 18:25:04 - INFO - ('miFuncionAntesDeLaPeticion() --- este es el endpoint: ', 'funcionAdministradorPanelRobotPonerServicio')
06-Mar-25 18:25:04 - INFO - ('miFuncionAntesDeLaPeticion() --- este es el endpoint: ', 'funcionAdministradorModificarRobotsEvento')
06-Mar-25 18:25:04 - INFO - ('miFuncionAntesDeLaPeticion() --- este es el endpoint: ', 'static')
06-Mar-25 18:25:04 - INFO - ('miFuncionAntesDeLaPeticion() --- este es el endpoint: ', 'static')
06-Mar-25 18:25:04 - INFO - ('miFuncionAntesDeLaPeticion() --- este es el endpoint: ', 'static')
06-Mar-25 18:25:04 - INFO - ('miFuncionAntesDeLaPeticion() --- este es el endpoint: ', 'static')
06-Mar-25 18:25:04 - INFO - ('miFuncionAntesDeLaPeticion() --- este es el endpoint: ', 'static')
06-Mar-25 18:25:04 - INFO - ('miFuncionAntesDeLaPeticion() --- este es el endpoint: ', 'static')
06-Mar-25 18:25:04 - INFO - ('miFuncionAntesDeLaPeticion() --- este es el endpoint: ', 'static')
06-Mar-25 18:25:04 - INFO - ('miFuncionAntesDeLaPeticion() --- este es el endpoint: ', 'static')
06-Mar-25 18:25:04 - INFO - ('miFuncionAntesDeLaPeticion() --- este es el endpoint: ', 'static')
06-Mar-25 18:25:04 - INFO - ('miFuncionAntesDeLaPeticion() --- este es el endpoint: ', 'static')
06-Mar-25 18:25:04 - INFO - ('miFuncionAntesDeLaPeticion() --- este es el endpoint: ', 'static')
06-Mar-25 18:25:10 - INFO - ('miFuncionAntesDeLaPeticion() --- este es el endpoint: ', 'funcionAdministradorPanelRobotPonerServicio')
06-Mar-25 18:25:10 - INFO - ('miFuncionAntesDeLaPeticion() --- este es el endpoint: ', 'funcionAdministradorModificarRobotsEvento')
06-Mar-25 18:25:11 - INFO - ('miFuncionAntesDeLaPeticion() --- este es el endpoint: ', 'static')
06-Mar-25 18:25:11 - INFO - ('miFuncionAntesDeLaPeticion() --- este es el endpoint: ', 'static')
06-Mar-25 18:25:11 - INFO - ('miFuncionAntesDeLaPeticion() --- este es el endpoint: ', 'static')
06-Mar-25 18:25:11 - INFO - ('miFuncionAntesDeLaPeticion() --- este es el endpoint: ', 'static')
06-Mar-25 18:25:11 - INFO - ('miFuncionAntesDeLaPeticion() --- este es el endpoint: ', 'static')
06-Mar-25 18:25:11 - INFO - ('miFuncionAntesDeLaPeticion() --- este es el endpoint: ', 'static')
06-Mar-25 18:25:11 - INFO - ('miFuncionAntesDeLaPeticion() --- este es el endpoint: ', 'static')
06-Mar-25 18:25:11 - INFO - ('miFuncionAntesDeLaPeticion() --- este es el endpoint: ', 'static')
06-Mar-25 18:25:11 - INFO - ('miFuncionAntesDeLaPeticion() --- este es el endpoint: ', 'static')
06-Mar-25 18:25:11 - INFO - ('miFuncionAntesDeLaPeticion() --- este es el endpoint: ', 'static')
06-Mar-25 18:25:11 - INFO - ('miFuncionAntesDeLaPeticion() --- este es el endpoint: ', 'static')
06-Mar-25 18:25:14 - INFO - ('miFuncionAntesDeLaPeticion() --- este es el endpoint: ', 'funcionAdministradorPanelRobotPonerServicio')
06-Mar-25 18:25:14 - INFO - ('miFuncionAntesDeLaPeticion() --- este es el endpoint: ', 'funcionAdministradorModificarRobotsEvento')
06-Mar-25 18:25:14 - INFO - ('miFuncionAntesDeLaPeticion() --- este es el endpoint: ', 'static')
06-Mar-25 18:25:14 - INFO - ('miFuncionAntesDeLaPeticion() --- este es el endpoint: ', 'static')
06-Mar-25 18:25:14 - INFO - ('miFuncionAntesDeLaPeticion() --- este es el endpoint: ', 'static')
06-Mar-25 18:25:14 - INFO - ('miFuncionAntesDeLaPeticion() --- este es el endpoint: ', 'static')
06-Mar-25 18:25:14 - INFO - ('miFuncionAntesDeLaPeticion() --- este es el endpoint: ', 'static')
06-Mar-25 18:25:14 - INFO - ('miFuncionAntesDeLaPeticion() --- este es el endpoint: ', 'static')
06-Mar-25 18:25:14 - INFO - ('miFuncionAntesDeLaPeticion() --- este es el endpoint: ', 'static')
06-Mar-25 18:25:14 - INFO - ('miFuncionAntesDeLaPeticion() --- este es el endpoint: ', 'static')
06-Mar-25 18:25:14 - INFO - ('miFuncionAntesDeLaPeticion() --- este es el endpoint: ', 'static')
06-Mar-25 18:25:14 - INFO - ('miFuncionAntesDeLaPeticion() --- este es el endpoint: ', 'static')
06-Mar-25 18:25:14 - INFO - ('miFuncionAntesDeLaPeticion() --- este es el endpoint: ', 'static')
06-Mar-25 18:25:24 - INFO - ('miFuncionAntesDeLaPeticion() --- este es el endpoint: ', 'funcion_registrarAsistente')
06-Mar-25 18:25:31 - INFO - The CSRF session token is missing.
06-Mar-25 18:26:28 - INFO - ('miFuncionAntesDeLaPeticion() --- este es el endpoint: ', 'funcion_registrarAsistente')
06-Mar-25 18:27:18 - INFO - ('miFuncionAntesDeLaPeticion() --- este es el endpoint: ', 'funcion_aceptarRobot')
06-Mar-25 18:28:00 - INFO - ('miFuncionAntesDeLaPeticion() --- este es el endpoint: ', 'funcionAdministradorModificarRobotsEvento')
06-Mar-25 18:28:01 - INFO - ('miFuncionAntesDeLaPeticion() --- este es el endpoint: ', 'static')
06-Mar-25 18:28:01 - INFO - ('miFuncionAntesDeLaPeticion() --- este es el endpoint: ', 'static')
06-Mar-25 18:28:01 - INFO - ('miFuncionAntesDeLaPeticion() --- este es el endpoint: ', 'static')
06-Mar-25 18:28:01 - INFO - ('miFuncionAntesDeLaPeticion() --- este es el endpoint: ', 'static')
06-Mar-25 18:28:01 - INFO - ('miFuncionAntesDeLaPeticion() --- este es el endpoint: ', 'static')
06-Mar-25 18:28:01 - INFO - ('miFuncionAntesDeLaPeticion() --- este es el endpoint: ', 'static')
06-Mar-25 18:28:01 - INFO - ('miFuncionAntesDeLaPeticion() --- este es el endpoint: ', 'static')
06-Mar-25 18:28:01 - INFO - ('miFuncionAntesDeLaPeticion() --- este es el endpoint: ', 'static')
06-Mar-25 18:28:01 - INFO - ('miFuncionAntesDeLaPeticion() --- este es el endpoint: ', 'static')
06-Mar-25 18:28:01 - INFO - ('miFuncionAntesDeLaPeticion() --- este es el endpoint: ', 'static')
06-Mar-25 18:28:01 - INFO - ('miFuncionAntesDeLaPeticion() --- este es el endpoint: ', 'static')
06-Mar-25 18:28:11 - INFO - ('miFuncionAntesDeLaPeticion() --- este es el endpoint: ', 'funcion_aceptarRobot')
06-Mar-25 18:28:56 - INFO - ('miFuncionAntesDeLaPeticion() --- este es el endpoint: ', 'funcionAdministradorPanelRobotPonerServicio')
06-Mar-25 18:28:56 - INFO - ('miFuncionAntesDeLaPeticion() --- este es el endpoint: ', 'funcionAdministradorModificarRobotsEvento')
06-Mar-25 18:28:57 - INFO - ('miFuncionAntesDeLaPeticion() --- este es el endpoint: ', 'static')
06-Mar-25 18:28:57 - INFO - ('miFuncionAntesDeLaPeticion() --- este es el endpoint: ', 'static')
06-Mar-25 18:28:57 - INFO - ('miFuncionAntesDeLaPeticion() --- este es el endpoint: ', 'static')
06-Mar-25 18:28:57 - INFO - ('miFuncionAntesDeLaPeticion() --- este es el endpoint: ', 'static')
06-Mar-25 18:28:57 - INFO - ('miFuncionAntesDeLaPeticion() --- este es el endpoint: ', 'static')
06-Mar-25 18:28:57 - INFO - ('miFuncionAntesDeLaPeticion() --- este es el endpoint: ', 'static')
06-Mar-25 18:28:57 - INFO - ('miFuncionAntesDeLaPeticion() --- este es el endpoint: ', 'static')
06-Mar-25 18:28:57 - INFO - ('miFuncionAntesDeLaPeticion() --- este es el endpoint: ', 'static')
06-Mar-25 18:28:57 - INFO - ('miFuncionAntesDeLaPeticion() --- este es el endpoint: ', 'static')
06-Mar-25 18:28:57 - INFO - ('miFuncionAntesDeLaPeticion() --- este es el endpoint: ', 'static')
06-Mar-25 18:28:57 - INFO - ('miFuncionAntesDeLaPeticion() --- este es el endpoint: ', 'static')
06-Mar-25 18:28:59 - INFO - ('miFuncionAntesDeLaPeticion() --- este es el endpoint: ', 'funcionAdministradorPanelRobotPonerServicio')
06-Mar-25 18:28:59 - INFO - ('miFuncionAntesDeLaPeticion() --- este es el endpoint: ', 'funcionAdministradorModificarRobotsEvento')
06-Mar-25 18:28:59 - INFO - ('miFuncionAntesDeLaPeticion() --- este es el endpoint: ', 'static')
06-Mar-25 18:28:59 - INFO - ('miFuncionAntesDeLaPeticion() --- este es el endpoint: ', 'static')
06-Mar-25 18:28:59 - INFO - ('miFuncionAntesDeLaPeticion() --- este es el endpoint: ', 'static')
06-Mar-25 18:28:59 - INFO - ('miFuncionAntesDeLaPeticion() --- este es el endpoint: ', 'static')
06-Mar-25 18:28:59 - INFO - ('miFuncionAntesDeLaPeticion() --- este es el endpoint: ', 'static')
06-Mar-25 18:28:59 - INFO - ('miFuncionAntesDeLaPeticion() --- este es el endpoint: ', 'static')
06-Mar-25 18:28:59 - INFO - ('miFuncionAntesDeLaPeticion() --- este es el endpoint: ', 'static')
06-Mar-25 18:28:59 - INFO - ('miFuncionAntesDeLaPeticion() --- este es el endpoint: ', 'static')
06-Mar-25 18:28:59 - INFO - ('miFuncionAntesDeLaPeticion() --- este es el endpoint: ', 'static')
06-Mar-25 18:28:59 - INFO - ('miFuncionAntesDeLaPeticion() --- este es el endpoint: ', 'static')
06-Mar-25 18:28:59 - INFO - ('miFuncionAntesDeLaPeticion() --- este es el endpoint: ', 'static')
06-Mar-25 18:29:16 - INFO - ('miFuncionAntesDeLaPeticion() --- este es el endpoint: ', 'funcion_registrarAsistente')
06-Mar-25 18:29:22 - INFO - The CSRF session token is missing.
06-Mar-25 18:30:07 - INFO - ('miFuncionAntesDeLaPeticion() --- este es el endpoint: ', 'funcion_registrarAsistente')
06-Mar-25 18:30:33 - INFO - ('miFuncionAntesDeLaPeticion() --- este es el endpoint: ', 'funcion_aceptarRobot')
06-Mar-25 18:31:05 - INFO - ('miFuncionAntesDeLaPeticion() --- este es el endpoint: ', 'funcion_registrarAsistente')
06-Mar-25 18:31:18 - INFO - ('miFuncionAntesDeLaPeticion() --- este es el endpoint: ', 'funcion_registrarAsistente')
06-Mar-25 18:31:29 - INFO - ('miFuncionAntesDeLaPeticion() --- este es el endpoint: ', 'funcionAdministradorPanelRobotPonerServicio')
06-Mar-25 18:31:29 - INFO - ('miFuncionAntesDeLaPeticion() --- este es el endpoint: ', 'funcionAdministradorModificarRobotsEvento')
06-Mar-25 18:31:30 - INFO - ('miFuncionAntesDeLaPeticion() --- este es el endpoint: ', 'static')
06-Mar-25 18:31:30 - INFO - ('miFuncionAntesDeLaPeticion() --- este es el endpoint: ', 'static')
06-Mar-25 18:31:30 - INFO - ('miFuncionAntesDeLaPeticion() --- este es el endpoint: ', 'static')
06-Mar-25 18:31:30 - INFO - ('miFuncionAntesDeLaPeticion() --- este es el endpoint: ', 'static')
06-Mar-25 18:31:30 - INFO - ('miFuncionAntesDeLaPeticion() --- este es el endpoint: ', 'static')
06-Mar-25 18:31:30 - INFO - ('miFuncionAntesDeLaPeticion() --- este es el endpoint: ', 'static')
06-Mar-25 18:31:30 - INFO - ('miFuncionAntesDeLaPeticion() --- este es el endpoint: ', 'static')
06-Mar-25 18:31:30 - INFO - ('miFuncionAntesDeLaPeticion() --- este es el endpoint: ', 'static')
06-Mar-25 18:31:30 - INFO - ('miFuncionAntesDeLaPeticion() --- este es el endpoint: ', 'static')
06-Mar-25 18:31:30 - INFO - ('miFuncionAntesDeLaPeticion() --- este es el endpoint: ', 'static')
06-Mar-25 18:31:30 - INFO - ('miFuncionAntesDeLaPeticion() --- este es el endpoint: ', 'static')
06-Mar-25 18:31:30 - INFO - ('miFuncionAntesDeLaPeticion() --- este es el endpoint: ', 'funcionAdministradorPanelRobotPonerServicio')
06-Mar-25 18:31:30 - INFO - ('miFuncionAntesDeLaPeticion() --- este es el endpoint: ', 'funcionAdministradorModificarRobotsEvento')
06-Mar-25 18:31:31 - INFO - ('miFuncionAntesDeLaPeticion() --- este es el endpoint: ', 'static')
06-Mar-25 18:31:31 - INFO - ('miFuncionAntesDeLaPeticion() --- este es el endpoint: ', 'static')
06-Mar-25 18:31:31 - INFO - ('miFuncionAntesDeLaPeticion() --- este es el endpoint: ', 'static')
06-Mar-25 18:31:31 - INFO - ('miFuncionAntesDeLaPeticion() --- este es el endpoint: ', 'static')
06-Mar-25 18:31:31 - INFO - ('miFuncionAntesDeLaPeticion() --- este es el endpoint: ', 'static')
06-Mar-25 18:31:31 - INFO - ('miFuncionAntesDeLaPeticion() --- este es el endpoint: ', 'static')
06-Mar-25 18:31:31 - INFO - ('miFuncionAntesDeLaPeticion() --- este es el endpoint: ', 'static')
06-Mar-25 18:31:31 - INFO - ('miFuncionAntesDeLaPeticion() --- este es el endpoint: ', 'static')
06-Mar-25 18:31:31 - INFO - ('miFuncionAntesDeLaPeticion() --- este es el endpoint: ', 'static')
06-Mar-25 18:31:31 - INFO - ('miFuncionAntesDeLaPeticion() --- este es el endpoint: ', 'static')
06-Mar-25 18:31:31 - INFO - ('miFuncionAntesDeLaPeticion() --- este es el endpoint: ', 'static')
06-Mar-25 18:31:43 - INFO - ('miFuncionAntesDeLaPeticion() --- este es el endpoint: ', 'funcion_registrarAsistente')
06-Mar-25 18:31:50 - INFO - The CSRF session token is missing.
06-Mar-25 18:33:56 - INFO - ('miFuncionAntesDeLaPeticion() --- este es el endpoint: ', 'funcion_registrarAsistente')
06-Mar-25 18:33:59 - INFO - The CSRF session token is missing.
06-Mar-25 18:39:31 - INFO - ('miFuncionAntesDeLaPeticion() --- este es el endpoint: ', 'funcion_registrarAsistente')
06-Mar-25 18:39:33 - INFO - The CSRF session token is missing.
06-Mar-25 18:42:18 - INFO - ('miFuncionAntesDeLaPeticion() --- este es el endpoint: ', 'funcion_registrarAsistente')
06-Mar-25 18:42:24 - INFO - The CSRF session token is missing.
06-Mar-25 18:44:15 - INFO - ('miFuncionAntesDeLaPeticion() --- este es el endpoint: ', 'funcion_registrarAsistente')
06-Mar-25 18:44:19 - INFO - The CSRF session token is missing.
06-Mar-25 18:44:19 - INFO - The CSRF session token is missing.
06-Mar-25 18:46:46 - INFO - ('miFuncionAntesDeLaPeticion() --- este es el endpoint: ', 'funcion_registrarAsistente')
06-Mar-25 18:46:49 - INFO - The CSRF session token is missing.
06-Mar-25 18:48:33 - INFO - ('miFuncionAntesDeLaPeticion() --- este es el endpoint: ', 'funcion_registrarAsistente')
06-Mar-25 18:48:35 - INFO - The CSRF session token is missing.
06-Mar-25 18:58:02 - INFO - ('miFuncionAntesDeLaPeticion() --- este es el endpoint: ', 'funcion_registrarAsistente')
06-Mar-25 18:58:05 - INFO - The CSRF session token is missing.
06-Mar-25 19:00:11 - INFO - ('miFuncionAntesDeLaPeticion() --- este es el endpoint: ', 'funcion_registrarAsistente')
06-Mar-25 19:00:35 - INFO - ('miFuncionAntesDeLaPeticion() --- este es el endpoint: ', 'funcion_registrarAsistente')
06-Mar-25 19:00:39 - INFO - The CSRF session token is missing.
06-Mar-25 19:23:24 - INFO - ('miFuncionAntesDeLaPeticion() --- este es el endpoint: ', 'funcion_registrarAsistente')
06-Mar-25 19:23:28 - INFO - The CSRF session token is missing.
06-Mar-25 19:25:59 - INFO - ('miFuncionAntesDeLaPeticion() --- este es el endpoint: ', 'funcion_registrarAsistente')
06-Mar-25 19:26:03 - INFO - The CSRF session token is missing.
06-Mar-25 19:27:56 - INFO - ('miFuncionAntesDeLaPeticion() --- este es el endpoint: ', 'funcion_registrarAsistente')
06-Mar-25 19:28:07 - INFO - The CSRF token has expired.
11-Mar-25 17:32:42 - INFO - ('miFuncionAntesDeLaPeticion() --- este es el endpoint: ', None)
11-Mar-25 17:32:42 - INFO - ('miFuncionAntesDeLaPeticion() --- este es el endpoint: ', None)
11-Mar-25 17:32:44 - INFO - ('miFuncionAntesDeLaPeticion() --- este es el endpoint: ', 'funcionAdministradorLogin')
11-Mar-25 17:32:45 - INFO - ('miFuncionAntesDeLaPeticion() --- este es el endpoint: ', 'static')
11-Mar-25 17:32:45 - INFO - ('miFuncionAntesDeLaPeticion() --- este es el endpoint: ', 'static')
11-Mar-25 17:32:45 - INFO - ('miFuncionAntesDeLaPeticion() --- este es el endpoint: ', 'static')
11-Mar-25 17:32:48 - INFO - ('miFuncionAntesDeLaPeticion() --- este es el endpoint: ', 'funcionAdministradorLogin')
11-Mar-25 17:32:48 - INFO - ('miFuncionAntesDeLaPeticion() --- este es el endpoint: ', 'funcionAdministradorHome')
11-Mar-25 17:32:49 - INFO - ('miFuncionAntesDeLaPeticion() --- este es el endpoint: ', 'static')
11-Mar-25 17:32:49 - INFO - ('miFuncionAntesDeLaPeticion() --- este es el endpoint: ', 'static')
11-Mar-25 17:32:49 - INFO - ('miFuncionAntesDeLaPeticion() --- este es el endpoint: ', 'static')
11-Mar-25 17:33:11 - INFO - ('miFuncionAntesDeLaPeticion() --- este es el endpoint: ', 'funcionAdministradorCerrarSesion')
11-Mar-25 17:33:11 - INFO - ('miFuncionAntesDeLaPeticion() --- este es el endpoint: ', 'funcionAdministradorLogin')
11-Mar-25 17:33:11 - INFO - ('miFuncionAntesDeLaPeticion() --- este es el endpoint: ', 'static')
11-Mar-25 17:33:11 - INFO - ('miFuncionAntesDeLaPeticion() --- este es el endpoint: ', 'static')
11-Mar-25 17:33:11 - INFO - ('miFuncionAntesDeLaPeticion() --- este es el endpoint: ', 'static')
11-Mar-25 17:33:15 - INFO - ('miFuncionAntesDeLaPeticion() --- este es el endpoint: ', 'funcionAdministradorLogin')
11-Mar-25 17:33:16 - INFO - ('miFuncionAntesDeLaPeticion() --- este es el endpoint: ', 'funcionAdministradorHome')
11-Mar-25 17:33:16 - INFO - ('miFuncionAntesDeLaPeticion() --- este es el endpoint: ', 'static')
11-Mar-25 17:33:16 - INFO - ('miFuncionAntesDeLaPeticion() --- este es el endpoint: ', 'static')
11-Mar-25 17:33:17 - INFO - ('miFuncionAntesDeLaPeticion() --- este es el endpoint: ', 'funcionAdministradorPanelEvento')
11-Mar-25 17:33:17 - INFO - ('miFuncionAntesDeLaPeticion() --- este es el endpoint: ', 'static')
11-Mar-25 17:33:17 - INFO - ('miFuncionAntesDeLaPeticion() --- este es el endpoint: ', 'static')
11-Mar-25 17:33:17 - INFO - ('miFuncionAntesDeLaPeticion() --- este es el endpoint: ', 'static')
11-Mar-25 17:33:20 - INFO - ('miFuncionAntesDeLaPeticion() --- este es el endpoint: ', 'funcionGenerarCodigoQR')
11-Mar-25 17:44:34 - INFO - ('miFuncionAntesDeLaPeticion() --- este es el endpoint: ', 'funcion_registrarAsistente')
11-Mar-25 17:44:39 - INFO - ('miFuncionAntesDeLaPeticion() --- este es el endpoint: ', None)
11-Mar-25 17:54:04 - INFO - ('miFuncionAntesDeLaPeticion() --- este es el endpoint: ', 'funcion_registrarAsistente')
11-Mar-25 17:54:09 - INFO - ('miFuncionAntesDeLaPeticion() --- este es el endpoint: ', None)
11-Mar-25 17:56:48 - INFO - ('miFuncionAntesDeLaPeticion() --- este es el endpoint: ', 'funcion_registrarAsistente')
11-Mar-25 17:56:52 - INFO - ('miFuncionAntesDeLaPeticion() --- este es el endpoint: ', None)
11-Mar-25 18:01:37 - INFO - ('miFuncionAntesDeLaPeticion() --- este es el endpoint: ', 'funcion_registrarAsistente')
11-Mar-25 18:01:55 - INFO - ('miFuncionAntesDeLaPeticion() --- este es el endpoint: ', 'funcion_registrarAsistente')
11-Mar-25 18:02:16 - INFO - ('miFuncionAntesDeLaPeticion() --- este es el endpoint: ', 'funcion_registrarAsistente')
11-Mar-25 18:02:50 - INFO - ('miFuncionAntesDeLaPeticion() --- este es el endpoint: ', 'funcion_registrarAsistente')
11-Mar-25 18:04:40 - INFO - ('miFuncionAntesDeLaPeticion() --- este es el endpoint: ', 'funcion_registrarAsistente')
11-Mar-25 18:04:44 - INFO - The CSRF session token is missing.
11-Mar-25 18:05:10 - INFO - ('miFuncionAntesDeLaPeticion() --- este es el endpoint: ', None)
11-Mar-25 18:07:14 - INFO - ('miFuncionAntesDeLaPeticion() --- este es el endpoint: ', 'funcion_registrarAsistente')
11-Mar-25 18:07:20 - INFO - The CSRF session token is missing.
11-Mar-25 18:08:33 - INFO - ('miFuncionAntesDeLaPeticion() --- este es el endpoint: ', None)
11-Mar-25 18:13:09 - INFO - ('miFuncionAntesDeLaPeticion() --- este es el endpoint: ', 'funcion_registrarAsistente')
11-Mar-25 18:13:15 - INFO - The CSRF session token is missing.
11-Mar-25 18:13:34 - INFO - The CSRF session token is missing.
11-Mar-25 18:13:43 - INFO - The CSRF session token is missing.
11-Mar-25 18:14:02 - INFO - ('miFuncionAntesDeLaPeticion() --- este es el endpoint: ', 'funcion_registrarAsistente')
11-Mar-25 18:14:04 - INFO - ('miFuncionAntesDeLaPeticion() --- este es el endpoint: ', None)
11-Mar-25 18:48:02 - INFO - ('miFuncionAntesDeLaPeticion() --- este es el endpoint: ', 'funcion_registrarAsistente')
11-Mar-25 18:48:15 - INFO - ('miFuncionAntesDeLaPeticion() --- este es el endpoint: ', None)
11-Mar-25 18:48:43 - INFO - ('miFuncionAntesDeLaPeticion() --- este es el endpoint: ', None)
11-Mar-25 18:48:45 - INFO - ('miFuncionAntesDeLaPeticion() --- este es el endpoint: ', None)
11-Mar-25 18:48:47 - INFO - ('miFuncionAntesDeLaPeticion() --- este es el endpoint: ', None)
11-Mar-25 18:49:03 - INFO - ('miFuncionAntesDeLaPeticion() --- este es el endpoint: ', 'funcion_registrarAsistente')
11-Mar-25 18:49:08 - INFO - ('miFuncionAntesDeLaPeticion() --- este es el endpoint: ', None)
11-Mar-25 18:50:22 - INFO - ('miFuncionAntesDeLaPeticion() --- este es el endpoint: ', 'funcion_registrarAsistente')
11-Mar-25 18:50:57 - INFO - ('miFuncionAntesDeLaPeticion() --- este es el endpoint: ', None)
11-Mar-25 18:51:13 - INFO - ('miFuncionAntesDeLaPeticion() --- este es el endpoint: ', 'funcion_aceptarRobot')
11-Mar-25 18:51:40 - INFO - ('miFuncionAntesDeLaPeticion() --- este es el endpoint: ', 'funcionAdministradorModificarRobotsEvento')
11-Mar-25 18:51:40 - INFO - ('miFuncionAntesDeLaPeticion() --- este es el endpoint: ', 'static')
11-Mar-25 18:51:40 - INFO - ('miFuncionAntesDeLaPeticion() --- este es el endpoint: ', 'static')
11-Mar-25 18:51:40 - INFO - ('miFuncionAntesDeLaPeticion() --- este es el endpoint: ', 'static')
11-Mar-25 18:51:40 - INFO - ('miFuncionAntesDeLaPeticion() --- este es el endpoint: ', 'static')
11-Mar-25 18:51:40 - INFO - ('miFuncionAntesDeLaPeticion() --- este es el endpoint: ', 'static')
11-Mar-25 18:51:40 - INFO - ('miFuncionAntesDeLaPeticion() --- este es el endpoint: ', 'static')
11-Mar-25 18:51:40 - INFO - ('miFuncionAntesDeLaPeticion() --- este es el endpoint: ', 'static')
11-Mar-25 18:51:40 - INFO - ('miFuncionAntesDeLaPeticion() --- este es el endpoint: ', 'static')
11-Mar-25 18:51:40 - INFO - ('miFuncionAntesDeLaPeticion() --- este es el endpoint: ', 'static')
11-Mar-25 18:51:40 - INFO - ('miFuncionAntesDeLaPeticion() --- este es el endpoint: ', 'static')
11-Mar-25 18:51:40 - INFO - ('miFuncionAntesDeLaPeticion() --- este es el endpoint: ', 'static')
11-Mar-25 18:51:41 - INFO - ('miFuncionAntesDeLaPeticion() --- este es el endpoint: ', 'static')
11-Mar-25 18:51:50 - INFO - ('miFuncionAntesDeLaPeticion() --- este es el endpoint: ', 'funcionAdministradorPanelRobotPonerServicio')
11-Mar-25 18:51:50 - INFO - ('miFuncionAntesDeLaPeticion() --- este es el endpoint: ', 'funcionAdministradorModificarRobotsEvento')
11-Mar-25 18:51:51 - INFO - ('miFuncionAntesDeLaPeticion() --- este es el endpoint: ', 'static')
11-Mar-25 18:51:51 - INFO - ('miFuncionAntesDeLaPeticion() --- este es el endpoint: ', 'static')
11-Mar-25 18:51:51 - INFO - ('miFuncionAntesDeLaPeticion() --- este es el endpoint: ', 'static')
11-Mar-25 18:51:51 - INFO - ('miFuncionAntesDeLaPeticion() --- este es el endpoint: ', 'static')
11-Mar-25 18:51:51 - INFO - ('miFuncionAntesDeLaPeticion() --- este es el endpoint: ', 'static')
11-Mar-25 18:51:51 - INFO - ('miFuncionAntesDeLaPeticion() --- este es el endpoint: ', 'static')
11-Mar-25 18:51:51 - INFO - ('miFuncionAntesDeLaPeticion() --- este es el endpoint: ', 'static')
11-Mar-25 18:51:51 - INFO - ('miFuncionAntesDeLaPeticion() --- este es el endpoint: ', 'static')
11-Mar-25 18:51:51 - INFO - ('miFuncionAntesDeLaPeticion() --- este es el endpoint: ', 'static')
11-Mar-25 18:51:51 - INFO - ('miFuncionAntesDeLaPeticion() --- este es el endpoint: ', 'static')
11-Mar-25 18:51:51 - INFO - ('miFuncionAntesDeLaPeticion() --- este es el endpoint: ', 'static')
11-Mar-25 18:51:51 - INFO - ('miFuncionAntesDeLaPeticion() --- este es el endpoint: ', 'funcionAdministradorPanelRobotPonerServicio')
11-Mar-25 18:51:51 - INFO - ('miFuncionAntesDeLaPeticion() --- este es el endpoint: ', 'funcionAdministradorModificarRobotsEvento')
11-Mar-25 18:51:52 - INFO - ('miFuncionAntesDeLaPeticion() --- este es el endpoint: ', 'static')
11-Mar-25 18:51:52 - INFO - ('miFuncionAntesDeLaPeticion() --- este es el endpoint: ', 'static')
11-Mar-25 18:51:52 - INFO - ('miFuncionAntesDeLaPeticion() --- este es el endpoint: ', 'static')
11-Mar-25 18:51:52 - INFO - ('miFuncionAntesDeLaPeticion() --- este es el endpoint: ', 'static')
11-Mar-25 18:51:52 - INFO - ('miFuncionAntesDeLaPeticion() --- este es el endpoint: ', 'static')
11-Mar-25 18:51:52 - INFO - ('miFuncionAntesDeLaPeticion() --- este es el endpoint: ', 'static')
11-Mar-25 18:51:52 - INFO - ('miFuncionAntesDeLaPeticion() --- este es el endpoint: ', 'static')
11-Mar-25 18:51:52 - INFO - ('miFuncionAntesDeLaPeticion() --- este es el endpoint: ', 'static')
11-Mar-25 18:51:52 - INFO - ('miFuncionAntesDeLaPeticion() --- este es el endpoint: ', 'static')
11-Mar-25 18:51:52 - INFO - ('miFuncionAntesDeLaPeticion() --- este es el endpoint: ', 'static')
11-Mar-25 18:51:52 - INFO - ('miFuncionAntesDeLaPeticion() --- este es el endpoint: ', 'static')
11-Mar-25 18:52:06 - INFO - ('miFuncionAntesDeLaPeticion() --- este es el endpoint: ', 'funcion_registrarAsistente')
11-Mar-25 18:52:35 - INFO - ('miFuncionAntesDeLaPeticion() --- este es el endpoint: ', 'funcion_aceptarRobot')
11-Mar-25 18:52:52 - INFO - ('miFuncionAntesDeLaPeticion() --- este es el endpoint: ', 'funcionAdministradorPanelRobotPonerServicio')
11-Mar-25 18:52:52 - INFO - ('miFuncionAntesDeLaPeticion() --- este es el endpoint: ', 'funcionAdministradorModificarRobotsEvento')
11-Mar-25 18:52:53 - INFO - ('miFuncionAntesDeLaPeticion() --- este es el endpoint: ', 'static')
11-Mar-25 18:52:53 - INFO - ('miFuncionAntesDeLaPeticion() --- este es el endpoint: ', 'static')
11-Mar-25 18:52:53 - INFO - ('miFuncionAntesDeLaPeticion() --- este es el endpoint: ', 'static')
11-Mar-25 18:52:53 - INFO - ('miFuncionAntesDeLaPeticion() --- este es el endpoint: ', 'static')
11-Mar-25 18:52:53 - INFO - ('miFuncionAntesDeLaPeticion() --- este es el endpoint: ', 'static')
11-Mar-25 18:52:53 - INFO - ('miFuncionAntesDeLaPeticion() --- este es el endpoint: ', 'static')
11-Mar-25 18:52:53 - INFO - ('miFuncionAntesDeLaPeticion() --- este es el endpoint: ', 'static')
11-Mar-25 18:52:53 - INFO - ('miFuncionAntesDeLaPeticion() --- este es el endpoint: ', 'static')
11-Mar-25 18:52:53 - INFO - ('miFuncionAntesDeLaPeticion() --- este es el endpoint: ', 'static')
11-Mar-25 18:52:53 - INFO - ('miFuncionAntesDeLaPeticion() --- este es el endpoint: ', 'static')
11-Mar-25 18:52:53 - INFO - ('miFuncionAntesDeLaPeticion() --- este es el endpoint: ', 'static')
11-Mar-25 18:52:53 - INFO - ('miFuncionAntesDeLaPeticion() --- este es el endpoint: ', 'funcionAdministradorPanelRobotPonerServicio')
11-Mar-25 18:52:53 - INFO - ('miFuncionAntesDeLaPeticion() --- este es el endpoint: ', 'funcionAdministradorModificarRobotsEvento')
11-Mar-25 18:52:53 - INFO - ('miFuncionAntesDeLaPeticion() --- este es el endpoint: ', 'static')
11-Mar-25 18:52:53 - INFO - ('miFuncionAntesDeLaPeticion() --- este es el endpoint: ', 'static')
11-Mar-25 18:52:53 - INFO - ('miFuncionAntesDeLaPeticion() --- este es el endpoint: ', 'static')
11-Mar-25 18:52:53 - INFO - ('miFuncionAntesDeLaPeticion() --- este es el endpoint: ', 'static')
11-Mar-25 18:52:53 - INFO - ('miFuncionAntesDeLaPeticion() --- este es el endpoint: ', 'static')
11-Mar-25 18:52:53 - INFO - ('miFuncionAntesDeLaPeticion() --- este es el endpoint: ', 'static')
11-Mar-25 18:52:53 - INFO - ('miFuncionAntesDeLaPeticion() --- este es el endpoint: ', 'static')
11-Mar-25 18:52:53 - INFO - ('miFuncionAntesDeLaPeticion() --- este es el endpoint: ', 'static')
11-Mar-25 18:52:53 - INFO - ('miFuncionAntesDeLaPeticion() --- este es el endpoint: ', 'static')
11-Mar-25 18:52:53 - INFO - ('miFuncionAntesDeLaPeticion() --- este es el endpoint: ', 'static')
11-Mar-25 18:52:53 - INFO - ('miFuncionAntesDeLaPeticion() --- este es el endpoint: ', 'static')
11-Mar-25 18:52:58 - INFO - ('miFuncionAntesDeLaPeticion() --- este es el endpoint: ', 'funcion_registrarAsistente')
11-Mar-25 18:53:20 - INFO - ('miFuncionAntesDeLaPeticion() --- este es el endpoint: ', None)
11-Mar-25 18:54:20 - INFO - ('miFuncionAntesDeLaPeticion() --- este es el endpoint: ', 'funcion_registrarAsistente')
11-Mar-25 18:54:51 - INFO - The CSRF session token is missing.
11-Mar-25 18:56:04 - INFO - ('miFuncionAntesDeLaPeticion() --- este es el endpoint: ', 'funcion_registrarAsistente')
11-Mar-25 18:57:39 - INFO - ('miFuncionAntesDeLaPeticion() --- este es el endpoint: ', 'funcion_registrarAsistente')
11-Mar-25 19:01:26 - INFO - ('miFuncionAntesDeLaPeticion() --- este es el endpoint: ', 'funcion_registrarAsistente')
11-Mar-25 19:01:27 - INFO - ('miFuncionAntesDeLaPeticion() --- este es el endpoint: ', None)
11-Mar-25 19:01:39 - INFO - ('miFuncionAntesDeLaPeticion() --- este es el endpoint: ', None)
11-Mar-25 19:02:18 - INFO - ('miFuncionAntesDeLaPeticion() --- este es el endpoint: ', 'funcion_registrarAsistente')
11-Mar-25 19:02:22 - INFO - The CSRF session token is missing.
11-Mar-25 19:02:53 - INFO - ('miFuncionAntesDeLaPeticion() --- este es el endpoint: ', 'funcion_registrarAsistente')
11-Mar-25 19:03:00 - INFO - The CSRF session token is missing.
11-Mar-25 19:03:33 - INFO - ('miFuncionAntesDeLaPeticion() --- este es el endpoint: ', 'funcion_registrarAsistente')
11-Mar-25 19:03:58 - INFO - ('miFuncionAntesDeLaPeticion() --- este es el endpoint: ', 'funcion_registrarAsistente')
11-Mar-25 19:06:58 - INFO - ('miFuncionAntesDeLaPeticion() --- este es el endpoint: ', 'funcion_registrarAsistente')
11-Mar-25 19:07:40 - INFO - The CSRF session token is missing.
11-Mar-25 19:25:59 - INFO - ('miFuncionAntesDeLaPeticion() --- este es el endpoint: ', 'funcion_registrarAsistente')
11-Mar-25 19:26:06 - INFO - The CSRF session token is missing.
11-Mar-25 19:29:06 - INFO - ('miFuncionAntesDeLaPeticion() --- este es el endpoint: ', 'funcion_registrarAsistente')
11-Mar-25 19:29:09 - INFO - The CSRF session token is missing.
11-Mar-25 19:31:28 - INFO - ('miFuncionAntesDeLaPeticion() --- este es el endpoint: ', 'funcion_registrarAsistente')
11-Mar-25 19:31:31 - INFO - The CSRF session token is missing.
12-Mar-25 15:50:25 - INFO - ('miFuncionAntesDeLaPeticion() --- este es el endpoint: ', None)
12-Mar-25 15:50:29 - INFO - ('miFuncionAntesDeLaPeticion() --- este es el endpoint: ', 'funcionAdministradorLogin')
12-Mar-25 15:50:29 - INFO - ('miFuncionAntesDeLaPeticion() --- este es el endpoint: ', 'static')
12-Mar-25 15:50:29 - INFO - ('miFuncionAntesDeLaPeticion() --- este es el endpoint: ', 'static')
12-Mar-25 15:50:29 - INFO - ('miFuncionAntesDeLaPeticion() --- este es el endpoint: ', 'static')
12-Mar-25 15:50:34 - INFO - ('miFuncionAntesDeLaPeticion() --- este es el endpoint: ', 'funcionAdministradorLogin')
12-Mar-25 15:50:34 - INFO - ('miFuncionAntesDeLaPeticion() --- este es el endpoint: ', 'funcionAdministradorHome')
12-Mar-25 15:50:34 - INFO - ('miFuncionAntesDeLaPeticion() --- este es el endpoint: ', 'static')
12-Mar-25 15:50:34 - INFO - ('miFuncionAntesDeLaPeticion() --- este es el endpoint: ', 'static')
12-Mar-25 15:50:34 - INFO - ('miFuncionAntesDeLaPeticion() --- este es el endpoint: ', 'static')
12-Mar-25 15:51:42 - INFO - ('miFuncionAntesDeLaPeticion() --- este es el endpoint: ', 'funcion_registrarAsistente')
12-Mar-25 15:51:45 - INFO - The CSRF session token is missing.
12-Mar-25 15:55:36 - INFO - ('miFuncionAntesDeLaPeticion() --- este es el endpoint: ', 'funcion_registrarAsistente')
12-Mar-25 15:55:38 - INFO - The CSRF session token is missing.
12-Mar-25 15:55:43 - INFO - The CSRF session token is missing.
12-Mar-25 15:59:45 - INFO - ('miFuncionAntesDeLaPeticion() --- este es el endpoint: ', 'funcion_registrarAsistente')
12-Mar-25 16:00:23 - INFO - The CSRF session token is missing.
12-Mar-25 16:01:19 - INFO - The CSRF session token is missing.
12-Mar-25 16:01:48 - INFO - The CSRF session token is missing.
12-Mar-25 16:02:14 - INFO - ('miFuncionAntesDeLaPeticion() --- este es el endpoint: ', 'funcion_registrarAsistente')
12-Mar-25 16:02:35 - INFO - ('miFuncionAntesDeLaPeticion() --- este es el endpoint: ', 'funcion_aceptarRobot')
12-Mar-25 16:02:43 - INFO - ('miFuncionAntesDeLaPeticion() --- este es el endpoint: ', 'funcionAdministradorPanelEvento')
12-Mar-25 16:02:43 - INFO - ('miFuncionAntesDeLaPeticion() --- este es el endpoint: ', 'static')
12-Mar-25 16:02:43 - INFO - ('miFuncionAntesDeLaPeticion() --- este es el endpoint: ', 'static')
12-Mar-25 16:02:43 - INFO - ('miFuncionAntesDeLaPeticion() --- este es el endpoint: ', 'static')
12-Mar-25 16:02:45 - INFO - ('miFuncionAntesDeLaPeticion() --- este es el endpoint: ', 'funcionAdministradorModificarRobotsEvento')
12-Mar-25 16:02:46 - INFO - ('miFuncionAntesDeLaPeticion() --- este es el endpoint: ', 'static')
12-Mar-25 16:02:46 - INFO - ('miFuncionAntesDeLaPeticion() --- este es el endpoint: ', 'static')
12-Mar-25 16:02:46 - INFO - ('miFuncionAntesDeLaPeticion() --- este es el endpoint: ', 'static')
12-Mar-25 16:02:46 - INFO - ('miFuncionAntesDeLaPeticion() --- este es el endpoint: ', 'static')
12-Mar-25 16:02:46 - INFO - ('miFuncionAntesDeLaPeticion() --- este es el endpoint: ', 'static')
12-Mar-25 16:02:46 - INFO - ('miFuncionAntesDeLaPeticion() --- este es el endpoint: ', 'static')
12-Mar-25 16:02:46 - INFO - ('miFuncionAntesDeLaPeticion() --- este es el endpoint: ', 'static')
12-Mar-25 16:02:46 - INFO - ('miFuncionAntesDeLaPeticion() --- este es el endpoint: ', 'static')
12-Mar-25 16:02:46 - INFO - ('miFuncionAntesDeLaPeticion() --- este es el endpoint: ', 'static')
12-Mar-25 16:02:46 - INFO - ('miFuncionAntesDeLaPeticion() --- este es el endpoint: ', 'static')
12-Mar-25 16:02:46 - INFO - ('miFuncionAntesDeLaPeticion() --- este es el endpoint: ', 'static')
12-Mar-25 16:02:46 - INFO - ('miFuncionAntesDeLaPeticion() --- este es el endpoint: ', 'static')
12-Mar-25 16:02:48 - INFO - ('miFuncionAntesDeLaPeticion() --- este es el endpoint: ', 'funcionAdministradorPanelRobotPonerServicio')
12-Mar-25 16:02:48 - INFO - ('miFuncionAntesDeLaPeticion() --- este es el endpoint: ', 'funcionAdministradorModificarRobotsEvento')
12-Mar-25 16:02:49 - INFO - ('miFuncionAntesDeLaPeticion() --- este es el endpoint: ', 'static')
12-Mar-25 16:02:49 - INFO - ('miFuncionAntesDeLaPeticion() --- este es el endpoint: ', 'static')
12-Mar-25 16:02:49 - INFO - ('miFuncionAntesDeLaPeticion() --- este es el endpoint: ', 'static')
12-Mar-25 16:02:49 - INFO - ('miFuncionAntesDeLaPeticion() --- este es el endpoint: ', 'static')
12-Mar-25 16:02:49 - INFO - ('miFuncionAntesDeLaPeticion() --- este es el endpoint: ', 'static')
12-Mar-25 16:02:49 - INFO - ('miFuncionAntesDeLaPeticion() --- este es el endpoint: ', 'static')
12-Mar-25 16:02:49 - INFO - ('miFuncionAntesDeLaPeticion() --- este es el endpoint: ', 'static')
12-Mar-25 16:02:49 - INFO - ('miFuncionAntesDeLaPeticion() --- este es el endpoint: ', 'static')
12-Mar-25 16:02:49 - INFO - ('miFuncionAntesDeLaPeticion() --- este es el endpoint: ', 'static')
12-Mar-25 16:02:49 - INFO - ('miFuncionAntesDeLaPeticion() --- este es el endpoint: ', 'static')
12-Mar-25 16:02:49 - INFO - ('miFuncionAntesDeLaPeticion() --- este es el endpoint: ', 'static')
12-Mar-25 16:02:49 - INFO - ('miFuncionAntesDeLaPeticion() --- este es el endpoint: ', 'funcionAdministradorPanelRobotPonerServicio')
12-Mar-25 16:02:49 - INFO - ('miFuncionAntesDeLaPeticion() --- este es el endpoint: ', 'funcionAdministradorModificarRobotsEvento')
12-Mar-25 16:02:50 - INFO - ('miFuncionAntesDeLaPeticion() --- este es el endpoint: ', 'static')
12-Mar-25 16:02:50 - INFO - ('miFuncionAntesDeLaPeticion() --- este es el endpoint: ', 'static')
12-Mar-25 16:02:50 - INFO - ('miFuncionAntesDeLaPeticion() --- este es el endpoint: ', 'static')
12-Mar-25 16:02:50 - INFO - ('miFuncionAntesDeLaPeticion() --- este es el endpoint: ', 'static')
12-Mar-25 16:02:50 - INFO - ('miFuncionAntesDeLaPeticion() --- este es el endpoint: ', 'static')
12-Mar-25 16:02:50 - INFO - ('miFuncionAntesDeLaPeticion() --- este es el endpoint: ', 'static')
12-Mar-25 16:02:50 - INFO - ('miFuncionAntesDeLaPeticion() --- este es el endpoint: ', 'static')
12-Mar-25 16:02:50 - INFO - ('miFuncionAntesDeLaPeticion() --- este es el endpoint: ', 'static')
12-Mar-25 16:02:50 - INFO - ('miFuncionAntesDeLaPeticion() --- este es el endpoint: ', 'static')
12-Mar-25 16:02:50 - INFO - ('miFuncionAntesDeLaPeticion() --- este es el endpoint: ', 'static')
12-Mar-25 16:02:50 - INFO - ('miFuncionAntesDeLaPeticion() --- este es el endpoint: ', 'static')
12-Mar-25 16:03:14 - INFO - ('miFuncionAntesDeLaPeticion() --- este es el endpoint: ', 'funcion_registrarAsistente')
12-Mar-25 16:04:45 - INFO - The CSRF session token is missing.
12-Mar-25 16:05:12 - INFO - The CSRF session token is missing.
12-Mar-25 16:05:21 - INFO - ('miFuncionAntesDeLaPeticion() --- este es el endpoint: ', 'funcion_aceptarRobot')
12-Mar-25 16:09:30 - INFO - ('miFuncionAntesDeLaPeticion() --- este es el endpoint: ', 'funcionAdministradorLogin')
12-Mar-25 16:09:30 - INFO - ('miFuncionAntesDeLaPeticion() --- este es el endpoint: ', 'static')
12-Mar-25 16:09:30 - INFO - ('miFuncionAntesDeLaPeticion() --- este es el endpoint: ', 'static')
12-Mar-25 16:09:30 - INFO - ('miFuncionAntesDeLaPeticion() --- este es el endpoint: ', 'static')
12-Mar-25 16:20:25 - INFO - ('miFuncionAntesDeLaPeticion() --- este es el endpoint: ', 'funcionAdministradorLogin')
12-Mar-25 16:20:25 - INFO - ('miFuncionAntesDeLaPeticion() --- este es el endpoint: ', 'static')
12-Mar-25 16:20:25 - INFO - ('miFuncionAntesDeLaPeticion() --- este es el endpoint: ', 'static')
12-Mar-25 16:20:25 - INFO - ('miFuncionAntesDeLaPeticion() --- este es el endpoint: ', 'static')
12-Mar-25 16:20:25 - INFO - ('miFuncionAntesDeLaPeticion() --- este es el endpoint: ', None)
12-Mar-25 16:20:33 - INFO - ('miFuncionAntesDeLaPeticion() --- este es el endpoint: ', 'funcionAdministradorLogin')
12-Mar-25 16:20:33 - INFO - ('miFuncionAntesDeLaPeticion() --- este es el endpoint: ', 'funcionAdministradorHome')
12-Mar-25 16:20:33 - INFO - ('miFuncionAntesDeLaPeticion() --- este es el endpoint: ', 'static')
12-Mar-25 16:20:33 - INFO - ('miFuncionAntesDeLaPeticion() --- este es el endpoint: ', 'static')
12-Mar-25 16:20:33 - INFO - ('miFuncionAntesDeLaPeticion() --- este es el endpoint: ', 'static')
12-Mar-25 16:20:35 - INFO - ('miFuncionAntesDeLaPeticion() --- este es el endpoint: ', 'funcionAdministradorCerrarSesion')
12-Mar-25 16:20:35 - INFO - ('miFuncionAntesDeLaPeticion() --- este es el endpoint: ', 'funcionAdministradorLogin')
12-Mar-25 16:20:35 - INFO - ('miFuncionAntesDeLaPeticion() --- este es el endpoint: ', 'static')
12-Mar-25 16:20:35 - INFO - ('miFuncionAntesDeLaPeticion() --- este es el endpoint: ', 'static')
12-Mar-25 16:20:35 - INFO - ('miFuncionAntesDeLaPeticion() --- este es el endpoint: ', 'static')
12-Mar-25 16:21:16 - INFO - ('miFuncionAntesDeLaPeticion() --- este es el endpoint: ', 'funcionAdministradorLogin')
12-Mar-25 16:21:16 - INFO - ('miFuncionAntesDeLaPeticion() --- este es el endpoint: ', 'static')
12-Mar-25 16:21:17 - INFO - ('miFuncionAntesDeLaPeticion() --- este es el endpoint: ', 'static')
12-Mar-25 16:21:17 - INFO - ('miFuncionAntesDeLaPeticion() --- este es el endpoint: ', 'static')
12-Mar-25 16:21:47 - INFO - ('miFuncionAntesDeLaPeticion() --- este es el endpoint: ', None)
12-Mar-25 16:21:47 - INFO - ('miFuncionAntesDeLaPeticion() --- este es el endpoint: ', 'funcionAdministradorLogin')
12-Mar-25 16:21:47 - INFO - ('miFuncionAntesDeLaPeticion() --- este es el endpoint: ', 'funcionAdministradorHome')
12-Mar-25 16:21:47 - INFO - ('miFuncionAntesDeLaPeticion() --- este es el endpoint: ', 'static')
12-Mar-25 16:21:47 - INFO - ('miFuncionAntesDeLaPeticion() --- este es el endpoint: ', 'static')
12-Mar-25 16:21:47 - INFO - ('miFuncionAntesDeLaPeticion() --- este es el endpoint: ', 'static')
12-Mar-25 16:22:54 - INFO - ('miFuncionAntesDeLaPeticion() --- este es el endpoint: ', 'funcionAdministradorPanelEvento')
12-Mar-25 16:23:22 - INFO - ('miFuncionAntesDeLaPeticion() --- este es el endpoint: ', 'static')
12-Mar-25 16:23:22 - INFO - ('miFuncionAntesDeLaPeticion() --- este es el endpoint: ', 'static')
12-Mar-25 16:23:22 - INFO - ('miFuncionAntesDeLaPeticion() --- este es el endpoint: ', 'static')
12-Mar-25 16:23:26 - INFO - ('miFuncionAntesDeLaPeticion() --- este es el endpoint: ', 'funcionAdministradorCrearEvento')
12-Mar-25 16:23:26 - INFO - ('miFuncionAntesDeLaPeticion() --- este es el endpoint: ', 'static')
12-Mar-25 16:23:26 - INFO - ('miFuncionAntesDeLaPeticion() --- este es el endpoint: ', 'static')
12-Mar-25 16:23:26 - INFO - ('miFuncionAntesDeLaPeticion() --- este es el endpoint: ', 'static')
12-Mar-25 16:23:49 - INFO - ('miFuncionAntesDeLaPeticion() --- este es el endpoint: ', 'funcionAdministradorCrearEvento')
12-Mar-25 16:23:49 - INFO - ('miFuncionAntesDeLaPeticion() --- este es el endpoint: ', 'funcionAdministradorPanelEvento')
12-Mar-25 16:23:49 - INFO - ('miFuncionAntesDeLaPeticion() --- este es el endpoint: ', 'static')
12-Mar-25 16:23:49 - INFO - ('miFuncionAntesDeLaPeticion() --- este es el endpoint: ', 'static')
12-Mar-25 16:23:49 - INFO - ('miFuncionAntesDeLaPeticion() --- este es el endpoint: ', 'static')
12-Mar-25 16:26:24 - INFO - ('miFuncionAntesDeLaPeticion() --- este es el endpoint: ', 'funcionAdministradorHome')
12-Mar-25 16:26:24 - INFO - ('miFuncionAntesDeLaPeticion() --- este es el endpoint: ', 'static')
12-Mar-25 16:26:24 - INFO - ('miFuncionAntesDeLaPeticion() --- este es el endpoint: ', 'static')
12-Mar-25 16:26:27 - INFO - ('miFuncionAntesDeLaPeticion() --- este es el endpoint: ', 'funcionAdministradorCerrarSesion')
12-Mar-25 16:26:27 - INFO - ('miFuncionAntesDeLaPeticion() --- este es el endpoint: ', 'funcionAdministradorLogin')
12-Mar-25 16:26:27 - INFO - ('miFuncionAntesDeLaPeticion() --- este es el endpoint: ', 'static')
12-Mar-25 16:26:27 - INFO - ('miFuncionAntesDeLaPeticion() --- este es el endpoint: ', 'static')
12-Mar-25 16:26:27 - INFO - ('miFuncionAntesDeLaPeticion() --- este es el endpoint: ', 'static')
12-Mar-25 16:27:59 - INFO - ('miFuncionAntesDeLaPeticion() --- este es el endpoint: ', 'funcionAdministradorLogin')
12-Mar-25 16:27:59 - INFO - ('miFuncionAntesDeLaPeticion() --- este es el endpoint: ', 'static')
12-Mar-25 16:27:59 - INFO - ('miFuncionAntesDeLaPeticion() --- este es el endpoint: ', 'static')
12-Mar-25 16:27:59 - INFO - ('miFuncionAntesDeLaPeticion() --- este es el endpoint: ', 'static')
12-Mar-25 16:28:00 - INFO - ('miFuncionAntesDeLaPeticion() --- este es el endpoint: ', None)
12-Mar-25 16:28:16 - INFO - ('miFuncionAntesDeLaPeticion() --- este es el endpoint: ', 'funcionAdministradorLogin')
12-Mar-25 16:28:16 - INFO - ('miFuncionAntesDeLaPeticion() --- este es el endpoint: ', 'funcionAdministradorHome')
12-Mar-25 16:28:16 - INFO - ('miFuncionAntesDeLaPeticion() --- este es el endpoint: ', 'static')
12-Mar-25 16:28:16 - INFO - ('miFuncionAntesDeLaPeticion() --- este es el endpoint: ', 'static')
12-Mar-25 16:28:16 - INFO - ('miFuncionAntesDeLaPeticion() --- este es el endpoint: ', 'static')
12-Mar-25 16:28:20 - INFO - ('miFuncionAntesDeLaPeticion() --- este es el endpoint: ', 'funcionAdministradorPanelEvento')
12-Mar-25 16:28:20 - INFO - ('miFuncionAntesDeLaPeticion() --- este es el endpoint: ', 'static')
12-Mar-25 16:28:20 - INFO - ('miFuncionAntesDeLaPeticion() --- este es el endpoint: ', 'static')
12-Mar-25 16:28:20 - INFO - ('miFuncionAntesDeLaPeticion() --- este es el endpoint: ', 'static')
12-Mar-25 16:28:22 - INFO - ('miFuncionAntesDeLaPeticion() --- este es el endpoint: ', 'funcionAdministradorCrearEvento')
12-Mar-25 16:28:22 - INFO - ('miFuncionAntesDeLaPeticion() --- este es el endpoint: ', 'static')
12-Mar-25 16:28:22 - INFO - ('miFuncionAntesDeLaPeticion() --- este es el endpoint: ', 'static')
12-Mar-25 16:28:22 - INFO - ('miFuncionAntesDeLaPeticion() --- este es el endpoint: ', 'static')
12-Mar-25 16:28:30 - INFO - ('miFuncionAntesDeLaPeticion() --- este es el endpoint: ', 'funcionAdministradorCrearEvento')
12-Mar-25 16:28:30 - INFO - ('miFuncionAntesDeLaPeticion() --- este es el endpoint: ', 'funcionAdministradorPanelEvento')
12-Mar-25 16:28:30 - INFO - ('miFuncionAntesDeLaPeticion() --- este es el endpoint: ', 'static')
12-Mar-25 16:28:30 - INFO - ('miFuncionAntesDeLaPeticion() --- este es el endpoint: ', 'static')
12-Mar-25 16:28:30 - INFO - ('miFuncionAntesDeLaPeticion() --- este es el endpoint: ', 'static')
12-Mar-25 16:28:32 - INFO - ('miFuncionAntesDeLaPeticion() --- este es el endpoint: ', 'funcionAdministradorHome')
12-Mar-25 16:28:32 - INFO - ('miFuncionAntesDeLaPeticion() --- este es el endpoint: ', 'static')
12-Mar-25 16:28:32 - INFO - ('miFuncionAntesDeLaPeticion() --- este es el endpoint: ', 'static')
12-Mar-25 16:28:33 - INFO - ('miFuncionAntesDeLaPeticion() --- este es el endpoint: ', 'funcionAdministradorCerrarSesion')
12-Mar-25 16:28:33 - INFO - ('miFuncionAntesDeLaPeticion() --- este es el endpoint: ', 'funcionAdministradorLogin')
12-Mar-25 16:28:33 - INFO - ('miFuncionAntesDeLaPeticion() --- este es el endpoint: ', 'static')
12-Mar-25 16:28:33 - INFO - ('miFuncionAntesDeLaPeticion() --- este es el endpoint: ', 'static')
12-Mar-25 16:28:33 - INFO - ('miFuncionAntesDeLaPeticion() --- este es el endpoint: ', 'static')
12-Mar-25 16:30:34 - INFO - ('miFuncionAntesDeLaPeticion() --- este es el endpoint: ', 'funcion_registrarAsistente')
12-Mar-25 16:31:34 - INFO - ('miFuncionAntesDeLaPeticion() --- este es el endpoint: ', 'funcion_aceptarRobot')
12-Mar-25 16:32:55 - INFO - ('miFuncionAntesDeLaPeticion() --- este es el endpoint: ', 'funcion_registrarAsistente')
12-Mar-25 16:33:12 - INFO - ('miFuncionAntesDeLaPeticion() --- este es el endpoint: ', 'funcionAdministradorHome')
12-Mar-25 16:33:12 - INFO - ('miFuncionAntesDeLaPeticion() --- este es el endpoint: ', 'static')
12-Mar-25 16:33:12 - INFO - ('miFuncionAntesDeLaPeticion() --- este es el endpoint: ', 'static')
12-Mar-25 16:33:12 - INFO - ('miFuncionAntesDeLaPeticion() --- este es el endpoint: ', 'static')
12-Mar-25 16:33:13 - INFO - ('miFuncionAntesDeLaPeticion() --- este es el endpoint: ', 'funcionAdministradorPanelEvento')
12-Mar-25 16:33:13 - INFO - ('miFuncionAntesDeLaPeticion() --- este es el endpoint: ', 'static')
12-Mar-25 16:33:13 - INFO - ('miFuncionAntesDeLaPeticion() --- este es el endpoint: ', 'static')
12-Mar-25 16:33:13 - INFO - ('miFuncionAntesDeLaPeticion() --- este es el endpoint: ', 'static')
12-Mar-25 16:33:16 - INFO - ('miFuncionAntesDeLaPeticion() --- este es el endpoint: ', 'funcionAdministradorModificarRobotsEvento')
12-Mar-25 16:33:16 - INFO - ('miFuncionAntesDeLaPeticion() --- este es el endpoint: ', 'static')
12-Mar-25 16:33:16 - INFO - ('miFuncionAntesDeLaPeticion() --- este es el endpoint: ', 'static')
12-Mar-25 16:33:16 - INFO - ('miFuncionAntesDeLaPeticion() --- este es el endpoint: ', 'static')
12-Mar-25 16:33:16 - INFO - ('miFuncionAntesDeLaPeticion() --- este es el endpoint: ', 'static')
12-Mar-25 16:33:16 - INFO - ('miFuncionAntesDeLaPeticion() --- este es el endpoint: ', 'static')
12-Mar-25 16:33:16 - INFO - ('miFuncionAntesDeLaPeticion() --- este es el endpoint: ', 'static')
12-Mar-25 16:33:16 - INFO - ('miFuncionAntesDeLaPeticion() --- este es el endpoint: ', 'static')
12-Mar-25 16:33:16 - INFO - ('miFuncionAntesDeLaPeticion() --- este es el endpoint: ', 'static')
12-Mar-25 16:33:16 - INFO - ('miFuncionAntesDeLaPeticion() --- este es el endpoint: ', 'static')
12-Mar-25 16:33:16 - INFO - ('miFuncionAntesDeLaPeticion() --- este es el endpoint: ', 'static')
12-Mar-25 16:33:16 - INFO - ('miFuncionAntesDeLaPeticion() --- este es el endpoint: ', 'static')
12-Mar-25 16:33:16 - INFO - ('miFuncionAntesDeLaPeticion() --- este es el endpoint: ', 'static')
12-Mar-25 16:33:18 - INFO - ('miFuncionAntesDeLaPeticion() --- este es el endpoint: ', 'funcionAdministradorPanelRobotPonerServicio')
12-Mar-25 16:33:18 - INFO - ('miFuncionAntesDeLaPeticion() --- este es el endpoint: ', 'funcionAdministradorModificarRobotsEvento')
12-Mar-25 16:33:18 - INFO - ('miFuncionAntesDeLaPeticion() --- este es el endpoint: ', 'static')
12-Mar-25 16:33:18 - INFO - ('miFuncionAntesDeLaPeticion() --- este es el endpoint: ', 'static')
12-Mar-25 16:33:18 - INFO - ('miFuncionAntesDeLaPeticion() --- este es el endpoint: ', 'static')
12-Mar-25 16:33:18 - INFO - ('miFuncionAntesDeLaPeticion() --- este es el endpoint: ', 'static')
12-Mar-25 16:33:18 - INFO - ('miFuncionAntesDeLaPeticion() --- este es el endpoint: ', 'static')
12-Mar-25 16:33:18 - INFO - ('miFuncionAntesDeLaPeticion() --- este es el endpoint: ', 'static')
12-Mar-25 16:33:18 - INFO - ('miFuncionAntesDeLaPeticion() --- este es el endpoint: ', 'static')
12-Mar-25 16:33:19 - INFO - ('miFuncionAntesDeLaPeticion() --- este es el endpoint: ', 'static')
12-Mar-25 16:33:19 - INFO - ('miFuncionAntesDeLaPeticion() --- este es el endpoint: ', 'static')
12-Mar-25 16:33:19 - INFO - ('miFuncionAntesDeLaPeticion() --- este es el endpoint: ', 'static')
12-Mar-25 16:33:19 - INFO - ('miFuncionAntesDeLaPeticion() --- este es el endpoint: ', 'static')
12-Mar-25 16:33:19 - INFO - ('miFuncionAntesDeLaPeticion() --- este es el endpoint: ', 'funcionAdministradorPanelRobotPonerServicio')
12-Mar-25 16:33:19 - INFO - ('miFuncionAntesDeLaPeticion() --- este es el endpoint: ', 'funcionAdministradorModificarRobotsEvento')
12-Mar-25 16:33:20 - INFO - ('miFuncionAntesDeLaPeticion() --- este es el endpoint: ', 'static')
12-Mar-25 16:33:20 - INFO - ('miFuncionAntesDeLaPeticion() --- este es el endpoint: ', 'static')
12-Mar-25 16:33:20 - INFO - ('miFuncionAntesDeLaPeticion() --- este es el endpoint: ', 'static')
12-Mar-25 16:33:20 - INFO - ('miFuncionAntesDeLaPeticion() --- este es el endpoint: ', 'static')
12-Mar-25 16:33:20 - INFO - ('miFuncionAntesDeLaPeticion() --- este es el endpoint: ', 'static')
12-Mar-25 16:33:20 - INFO - ('miFuncionAntesDeLaPeticion() --- este es el endpoint: ', 'static')
12-Mar-25 16:33:20 - INFO - ('miFuncionAntesDeLaPeticion() --- este es el endpoint: ', 'static')
12-Mar-25 16:33:20 - INFO - ('miFuncionAntesDeLaPeticion() --- este es el endpoint: ', 'static')
12-Mar-25 16:33:20 - INFO - ('miFuncionAntesDeLaPeticion() --- este es el endpoint: ', 'static')
12-Mar-25 16:33:20 - INFO - ('miFuncionAntesDeLaPeticion() --- este es el endpoint: ', 'static')
12-Mar-25 16:33:20 - INFO - ('miFuncionAntesDeLaPeticion() --- este es el endpoint: ', 'static')
12-Mar-25 16:33:22 - INFO - ('miFuncionAntesDeLaPeticion() --- este es el endpoint: ', 'funcion_registrarAsistente')
12-Mar-25 16:33:26 - INFO - The CSRF session token is missing.
12-Mar-25 16:40:22 - INFO - ('miFuncionAntesDeLaPeticion() --- este es el endpoint: ', 'funcionAdministradorHome')
12-Mar-25 16:40:22 - INFO - ('miFuncionAntesDeLaPeticion() --- este es el endpoint: ', 'static')
12-Mar-25 16:40:22 - INFO - ('miFuncionAntesDeLaPeticion() --- este es el endpoint: ', 'static')
12-Mar-25 16:40:23 - INFO - ('miFuncionAntesDeLaPeticion() --- este es el endpoint: ', 'funcionAdministradorCerrarSesion')
12-Mar-25 16:40:23 - INFO - ('miFuncionAntesDeLaPeticion() --- este es el endpoint: ', 'funcionAdministradorLogin')
12-Mar-25 16:40:23 - INFO - ('miFuncionAntesDeLaPeticion() --- este es el endpoint: ', 'static')
12-Mar-25 16:40:23 - INFO - ('miFuncionAntesDeLaPeticion() --- este es el endpoint: ', 'static')
12-Mar-25 16:40:23 - INFO - ('miFuncionAntesDeLaPeticion() --- este es el endpoint: ', 'static')
12-Mar-25 16:40:28 - INFO - ('miFuncionAntesDeLaPeticion() --- este es el endpoint: ', 'funcionAdministradorLogin')
12-Mar-25 16:40:28 - INFO - ('miFuncionAntesDeLaPeticion() --- este es el endpoint: ', 'funcionAdministradorHome')
12-Mar-25 16:40:28 - INFO - ('miFuncionAntesDeLaPeticion() --- este es el endpoint: ', 'static')
12-Mar-25 16:40:28 - INFO - ('miFuncionAntesDeLaPeticion() --- este es el endpoint: ', 'static')
12-Mar-25 16:47:33 - INFO - ('miFuncionAntesDeLaPeticion() --- este es el endpoint: ', 'funcion_registrarAsistente')
12-Mar-25 16:47:36 - INFO - The CSRF session token is missing.
12-Mar-25 16:58:41 - INFO - ('miFuncionAntesDeLaPeticion() --- este es el endpoint: ', 'funcion_registrarAsistente')
12-Mar-25 16:58:59 - INFO - ('miFuncionAntesDeLaPeticion() --- este es el endpoint: ', 'funcion_registrarAsistente')
12-Mar-25 16:59:19 - INFO - ('miFuncionAntesDeLaPeticion() --- este es el endpoint: ', 'funcion_registrarAsistente')
13-Mar-25 11:23:24 - INFO - ('miFuncionAntesDeLaPeticion() --- este es el endpoint: ', None)
13-Mar-25 11:23:31 - INFO - ('miFuncionAntesDeLaPeticion() --- este es el endpoint: ', 'funcionAdministradorLogin')
13-Mar-25 11:23:31 - INFO - ('miFuncionAntesDeLaPeticion() --- este es el endpoint: ', 'static')
13-Mar-25 11:23:31 - INFO - ('miFuncionAntesDeLaPeticion() --- este es el endpoint: ', 'static')
13-Mar-25 11:23:31 - INFO - ('miFuncionAntesDeLaPeticion() --- este es el endpoint: ', 'static')
13-Mar-25 11:23:35 - INFO - ('miFuncionAntesDeLaPeticion() --- este es el endpoint: ', 'funcionAdministradorLogin')
13-Mar-25 11:23:35 - INFO - ('miFuncionAntesDeLaPeticion() --- este es el endpoint: ', 'funcionAdministradorHome')
13-Mar-25 11:23:36 - INFO - ('miFuncionAntesDeLaPeticion() --- este es el endpoint: ', 'static')
13-Mar-25 11:23:36 - INFO - ('miFuncionAntesDeLaPeticion() --- este es el endpoint: ', 'static')
13-Mar-25 11:23:36 - INFO - ('miFuncionAntesDeLaPeticion() --- este es el endpoint: ', 'static')
13-Mar-25 11:23:39 - INFO - ('miFuncionAntesDeLaPeticion() --- este es el endpoint: ', 'funcionAdministradorCerrarSesion')
13-Mar-25 11:23:39 - INFO - ('miFuncionAntesDeLaPeticion() --- este es el endpoint: ', 'funcionAdministradorLogin')
13-Mar-25 11:23:39 - INFO - ('miFuncionAntesDeLaPeticion() --- este es el endpoint: ', 'static')
13-Mar-25 11:23:39 - INFO - ('miFuncionAntesDeLaPeticion() --- este es el endpoint: ', 'static')
13-Mar-25 11:23:39 - INFO - ('miFuncionAntesDeLaPeticion() --- este es el endpoint: ', 'static')
13-Mar-25 11:27:36 - INFO - ('miFuncionAntesDeLaPeticion() --- este es el endpoint: ', 'funcion_registrarAsistente')
13-Mar-25 11:28:08 - INFO - ('miFuncionAntesDeLaPeticion() --- este es el endpoint: ', 'funcion_aceptarRobot')
13-Mar-25 11:28:14 - INFO - ('miFuncionAntesDeLaPeticion() --- este es el endpoint: ', 'funcionAdministradorLogin')
13-Mar-25 11:28:14 - INFO - ('miFuncionAntesDeLaPeticion() --- este es el endpoint: ', 'funcionAdministradorHome')
13-Mar-25 11:28:15 - INFO - ('miFuncionAntesDeLaPeticion() --- este es el endpoint: ', 'static')
13-Mar-25 11:28:15 - INFO - ('miFuncionAntesDeLaPeticion() --- este es el endpoint: ', 'static')
13-Mar-25 11:28:18 - INFO - ('miFuncionAntesDeLaPeticion() --- este es el endpoint: ', 'funcionAdministradorPanelEvento')
13-Mar-25 11:28:18 - INFO - ('miFuncionAntesDeLaPeticion() --- este es el endpoint: ', 'static')
13-Mar-25 11:28:18 - INFO - ('miFuncionAntesDeLaPeticion() --- este es el endpoint: ', 'static')
13-Mar-25 11:28:18 - INFO - ('miFuncionAntesDeLaPeticion() --- este es el endpoint: ', 'static')
13-Mar-25 11:28:22 - INFO - ('miFuncionAntesDeLaPeticion() --- este es el endpoint: ', 'funcionAdministradorModificarRobotsEvento')
13-Mar-25 11:28:22 - INFO - ('miFuncionAntesDeLaPeticion() --- este es el endpoint: ', 'static')
13-Mar-25 11:28:22 - INFO - ('miFuncionAntesDeLaPeticion() --- este es el endpoint: ', 'static')
13-Mar-25 11:28:22 - INFO - ('miFuncionAntesDeLaPeticion() --- este es el endpoint: ', 'static')
13-Mar-25 11:28:22 - INFO - ('miFuncionAntesDeLaPeticion() --- este es el endpoint: ', 'static')
13-Mar-25 11:28:22 - INFO - ('miFuncionAntesDeLaPeticion() --- este es el endpoint: ', 'static')
13-Mar-25 11:28:22 - INFO - ('miFuncionAntesDeLaPeticion() --- este es el endpoint: ', 'static')
13-Mar-25 11:28:22 - INFO - ('miFuncionAntesDeLaPeticion() --- este es el endpoint: ', 'static')
13-Mar-25 11:28:22 - INFO - ('miFuncionAntesDeLaPeticion() --- este es el endpoint: ', 'static')
13-Mar-25 11:28:22 - INFO - ('miFuncionAntesDeLaPeticion() --- este es el endpoint: ', 'static')
13-Mar-25 11:28:22 - INFO - ('miFuncionAntesDeLaPeticion() --- este es el endpoint: ', 'static')
13-Mar-25 11:28:22 - INFO - ('miFuncionAntesDeLaPeticion() --- este es el endpoint: ', 'static')
13-Mar-25 11:28:23 - INFO - ('miFuncionAntesDeLaPeticion() --- este es el endpoint: ', 'static')
13-Mar-25 11:28:24 - INFO - ('miFuncionAntesDeLaPeticion() --- este es el endpoint: ', 'funcionAdministradorPanelRobotPonerServicio')
13-Mar-25 11:28:24 - INFO - ('miFuncionAntesDeLaPeticion() --- este es el endpoint: ', 'funcionAdministradorModificarRobotsEvento')
13-Mar-25 11:28:25 - INFO - ('miFuncionAntesDeLaPeticion() --- este es el endpoint: ', 'static')
13-Mar-25 11:28:25 - INFO - ('miFuncionAntesDeLaPeticion() --- este es el endpoint: ', 'static')
13-Mar-25 11:28:25 - INFO - ('miFuncionAntesDeLaPeticion() --- este es el endpoint: ', 'static')
13-Mar-25 11:28:25 - INFO - ('miFuncionAntesDeLaPeticion() --- este es el endpoint: ', 'static')
13-Mar-25 11:28:25 - INFO - ('miFuncionAntesDeLaPeticion() --- este es el endpoint: ', 'static')
13-Mar-25 11:28:25 - INFO - ('miFuncionAntesDeLaPeticion() --- este es el endpoint: ', 'static')
13-Mar-25 11:28:25 - INFO - ('miFuncionAntesDeLaPeticion() --- este es el endpoint: ', 'static')
13-Mar-25 11:28:25 - INFO - ('miFuncionAntesDeLaPeticion() --- este es el endpoint: ', 'static')
13-Mar-25 11:28:25 - INFO - ('miFuncionAntesDeLaPeticion() --- este es el endpoint: ', 'static')
13-Mar-25 11:28:25 - INFO - ('miFuncionAntesDeLaPeticion() --- este es el endpoint: ', 'static')
13-Mar-25 11:28:25 - INFO - ('miFuncionAntesDeLaPeticion() --- este es el endpoint: ', 'static')
13-Mar-25 11:28:26 - INFO - ('miFuncionAntesDeLaPeticion() --- este es el endpoint: ', 'funcionAdministradorPanelRobotPonerServicio')
13-Mar-25 11:28:26 - INFO - ('miFuncionAntesDeLaPeticion() --- este es el endpoint: ', 'funcionAdministradorModificarRobotsEvento')
13-Mar-25 11:28:26 - INFO - ('miFuncionAntesDeLaPeticion() --- este es el endpoint: ', 'static')
13-Mar-25 11:28:26 - INFO - ('miFuncionAntesDeLaPeticion() --- este es el endpoint: ', 'static')
13-Mar-25 11:28:26 - INFO - ('miFuncionAntesDeLaPeticion() --- este es el endpoint: ', 'static')
13-Mar-25 11:28:26 - INFO - ('miFuncionAntesDeLaPeticion() --- este es el endpoint: ', 'static')
13-Mar-25 11:28:26 - INFO - ('miFuncionAntesDeLaPeticion() --- este es el endpoint: ', 'static')
13-Mar-25 11:28:26 - INFO - ('miFuncionAntesDeLaPeticion() --- este es el endpoint: ', 'static')
13-Mar-25 11:28:26 - INFO - ('miFuncionAntesDeLaPeticion() --- este es el endpoint: ', 'static')
13-Mar-25 11:28:26 - INFO - ('miFuncionAntesDeLaPeticion() --- este es el endpoint: ', 'static')
13-Mar-25 11:28:26 - INFO - ('miFuncionAntesDeLaPeticion() --- este es el endpoint: ', 'static')
13-Mar-25 11:28:26 - INFO - ('miFuncionAntesDeLaPeticion() --- este es el endpoint: ', 'static')
13-Mar-25 11:28:26 - INFO - ('miFuncionAntesDeLaPeticion() --- este es el endpoint: ', 'static')
13-Mar-25 11:31:44 - INFO - ('miFuncionAntesDeLaPeticion() --- este es el endpoint: ', 'funcion_registrarAsistente')
13-Mar-25 11:32:55 - INFO - ('miFuncionAntesDeLaPeticion() --- este es el endpoint: ', 'funcion_registrarAsistente')
13-Mar-25 11:36:56 - INFO - ('miFuncionAntesDeLaPeticion() --- este es el endpoint: ', 'funcionAdministradorHome')
13-Mar-25 11:36:56 - INFO - ('miFuncionAntesDeLaPeticion() --- este es el endpoint: ', 'static')
13-Mar-25 11:36:56 - INFO - ('miFuncionAntesDeLaPeticion() --- este es el endpoint: ', 'static')
13-Mar-25 11:36:58 - INFO - ('miFuncionAntesDeLaPeticion() --- este es el endpoint: ', 'funcionAdministradorCerrarSesion')
13-Mar-25 11:36:58 - INFO - ('miFuncionAntesDeLaPeticion() --- este es el endpoint: ', 'funcionAdministradorLogin')
13-Mar-25 11:36:58 - INFO - ('miFuncionAntesDeLaPeticion() --- este es el endpoint: ', 'static')
13-Mar-25 11:36:58 - INFO - ('miFuncionAntesDeLaPeticion() --- este es el endpoint: ', 'static')
13-Mar-25 11:36:58 - INFO - ('miFuncionAntesDeLaPeticion() --- este es el endpoint: ', 'static')
13-Mar-25 11:37:03 - INFO - ('miFuncionAntesDeLaPeticion() --- este es el endpoint: ', 'funcionAdministradorLogin')
13-Mar-25 11:37:03 - INFO - ('miFuncionAntesDeLaPeticion() --- este es el endpoint: ', 'funcionAdministradorHome')
13-Mar-25 11:37:03 - INFO - ('miFuncionAntesDeLaPeticion() --- este es el endpoint: ', 'static')
13-Mar-25 11:37:03 - INFO - ('miFuncionAntesDeLaPeticion() --- este es el endpoint: ', 'static')
13-Mar-25 11:37:12 - INFO - ('miFuncionAntesDeLaPeticion() --- este es el endpoint: ', 'funcionAdministradorCerrarSesion')
13-Mar-25 11:37:12 - INFO - ('miFuncionAntesDeLaPeticion() --- este es el endpoint: ', 'funcionAdministradorLogin')
13-Mar-25 11:37:12 - INFO - ('miFuncionAntesDeLaPeticion() --- este es el endpoint: ', 'static')
13-Mar-25 11:37:12 - INFO - ('miFuncionAntesDeLaPeticion() --- este es el endpoint: ', 'static')
13-Mar-25 11:37:12 - INFO - ('miFuncionAntesDeLaPeticion() --- este es el endpoint: ', 'static')
13-Mar-25 11:37:17 - INFO - ('miFuncionAntesDeLaPeticion() --- este es el endpoint: ', 'funcionAdministradorLogin')
13-Mar-25 11:37:17 - INFO - ('miFuncionAntesDeLaPeticion() --- este es el endpoint: ', 'funcionAdministradorHome')
13-Mar-25 11:37:17 - INFO - ('miFuncionAntesDeLaPeticion() --- este es el endpoint: ', 'static')
13-Mar-25 11:37:17 - INFO - ('miFuncionAntesDeLaPeticion() --- este es el endpoint: ', 'static')
13-Mar-25 11:37:19 - INFO - ('miFuncionAntesDeLaPeticion() --- este es el endpoint: ', 'funcionAdministradorPanelRobot')
13-Mar-25 11:37:19 - INFO - ('miFuncionAntesDeLaPeticion() --- este es el endpoint: ', 'static')
13-Mar-25 11:37:19 - INFO - ('miFuncionAntesDeLaPeticion() --- este es el endpoint: ', 'static')
13-Mar-25 11:37:19 - INFO - ('miFuncionAntesDeLaPeticion() --- este es el endpoint: ', 'static')
13-Mar-25 11:37:19 - INFO - ('miFuncionAntesDeLaPeticion() --- este es el endpoint: ', 'funcionCapturarImagenRobot')
13-Mar-25 11:37:19 - INFO - ('miFuncionAntesDeLaPeticion() --- este es el endpoint: ', 'static')
13-Mar-25 11:37:19 - INFO - ('miFuncionAntesDeLaPeticion() --- este es el endpoint: ', 'static')
13-Mar-25 11:37:19 - INFO - ('miFuncionAntesDeLaPeticion() --- este es el endpoint: ', 'funcionCapturarImagenRobot')
13-Mar-25 11:37:19 - INFO - ('miFuncionAntesDeLaPeticion() --- este es el endpoint: ', 'funcionCapturarImagenRobot')
13-Mar-25 11:37:19 - INFO - ('miFuncionAntesDeLaPeticion() --- este es el endpoint: ', 'static')
13-Mar-25 11:37:22 - INFO - ('miFuncionAntesDeLaPeticion() --- este es el endpoint: ', 'funcionAdministradorCrearRobot')
13-Mar-25 11:37:22 - INFO - ('miFuncionAntesDeLaPeticion() --- este es el endpoint: ', 'static')
13-Mar-25 11:37:22 - INFO - ('miFuncionAntesDeLaPeticion() --- este es el endpoint: ', 'static')
13-Mar-25 11:37:22 - INFO - ('miFuncionAntesDeLaPeticion() --- este es el endpoint: ', 'static')
13-Mar-25 11:37:35 - INFO - ('miFuncionAntesDeLaPeticion() --- este es el endpoint: ', 'funcionAdministradorCrearRobot')
13-Mar-25 11:37:35 - INFO - ('miFuncionAntesDeLaPeticion() --- este es el endpoint: ', 'funcionAdministradorPanelRobot')
13-Mar-25 11:37:35 - INFO - ('miFuncionAntesDeLaPeticion() --- este es el endpoint: ', 'static')
13-Mar-25 11:37:35 - INFO - ('miFuncionAntesDeLaPeticion() --- este es el endpoint: ', 'funcionCapturarImagenRobot')
13-Mar-25 11:37:35 - INFO - ('miFuncionAntesDeLaPeticion() --- este es el endpoint: ', 'static')
13-Mar-25 11:37:35 - INFO - ('miFuncionAntesDeLaPeticion() --- este es el endpoint: ', 'static')
13-Mar-25 11:37:35 - INFO - ('miFuncionAntesDeLaPeticion() --- este es el endpoint: ', 'static')
13-Mar-25 11:37:35 - INFO - ('miFuncionAntesDeLaPeticion() --- este es el endpoint: ', 'static')
13-Mar-25 11:37:35 - INFO - ('miFuncionAntesDeLaPeticion() --- este es el endpoint: ', 'funcionCapturarImagenRobot')
13-Mar-25 11:37:35 - INFO - ('miFuncionAntesDeLaPeticion() --- este es el endpoint: ', 'funcionCapturarImagenRobot')
13-Mar-25 11:37:35 - INFO - ('miFuncionAntesDeLaPeticion() --- este es el endpoint: ', 'static')
13-Mar-25 11:38:11 - INFO - ('miFuncionAntesDeLaPeticion() --- este es el endpoint: ', 'funcionAdministradorHome')
13-Mar-25 11:38:11 - INFO - ('miFuncionAntesDeLaPeticion() --- este es el endpoint: ', 'static')
13-Mar-25 11:38:11 - INFO - ('miFuncionAntesDeLaPeticion() --- este es el endpoint: ', 'static')
13-Mar-25 11:39:49 - INFO - ('miFuncionAntesDeLaPeticion() --- este es el endpoint: ', 'funcionAdministradorCerrarSesion')
13-Mar-25 11:39:49 - INFO - ('miFuncionAntesDeLaPeticion() --- este es el endpoint: ', 'funcionAdministradorLogin')
13-Mar-25 11:39:49 - INFO - ('miFuncionAntesDeLaPeticion() --- este es el endpoint: ', 'static')
13-Mar-25 11:39:49 - INFO - ('miFuncionAntesDeLaPeticion() --- este es el endpoint: ', 'static')
13-Mar-25 11:39:49 - INFO - ('miFuncionAntesDeLaPeticion() --- este es el endpoint: ', 'static')
13-Mar-25 11:39:53 - INFO - ('miFuncionAntesDeLaPeticion() --- este es el endpoint: ', 'funcionAdministradorLogin')
13-Mar-25 11:39:54 - INFO - ('miFuncionAntesDeLaPeticion() --- este es el endpoint: ', 'funcionAdministradorHome')
13-Mar-25 11:39:54 - INFO - ('miFuncionAntesDeLaPeticion() --- este es el endpoint: ', 'static')
13-Mar-25 11:39:54 - INFO - ('miFuncionAntesDeLaPeticion() --- este es el endpoint: ', 'static')
13-Mar-25 11:39:57 - INFO - ('miFuncionAntesDeLaPeticion() --- este es el endpoint: ', 'funcionAdministradorPanelRobot')
13-Mar-25 11:39:57 - INFO - ('miFuncionAntesDeLaPeticion() --- este es el endpoint: ', 'static')
13-Mar-25 11:39:57 - INFO - ('miFuncionAntesDeLaPeticion() --- este es el endpoint: ', 'funcionCapturarImagenRobot')
13-Mar-25 11:39:57 - INFO - ('miFuncionAntesDeLaPeticion() --- este es el endpoint: ', 'static')
13-Mar-25 11:39:57 - INFO - ('miFuncionAntesDeLaPeticion() --- este es el endpoint: ', 'static')
13-Mar-25 11:39:57 - INFO - ('miFuncionAntesDeLaPeticion() --- este es el endpoint: ', 'static')
13-Mar-25 11:39:57 - INFO - ('miFuncionAntesDeLaPeticion() --- este es el endpoint: ', 'static')
13-Mar-25 11:39:57 - INFO - ('miFuncionAntesDeLaPeticion() --- este es el endpoint: ', 'funcionCapturarImagenRobot')
13-Mar-25 11:39:57 - INFO - ('miFuncionAntesDeLaPeticion() --- este es el endpoint: ', 'funcionCapturarImagenRobot')
13-Mar-25 11:39:57 - INFO - ('miFuncionAntesDeLaPeticion() --- este es el endpoint: ', 'static')
13-Mar-25 11:39:58 - INFO - ('miFuncionAntesDeLaPeticion() --- este es el endpoint: ', 'funcionAdministradorCrearRobot')
13-Mar-25 11:39:59 - INFO - ('miFuncionAntesDeLaPeticion() --- este es el endpoint: ', 'static')
13-Mar-25 11:39:59 - INFO - ('miFuncionAntesDeLaPeticion() --- este es el endpoint: ', 'static')
13-Mar-25 11:39:59 - INFO - ('miFuncionAntesDeLaPeticion() --- este es el endpoint: ', 'static')
13-Mar-25 11:40:12 - INFO - ('miFuncionAntesDeLaPeticion() --- este es el endpoint: ', 'funcionAdministradorCrearRobot')
13-Mar-25 11:40:12 - INFO - ('miFuncionAntesDeLaPeticion() --- este es el endpoint: ', 'funcionAdministradorPanelRobot')
13-Mar-25 11:40:12 - INFO - ('miFuncionAntesDeLaPeticion() --- este es el endpoint: ', 'static')
13-Mar-25 11:40:12 - INFO - ('miFuncionAntesDeLaPeticion() --- este es el endpoint: ', 'funcionCapturarImagenRobot')
13-Mar-25 11:40:12 - INFO - ('miFuncionAntesDeLaPeticion() --- este es el endpoint: ', 'static')
13-Mar-25 11:40:12 - INFO - ('miFuncionAntesDeLaPeticion() --- este es el endpoint: ', 'static')
13-Mar-25 11:40:12 - INFO - ('miFuncionAntesDeLaPeticion() --- este es el endpoint: ', 'static')
13-Mar-25 11:40:12 - INFO - ('miFuncionAntesDeLaPeticion() --- este es el endpoint: ', 'static')
13-Mar-25 11:40:12 - INFO - ('miFuncionAntesDeLaPeticion() --- este es el endpoint: ', 'funcionCapturarImagenRobot')
13-Mar-25 11:40:12 - INFO - ('miFuncionAntesDeLaPeticion() --- este es el endpoint: ', 'funcionCapturarImagenRobot')
13-Mar-25 11:40:12 - INFO - ('miFuncionAntesDeLaPeticion() --- este es el endpoint: ', 'static')
13-Mar-25 11:41:07 - INFO - ('miFuncionAntesDeLaPeticion() --- este es el endpoint: ', 'funcionAdministradorHome')
13-Mar-25 11:41:08 - INFO - ('miFuncionAntesDeLaPeticion() --- este es el endpoint: ', 'static')
13-Mar-25 11:41:08 - INFO - ('miFuncionAntesDeLaPeticion() --- este es el endpoint: ', 'static')
13-Mar-25 11:41:12 - INFO - ('miFuncionAntesDeLaPeticion() --- este es el endpoint: ', 'funcionAdministradorCerrarSesion')
13-Mar-25 11:41:12 - INFO - ('miFuncionAntesDeLaPeticion() --- este es el endpoint: ', 'funcionAdministradorLogin')
13-Mar-25 11:41:12 - INFO - ('miFuncionAntesDeLaPeticion() --- este es el endpoint: ', 'static')
13-Mar-25 11:41:12 - INFO - ('miFuncionAntesDeLaPeticion() --- este es el endpoint: ', 'static')
13-Mar-25 11:41:12 - INFO - ('miFuncionAntesDeLaPeticion() --- este es el endpoint: ', 'static')
13-Mar-25 11:41:42 - INFO - ('miFuncionAntesDeLaPeticion() --- este es el endpoint: ', 'funcion_registrarAsistente')
13-Mar-25 11:42:22 - INFO - The CSRF session token is missing.
13-Mar-25 11:45:40 - INFO - ('miFuncionAntesDeLaPeticion() --- este es el endpoint: ', 'funcionAdministradorLogin')
13-Mar-25 11:45:40 - INFO - ('miFuncionAntesDeLaPeticion() --- este es el endpoint: ', 'funcionAdministradorHome')
13-Mar-25 11:45:40 - INFO - ('miFuncionAntesDeLaPeticion() --- este es el endpoint: ', 'static')
13-Mar-25 11:45:40 - INFO - ('miFuncionAntesDeLaPeticion() --- este es el endpoint: ', 'static')
13-Mar-25 11:46:10 - INFO - ('miFuncionAntesDeLaPeticion() --- este es el endpoint: ', 'funcionAdministradorPanelRobot')
13-Mar-25 11:46:10 - INFO - ('miFuncionAntesDeLaPeticion() --- este es el endpoint: ', 'static')
13-Mar-25 11:46:10 - INFO - ('miFuncionAntesDeLaPeticion() --- este es el endpoint: ', 'funcionCapturarImagenRobot')
13-Mar-25 11:46:10 - INFO - ('miFuncionAntesDeLaPeticion() --- este es el endpoint: ', 'static')
13-Mar-25 11:46:10 - INFO - ('miFuncionAntesDeLaPeticion() --- este es el endpoint: ', 'static')
13-Mar-25 11:46:10 - INFO - ('miFuncionAntesDeLaPeticion() --- este es el endpoint: ', 'static')
13-Mar-25 11:46:10 - INFO - ('miFuncionAntesDeLaPeticion() --- este es el endpoint: ', 'static')
13-Mar-25 11:46:10 - INFO - ('miFuncionAntesDeLaPeticion() --- este es el endpoint: ', 'funcionCapturarImagenRobot')
13-Mar-25 11:46:10 - INFO - ('miFuncionAntesDeLaPeticion() --- este es el endpoint: ', 'funcionCapturarImagenRobot')
13-Mar-25 11:46:10 - INFO - ('miFuncionAntesDeLaPeticion() --- este es el endpoint: ', 'static')
13-Mar-25 11:46:12 - INFO - ('miFuncionAntesDeLaPeticion() --- este es el endpoint: ', 'funcionAdministradorCrearRobot')
13-Mar-25 11:46:12 - INFO - ('miFuncionAntesDeLaPeticion() --- este es el endpoint: ', 'static')
13-Mar-25 11:46:12 - INFO - ('miFuncionAntesDeLaPeticion() --- este es el endpoint: ', 'static')
13-Mar-25 11:46:12 - INFO - ('miFuncionAntesDeLaPeticion() --- este es el endpoint: ', 'static')
13-Mar-25 11:46:24 - INFO - ('miFuncionAntesDeLaPeticion() --- este es el endpoint: ', 'funcionAdministradorCrearRobot')
13-Mar-25 11:46:24 - INFO - ('miFuncionAntesDeLaPeticion() --- este es el endpoint: ', 'funcionAdministradorPanelRobot')
13-Mar-25 11:46:24 - INFO - ('miFuncionAntesDeLaPeticion() --- este es el endpoint: ', 'static')
13-Mar-25 11:46:24 - INFO - ('miFuncionAntesDeLaPeticion() --- este es el endpoint: ', 'static')
13-Mar-25 11:46:24 - INFO - ('miFuncionAntesDeLaPeticion() --- este es el endpoint: ', 'funcionCapturarImagenRobot')
13-Mar-25 11:46:24 - INFO - ('miFuncionAntesDeLaPeticion() --- este es el endpoint: ', 'static')
13-Mar-25 11:46:24 - INFO - ('miFuncionAntesDeLaPeticion() --- este es el endpoint: ', 'static')
13-Mar-25 11:46:24 - INFO - ('miFuncionAntesDeLaPeticion() --- este es el endpoint: ', 'static')
13-Mar-25 11:46:24 - INFO - ('miFuncionAntesDeLaPeticion() --- este es el endpoint: ', 'funcionCapturarImagenRobot')
13-Mar-25 11:46:24 - INFO - ('miFuncionAntesDeLaPeticion() --- este es el endpoint: ', 'funcionCapturarImagenRobot')
13-Mar-25 11:46:24 - INFO - ('miFuncionAntesDeLaPeticion() --- este es el endpoint: ', 'static')
13-Mar-25 11:49:00 - INFO - ('miFuncionAntesDeLaPeticion() --- este es el endpoint: ', 'funcion_registrarAsistente')
13-Mar-25 11:49:27 - INFO - ('miFuncionAntesDeLaPeticion() --- este es el endpoint: ', 'funcion_aceptarRobot')
13-Mar-25 11:50:14 - INFO - ('miFuncionAntesDeLaPeticion() --- este es el endpoint: ', 'funcionAdministradorHome')
13-Mar-25 11:50:14 - INFO - ('miFuncionAntesDeLaPeticion() --- este es el endpoint: ', 'static')
13-Mar-25 11:50:14 - INFO - ('miFuncionAntesDeLaPeticion() --- este es el endpoint: ', 'static')
13-Mar-25 11:50:16 - INFO - ('miFuncionAntesDeLaPeticion() --- este es el endpoint: ', 'funcionAdministradorPanelEvento')
13-Mar-25 11:50:16 - INFO - ('miFuncionAntesDeLaPeticion() --- este es el endpoint: ', 'static')
13-Mar-25 11:50:16 - INFO - ('miFuncionAntesDeLaPeticion() --- este es el endpoint: ', 'static')
13-Mar-25 11:50:16 - INFO - ('miFuncionAntesDeLaPeticion() --- este es el endpoint: ', 'static')
13-Mar-25 11:50:18 - INFO - ('miFuncionAntesDeLaPeticion() --- este es el endpoint: ', 'funcionAdministradorModificarRobotsEvento')
13-Mar-25 11:50:18 - INFO - ('miFuncionAntesDeLaPeticion() --- este es el endpoint: ', 'static')
13-Mar-25 11:50:18 - INFO - ('miFuncionAntesDeLaPeticion() --- este es el endpoint: ', 'static')
13-Mar-25 11:50:18 - INFO - ('miFuncionAntesDeLaPeticion() --- este es el endpoint: ', 'static')
13-Mar-25 11:50:18 - INFO - ('miFuncionAntesDeLaPeticion() --- este es el endpoint: ', 'static')
13-Mar-25 11:50:18 - INFO - ('miFuncionAntesDeLaPeticion() --- este es el endpoint: ', 'static')
13-Mar-25 11:50:18 - INFO - ('miFuncionAntesDeLaPeticion() --- este es el endpoint: ', 'static')
13-Mar-25 11:50:18 - INFO - ('miFuncionAntesDeLaPeticion() --- este es el endpoint: ', 'static')
13-Mar-25 11:50:18 - INFO - ('miFuncionAntesDeLaPeticion() --- este es el endpoint: ', 'static')
13-Mar-25 11:50:18 - INFO - ('miFuncionAntesDeLaPeticion() --- este es el endpoint: ', 'static')
13-Mar-25 11:50:18 - INFO - ('miFuncionAntesDeLaPeticion() --- este es el endpoint: ', 'static')
13-Mar-25 11:50:18 - INFO - ('miFuncionAntesDeLaPeticion() --- este es el endpoint: ', 'static')
13-Mar-25 11:50:20 - INFO - ('miFuncionAntesDeLaPeticion() --- este es el endpoint: ', 'funcionAdministradorPanelRobotPonerServicio')
13-Mar-25 11:50:20 - INFO - ('miFuncionAntesDeLaPeticion() --- este es el endpoint: ', 'funcionAdministradorModificarRobotsEvento')
13-Mar-25 11:50:20 - INFO - ('miFuncionAntesDeLaPeticion() --- este es el endpoint: ', 'static')
13-Mar-25 11:50:20 - INFO - ('miFuncionAntesDeLaPeticion() --- este es el endpoint: ', 'static')
13-Mar-25 11:50:20 - INFO - ('miFuncionAntesDeLaPeticion() --- este es el endpoint: ', 'static')
13-Mar-25 11:50:20 - INFO - ('miFuncionAntesDeLaPeticion() --- este es el endpoint: ', 'static')
13-Mar-25 11:50:20 - INFO - ('miFuncionAntesDeLaPeticion() --- este es el endpoint: ', 'static')
13-Mar-25 11:50:20 - INFO - ('miFuncionAntesDeLaPeticion() --- este es el endpoint: ', 'static')
13-Mar-25 11:50:20 - INFO - ('miFuncionAntesDeLaPeticion() --- este es el endpoint: ', 'static')
13-Mar-25 11:50:20 - INFO - ('miFuncionAntesDeLaPeticion() --- este es el endpoint: ', 'static')
13-Mar-25 11:50:20 - INFO - ('miFuncionAntesDeLaPeticion() --- este es el endpoint: ', 'static')
13-Mar-25 11:50:20 - INFO - ('miFuncionAntesDeLaPeticion() --- este es el endpoint: ', 'static')
13-Mar-25 11:50:20 - INFO - ('miFuncionAntesDeLaPeticion() --- este es el endpoint: ', 'static')
13-Mar-25 11:50:21 - INFO - ('miFuncionAntesDeLaPeticion() --- este es el endpoint: ', 'funcionAdministradorPanelRobotPonerServicio')
13-Mar-25 11:50:21 - INFO - ('miFuncionAntesDeLaPeticion() --- este es el endpoint: ', 'funcionAdministradorModificarRobotsEvento')
13-Mar-25 11:50:21 - INFO - ('miFuncionAntesDeLaPeticion() --- este es el endpoint: ', 'static')
13-Mar-25 11:50:21 - INFO - ('miFuncionAntesDeLaPeticion() --- este es el endpoint: ', 'static')
13-Mar-25 11:50:21 - INFO - ('miFuncionAntesDeLaPeticion() --- este es el endpoint: ', 'static')
13-Mar-25 11:50:21 - INFO - ('miFuncionAntesDeLaPeticion() --- este es el endpoint: ', 'static')
13-Mar-25 11:50:21 - INFO - ('miFuncionAntesDeLaPeticion() --- este es el endpoint: ', 'static')
13-Mar-25 11:50:21 - INFO - ('miFuncionAntesDeLaPeticion() --- este es el endpoint: ', 'static')
13-Mar-25 11:50:21 - INFO - ('miFuncionAntesDeLaPeticion() --- este es el endpoint: ', 'static')
13-Mar-25 11:50:21 - INFO - ('miFuncionAntesDeLaPeticion() --- este es el endpoint: ', 'static')
13-Mar-25 11:50:21 - INFO - ('miFuncionAntesDeLaPeticion() --- este es el endpoint: ', 'static')
13-Mar-25 11:50:21 - INFO - ('miFuncionAntesDeLaPeticion() --- este es el endpoint: ', 'static')
13-Mar-25 11:50:21 - INFO - ('miFuncionAntesDeLaPeticion() --- este es el endpoint: ', 'static')
13-Mar-25 11:50:43 - INFO - ('miFuncionAntesDeLaPeticion() --- este es el endpoint: ', 'funcion_registrarAsistente')
13-Mar-25 11:51:08 - INFO - ('miFuncionAntesDeLaPeticion() --- este es el endpoint: ', 'funcion_aceptarRobot')
13-Mar-25 11:51:21 - INFO - ('miFuncionAntesDeLaPeticion() --- este es el endpoint: ', 'funcionAdministradorHome')
13-Mar-25 11:51:21 - INFO - ('miFuncionAntesDeLaPeticion() --- este es el endpoint: ', 'static')
13-Mar-25 11:51:21 - INFO - ('miFuncionAntesDeLaPeticion() --- este es el endpoint: ', 'static')
13-Mar-25 11:51:28 - INFO - ('miFuncionAntesDeLaPeticion() --- este es el endpoint: ', 'funcionAdministradorCerrarSesion')
13-Mar-25 11:51:28 - INFO - ('miFuncionAntesDeLaPeticion() --- este es el endpoint: ', 'funcionAdministradorLogin')
13-Mar-25 11:51:28 - INFO - ('miFuncionAntesDeLaPeticion() --- este es el endpoint: ', 'static')
13-Mar-25 11:51:28 - INFO - ('miFuncionAntesDeLaPeticion() --- este es el endpoint: ', 'static')
13-Mar-25 11:51:28 - INFO - ('miFuncionAntesDeLaPeticion() --- este es el endpoint: ', 'static')
13-Mar-25 11:51:32 - INFO - ('miFuncionAntesDeLaPeticion() --- este es el endpoint: ', 'funcionAdministradorLogin')
13-Mar-25 11:51:32 - INFO - ('miFuncionAntesDeLaPeticion() --- este es el endpoint: ', 'funcionAdministradorHome')
13-Mar-25 11:51:32 - INFO - ('miFuncionAntesDeLaPeticion() --- este es el endpoint: ', 'static')
13-Mar-25 11:51:32 - INFO - ('miFuncionAntesDeLaPeticion() --- este es el endpoint: ', 'static')
13-Mar-25 11:51:41 - INFO - ('miFuncionAntesDeLaPeticion() --- este es el endpoint: ', 'funcionAdministradorPanelRobot')
13-Mar-25 11:51:41 - INFO - ('miFuncionAntesDeLaPeticion() --- este es el endpoint: ', 'static')
13-Mar-25 11:51:41 - INFO - ('miFuncionAntesDeLaPeticion() --- este es el endpoint: ', 'funcionCapturarImagenRobot')
13-Mar-25 11:51:41 - INFO - ('miFuncionAntesDeLaPeticion() --- este es el endpoint: ', 'static')
13-Mar-25 11:51:41 - INFO - ('miFuncionAntesDeLaPeticion() --- este es el endpoint: ', 'static')
13-Mar-25 11:51:41 - INFO - ('miFuncionAntesDeLaPeticion() --- este es el endpoint: ', 'static')
13-Mar-25 11:51:41 - INFO - ('miFuncionAntesDeLaPeticion() --- este es el endpoint: ', 'static')
13-Mar-25 11:51:41 - INFO - ('miFuncionAntesDeLaPeticion() --- este es el endpoint: ', 'funcionCapturarImagenRobot')
13-Mar-25 11:51:41 - INFO - ('miFuncionAntesDeLaPeticion() --- este es el endpoint: ', 'funcionCapturarImagenRobot')
13-Mar-25 11:51:41 - INFO - ('miFuncionAntesDeLaPeticion() --- este es el endpoint: ', 'static')
13-Mar-25 11:51:42 - INFO - ('miFuncionAntesDeLaPeticion() --- este es el endpoint: ', 'funcionAdministradorCrearRobot')
13-Mar-25 11:51:42 - INFO - ('miFuncionAntesDeLaPeticion() --- este es el endpoint: ', 'static')
13-Mar-25 11:51:42 - INFO - ('miFuncionAntesDeLaPeticion() --- este es el endpoint: ', 'static')
13-Mar-25 11:51:42 - INFO - ('miFuncionAntesDeLaPeticion() --- este es el endpoint: ', 'static')
13-Mar-25 11:51:57 - INFO - ('miFuncionAntesDeLaPeticion() --- este es el endpoint: ', 'funcionAdministradorCrearRobot')
13-Mar-25 11:51:57 - INFO - ('miFuncionAntesDeLaPeticion() --- este es el endpoint: ', 'funcionAdministradorPanelRobot')
13-Mar-25 11:51:57 - INFO - ('miFuncionAntesDeLaPeticion() --- este es el endpoint: ', 'static')
13-Mar-25 11:51:57 - INFO - ('miFuncionAntesDeLaPeticion() --- este es el endpoint: ', 'funcionCapturarImagenRobot')
13-Mar-25 11:51:57 - INFO - ('miFuncionAntesDeLaPeticion() --- este es el endpoint: ', 'static')
13-Mar-25 11:51:57 - INFO - ('miFuncionAntesDeLaPeticion() --- este es el endpoint: ', 'static')
13-Mar-25 11:51:57 - INFO - ('miFuncionAntesDeLaPeticion() --- este es el endpoint: ', 'static')
13-Mar-25 11:51:57 - INFO - ('miFuncionAntesDeLaPeticion() --- este es el endpoint: ', 'static')
13-Mar-25 11:51:58 - INFO - ('miFuncionAntesDeLaPeticion() --- este es el endpoint: ', 'funcionCapturarImagenRobot')
13-Mar-25 11:51:58 - INFO - ('miFuncionAntesDeLaPeticion() --- este es el endpoint: ', 'funcionCapturarImagenRobot')
13-Mar-25 11:51:58 - INFO - ('miFuncionAntesDeLaPeticion() --- este es el endpoint: ', 'static')
13-Mar-25 11:52:06 - INFO - ('miFuncionAntesDeLaPeticion() --- este es el endpoint: ', 'funcionAdministradorPanelRobot')
13-Mar-25 11:52:06 - INFO - ('miFuncionAntesDeLaPeticion() --- este es el endpoint: ', 'static')
13-Mar-25 11:52:06 - INFO - ('miFuncionAntesDeLaPeticion() --- este es el endpoint: ', 'funcionCapturarImagenRobot')
13-Mar-25 11:52:06 - INFO - ('miFuncionAntesDeLaPeticion() --- este es el endpoint: ', 'static')
13-Mar-25 11:52:06 - INFO - ('miFuncionAntesDeLaPeticion() --- este es el endpoint: ', 'static')
13-Mar-25 11:52:06 - INFO - ('miFuncionAntesDeLaPeticion() --- este es el endpoint: ', 'static')
13-Mar-25 11:52:06 - INFO - ('miFuncionAntesDeLaPeticion() --- este es el endpoint: ', 'static')
13-Mar-25 11:52:06 - INFO - ('miFuncionAntesDeLaPeticion() --- este es el endpoint: ', 'funcionCapturarImagenRobot')
13-Mar-25 11:52:06 - INFO - ('miFuncionAntesDeLaPeticion() --- este es el endpoint: ', 'funcionCapturarImagenRobot')
13-Mar-25 11:52:06 - INFO - ('miFuncionAntesDeLaPeticion() --- este es el endpoint: ', 'funcionCapturarImagenRobot')
13-Mar-25 11:52:06 - INFO - ('miFuncionAntesDeLaPeticion() --- este es el endpoint: ', 'funcionCapturarImagenRobot')
13-Mar-25 11:52:06 - INFO - ('miFuncionAntesDeLaPeticion() --- este es el endpoint: ', 'funcionCapturarImagenRobot')
13-Mar-25 11:52:06 - INFO - ('miFuncionAntesDeLaPeticion() --- este es el endpoint: ', 'funcionCapturarImagenRobot')
13-Mar-25 11:52:07 - INFO - ('miFuncionAntesDeLaPeticion() --- este es el endpoint: ', 'funcionCapturarImagenRobot')
13-Mar-25 11:52:07 - INFO - ('miFuncionAntesDeLaPeticion() --- este es el endpoint: ', 'static')
13-Mar-25 11:52:08 - INFO - ('miFuncionAntesDeLaPeticion() --- este es el endpoint: ', 'funcionAdministradorHome')
13-Mar-25 11:52:08 - INFO - ('miFuncionAntesDeLaPeticion() --- este es el endpoint: ', 'static')
13-Mar-25 11:52:08 - INFO - ('miFuncionAntesDeLaPeticion() --- este es el endpoint: ', 'static')
13-Mar-25 11:52:09 - INFO - ('miFuncionAntesDeLaPeticion() --- este es el endpoint: ', 'funcionAdministradorPanelEvento')
13-Mar-25 11:52:09 - INFO - ('miFuncionAntesDeLaPeticion() --- este es el endpoint: ', 'static')
13-Mar-25 11:52:09 - INFO - ('miFuncionAntesDeLaPeticion() --- este es el endpoint: ', 'static')
13-Mar-25 11:52:09 - INFO - ('miFuncionAntesDeLaPeticion() --- este es el endpoint: ', 'static')
13-Mar-25 11:52:10 - INFO - ('miFuncionAntesDeLaPeticion() --- este es el endpoint: ', 'funcionAdministradorModificarRobotsEvento')
13-Mar-25 11:52:11 - INFO - ('miFuncionAntesDeLaPeticion() --- este es el endpoint: ', 'static')
13-Mar-25 11:52:11 - INFO - ('miFuncionAntesDeLaPeticion() --- este es el endpoint: ', 'static')
13-Mar-25 11:52:11 - INFO - ('miFuncionAntesDeLaPeticion() --- este es el endpoint: ', 'static')
13-Mar-25 11:52:11 - INFO - ('miFuncionAntesDeLaPeticion() --- este es el endpoint: ', 'static')
13-Mar-25 11:52:11 - INFO - ('miFuncionAntesDeLaPeticion() --- este es el endpoint: ', 'static')
13-Mar-25 11:52:11 - INFO - ('miFuncionAntesDeLaPeticion() --- este es el endpoint: ', 'static')
13-Mar-25 11:52:11 - INFO - ('miFuncionAntesDeLaPeticion() --- este es el endpoint: ', 'static')
13-Mar-25 11:52:11 - INFO - ('miFuncionAntesDeLaPeticion() --- este es el endpoint: ', 'static')
13-Mar-25 11:52:11 - INFO - ('miFuncionAntesDeLaPeticion() --- este es el endpoint: ', 'static')
13-Mar-25 11:52:11 - INFO - ('miFuncionAntesDeLaPeticion() --- este es el endpoint: ', 'static')
13-Mar-25 11:52:11 - INFO - ('miFuncionAntesDeLaPeticion() --- este es el endpoint: ', 'static')
13-Mar-25 11:52:12 - INFO - ('miFuncionAntesDeLaPeticion() --- este es el endpoint: ', 'funcionAdministradorPanelRobotPonerServicio')
13-Mar-25 11:52:12 - INFO - ('miFuncionAntesDeLaPeticion() --- este es el endpoint: ', 'funcionAdministradorModificarRobotsEvento')
13-Mar-25 11:52:13 - INFO - ('miFuncionAntesDeLaPeticion() --- este es el endpoint: ', 'static')
13-Mar-25 11:52:13 - INFO - ('miFuncionAntesDeLaPeticion() --- este es el endpoint: ', 'static')
13-Mar-25 11:52:13 - INFO - ('miFuncionAntesDeLaPeticion() --- este es el endpoint: ', 'static')
13-Mar-25 11:52:13 - INFO - ('miFuncionAntesDeLaPeticion() --- este es el endpoint: ', 'static')
13-Mar-25 11:52:13 - INFO - ('miFuncionAntesDeLaPeticion() --- este es el endpoint: ', 'static')
13-Mar-25 11:52:13 - INFO - ('miFuncionAntesDeLaPeticion() --- este es el endpoint: ', 'static')
13-Mar-25 11:52:13 - INFO - ('miFuncionAntesDeLaPeticion() --- este es el endpoint: ', 'static')
13-Mar-25 11:52:13 - INFO - ('miFuncionAntesDeLaPeticion() --- este es el endpoint: ', 'static')
13-Mar-25 11:52:13 - INFO - ('miFuncionAntesDeLaPeticion() --- este es el endpoint: ', 'static')
13-Mar-25 11:52:13 - INFO - ('miFuncionAntesDeLaPeticion() --- este es el endpoint: ', 'static')
13-Mar-25 11:52:13 - INFO - ('miFuncionAntesDeLaPeticion() --- este es el endpoint: ', 'static')
13-Mar-25 11:52:14 - INFO - ('miFuncionAntesDeLaPeticion() --- este es el endpoint: ', 'funcionAdministradorPanelRobotPonerServicio')
13-Mar-25 11:52:14 - INFO - ('miFuncionAntesDeLaPeticion() --- este es el endpoint: ', 'funcionAdministradorModificarRobotsEvento')
13-Mar-25 11:52:14 - INFO - ('miFuncionAntesDeLaPeticion() --- este es el endpoint: ', 'static')
13-Mar-25 11:52:14 - INFO - ('miFuncionAntesDeLaPeticion() --- este es el endpoint: ', 'static')
13-Mar-25 11:52:14 - INFO - ('miFuncionAntesDeLaPeticion() --- este es el endpoint: ', 'static')
13-Mar-25 11:52:14 - INFO - ('miFuncionAntesDeLaPeticion() --- este es el endpoint: ', 'static')
13-Mar-25 11:52:14 - INFO - ('miFuncionAntesDeLaPeticion() --- este es el endpoint: ', 'static')
13-Mar-25 11:52:14 - INFO - ('miFuncionAntesDeLaPeticion() --- este es el endpoint: ', 'static')
13-Mar-25 11:52:14 - INFO - ('miFuncionAntesDeLaPeticion() --- este es el endpoint: ', 'static')
13-Mar-25 11:52:14 - INFO - ('miFuncionAntesDeLaPeticion() --- este es el endpoint: ', 'static')
13-Mar-25 11:52:14 - INFO - ('miFuncionAntesDeLaPeticion() --- este es el endpoint: ', 'static')
13-Mar-25 11:52:14 - INFO - ('miFuncionAntesDeLaPeticion() --- este es el endpoint: ', 'static')
13-Mar-25 11:52:14 - INFO - ('miFuncionAntesDeLaPeticion() --- este es el endpoint: ', 'static')
13-Mar-25 11:52:48 - INFO - ('miFuncionAntesDeLaPeticion() --- este es el endpoint: ', 'funcion_registrarAsistente')
13-Mar-25 11:52:53 - INFO - The CSRF session token is missing.
13-Mar-25 11:52:57 - INFO - The CSRF session token is missing.
13-Mar-25 11:52:58 - INFO - The CSRF session token is missing.
13-Mar-25 11:54:06 - INFO - ('miFuncionAntesDeLaPeticion() --- este es el endpoint: ', 'funcion_registrarAsistente')
13-Mar-25 11:54:11 - INFO - ('miFuncionAntesDeLaPeticion() --- este es el endpoint: ', None)
13-Mar-25 11:54:58 - INFO - ('miFuncionAntesDeLaPeticion() --- este es el endpoint: ', 'funcion_registrarAsistente')
13-Mar-25 11:55:06 - INFO - ('miFuncionAntesDeLaPeticion() --- este es el endpoint: ', None)
13-Mar-25 11:56:25 - INFO - ('miFuncionAntesDeLaPeticion() --- este es el endpoint: ', 'funcion_registrarAsistente')
13-Mar-25 11:56:28 - INFO - The CSRF session token is missing.
13-Mar-25 11:56:31 - INFO - The CSRF session token is missing.
13-Mar-25 11:57:25 - INFO - ('miFuncionAntesDeLaPeticion() --- este es el endpoint: ', 'funcion_registrarAsistente')
13-Mar-25 11:57:27 - INFO - ('miFuncionAntesDeLaPeticion() --- este es el endpoint: ', None)
13-Mar-25 11:58:02 - INFO - ('miFuncionAntesDeLaPeticion() --- este es el endpoint: ', 'funcion_registrarAsistente')
13-Mar-25 11:58:04 - INFO - The CSRF session token is missing.
13-Mar-25 11:58:05 - INFO - The CSRF session token is missing.
13-Mar-25 12:09:26 - INFO - The CSRF token is missing.
13-Mar-25 12:09:34 - INFO - ('miFuncionAntesDeLaPeticion() --- este es el endpoint: ', 'funcion_registrarAsistente')
13-Mar-25 12:09:58 - INFO - ('miFuncionAntesDeLaPeticion() --- este es el endpoint: ', 'funcion_pruebapost')
13-Mar-25 12:09:58 - INFO - ('miFuncionAntesDeLaPeticion() --- este es el endpoint: ', 'funcionAdministradorLogin')
13-Mar-25 12:11:24 - INFO - ('miFuncionAntesDeLaPeticion() --- este es el endpoint: ', 'funcion_pruebapost')
13-Mar-25 12:11:24 - INFO - ('miFuncionAntesDeLaPeticion() --- este es el endpoint: ', 'funcionAdministradorLogin')
13-Mar-25 12:13:54 - INFO - ('miFuncionAntesDeLaPeticion() --- este es el endpoint: ', 'funcion_registrarAsistente')
13-Mar-25 12:14:37 - INFO - ('miFuncionAntesDeLaPeticion() --- este es el endpoint: ', 'funcion_pruebapost')
13-Mar-25 12:14:37 - INFO - ('miFuncionAntesDeLaPeticion() --- este es el endpoint: ', 'funcionAdministradorLogin')
13-Mar-25 12:17:59 - INFO - ('miFuncionAntesDeLaPeticion() --- este es el endpoint: ', 'funcion_registrarAsistente')
13-Mar-25 12:18:12 - INFO - The CSRF session token is missing.
13-Mar-25 12:18:52 - INFO - ('miFuncionAntesDeLaPeticion() --- este es el endpoint: ', 'funcion_registrarAsistente')
13-Mar-25 12:26:48 - INFO - ('miFuncionAntesDeLaPeticion() --- este es el endpoint: ', 'funcion_registrarAsistente')
13-Mar-25 12:28:53 - INFO - ('miFuncionAntesDeLaPeticion() --- este es el endpoint: ', 'funcion_registrarAsistente')
13-Mar-25 12:29:15 - INFO - ('miFuncionAntesDeLaPeticion() --- este es el endpoint: ', 'funcion_aceptarRobot')
13-Mar-25 18:01:36 - INFO - ('miFuncionAntesDeLaPeticion() --- este es el endpoint: ', 'funcion_registrarAsistente')
13-Mar-25 18:01:40 - INFO - The CSRF session token is missing.
13-Mar-25 18:05:50 - INFO - ('miFuncionAntesDeLaPeticion() --- este es el endpoint: ', 'funcion_registrarAsistente')
13-Mar-25 18:05:54 - INFO - The CSRF session token is missing.
13-Mar-25 18:07:29 - INFO - ('miFuncionAntesDeLaPeticion() --- este es el endpoint: ', None)
13-Mar-25 18:07:39 - INFO - ('miFuncionAntesDeLaPeticion() --- este es el endpoint: ', 'funcionAdministradorLogin')
13-Mar-25 18:07:39 - INFO - ('miFuncionAntesDeLaPeticion() --- este es el endpoint: ', 'static')
13-Mar-25 18:07:39 - INFO - ('miFuncionAntesDeLaPeticion() --- este es el endpoint: ', 'static')
13-Mar-25 18:07:39 - INFO - ('miFuncionAntesDeLaPeticion() --- este es el endpoint: ', 'static')
13-Mar-25 18:07:44 - INFO - ('miFuncionAntesDeLaPeticion() --- este es el endpoint: ', 'funcionAdministradorLogin')
13-Mar-25 18:07:44 - INFO - ('miFuncionAntesDeLaPeticion() --- este es el endpoint: ', 'funcionAdministradorHome')
13-Mar-25 18:07:44 - INFO - ('miFuncionAntesDeLaPeticion() --- este es el endpoint: ', 'static')
13-Mar-25 18:07:44 - INFO - ('miFuncionAntesDeLaPeticion() --- este es el endpoint: ', 'static')
13-Mar-25 18:07:44 - INFO - ('miFuncionAntesDeLaPeticion() --- este es el endpoint: ', 'static')
13-Mar-25 18:07:46 - INFO - ('miFuncionAntesDeLaPeticion() --- este es el endpoint: ', 'funcionAdministradorPanelRobot')
13-Mar-25 18:07:46 - INFO - ('miFuncionAntesDeLaPeticion() --- este es el endpoint: ', 'static')
13-Mar-25 18:07:46 - INFO - ('miFuncionAntesDeLaPeticion() --- este es el endpoint: ', 'funcionCapturarImagenRobot')
13-Mar-25 18:07:46 - INFO - ('miFuncionAntesDeLaPeticion() --- este es el endpoint: ', 'static')
13-Mar-25 18:07:46 - INFO - ('miFuncionAntesDeLaPeticion() --- este es el endpoint: ', 'static')
13-Mar-25 18:07:46 - INFO - ('miFuncionAntesDeLaPeticion() --- este es el endpoint: ', 'funcionCapturarImagenRobot')
13-Mar-25 18:07:46 - INFO - ('miFuncionAntesDeLaPeticion() --- este es el endpoint: ', 'static')
13-Mar-25 18:07:46 - INFO - ('miFuncionAntesDeLaPeticion() --- este es el endpoint: ', 'static')
13-Mar-25 18:07:46 - INFO - ('miFuncionAntesDeLaPeticion() --- este es el endpoint: ', 'funcionCapturarImagenRobot')
13-Mar-25 18:07:46 - INFO - ('miFuncionAntesDeLaPeticion() --- este es el endpoint: ', 'static')
13-Mar-25 18:07:53 - INFO - ('miFuncionAntesDeLaPeticion() --- este es el endpoint: ', 'funcionAdministradorPanelRobot')
13-Mar-25 18:07:53 - INFO - ('miFuncionAntesDeLaPeticion() --- este es el endpoint: ', 'static')
13-Mar-25 18:07:53 - INFO - ('miFuncionAntesDeLaPeticion() --- este es el endpoint: ', 'funcionCapturarImagenRobot')
13-Mar-25 18:07:53 - INFO - ('miFuncionAntesDeLaPeticion() --- este es el endpoint: ', 'static')
13-Mar-25 18:07:53 - INFO - ('miFuncionAntesDeLaPeticion() --- este es el endpoint: ', 'static')
13-Mar-25 18:07:53 - INFO - ('miFuncionAntesDeLaPeticion() --- este es el endpoint: ', 'static')
13-Mar-25 18:07:53 - INFO - ('miFuncionAntesDeLaPeticion() --- este es el endpoint: ', 'static')
13-Mar-25 18:07:53 - INFO - ('miFuncionAntesDeLaPeticion() --- este es el endpoint: ', 'funcionCapturarImagenRobot')
13-Mar-25 18:07:53 - INFO - ('miFuncionAntesDeLaPeticion() --- este es el endpoint: ', 'funcionCapturarImagenRobot')
13-Mar-25 18:07:53 - INFO - ('miFuncionAntesDeLaPeticion() --- este es el endpoint: ', 'funcionCapturarImagenRobot')
13-Mar-25 18:07:53 - INFO - ('miFuncionAntesDeLaPeticion() --- este es el endpoint: ', 'funcionCapturarImagenRobot')
13-Mar-25 18:07:53 - INFO - ('miFuncionAntesDeLaPeticion() --- este es el endpoint: ', 'funcionCapturarImagenRobot')
13-Mar-25 18:07:53 - INFO - ('miFuncionAntesDeLaPeticion() --- este es el endpoint: ', 'funcionCapturarImagenRobot')
13-Mar-25 18:07:53 - INFO - ('miFuncionAntesDeLaPeticion() --- este es el endpoint: ', 'funcionCapturarImagenRobot')
13-Mar-25 18:07:53 - INFO - ('miFuncionAntesDeLaPeticion() --- este es el endpoint: ', 'static')
13-Mar-25 18:07:53 - INFO - ('miFuncionAntesDeLaPeticion() --- este es el endpoint: ', 'static')
13-Mar-25 18:08:05 - INFO - ('miFuncionAntesDeLaPeticion() --- este es el endpoint: ', 'funcionAdministradorHome')
13-Mar-25 18:08:05 - INFO - ('miFuncionAntesDeLaPeticion() --- este es el endpoint: ', 'static')
13-Mar-25 18:08:05 - INFO - ('miFuncionAntesDeLaPeticion() --- este es el endpoint: ', 'static')
13-Mar-25 18:08:06 - INFO - ('miFuncionAntesDeLaPeticion() --- este es el endpoint: ', 'funcionAdministradorPanelEvento')
13-Mar-25 18:08:06 - INFO - ('miFuncionAntesDeLaPeticion() --- este es el endpoint: ', 'static')
13-Mar-25 18:08:06 - INFO - ('miFuncionAntesDeLaPeticion() --- este es el endpoint: ', 'static')
13-Mar-25 18:08:06 - INFO - ('miFuncionAntesDeLaPeticion() --- este es el endpoint: ', 'static')
13-Mar-25 18:08:08 - INFO - ('miFuncionAntesDeLaPeticion() --- este es el endpoint: ', 'funcionAdministradorModificarRobotsEvento')
13-Mar-25 18:08:09 - INFO - ('miFuncionAntesDeLaPeticion() --- este es el endpoint: ', 'static')
13-Mar-25 18:08:09 - INFO - ('miFuncionAntesDeLaPeticion() --- este es el endpoint: ', 'static')
13-Mar-25 18:08:09 - INFO - ('miFuncionAntesDeLaPeticion() --- este es el endpoint: ', 'static')
13-Mar-25 18:08:09 - INFO - ('miFuncionAntesDeLaPeticion() --- este es el endpoint: ', 'static')
13-Mar-25 18:08:09 - INFO - ('miFuncionAntesDeLaPeticion() --- este es el endpoint: ', 'static')
13-Mar-25 18:08:09 - INFO - ('miFuncionAntesDeLaPeticion() --- este es el endpoint: ', 'static')
13-Mar-25 18:08:09 - INFO - ('miFuncionAntesDeLaPeticion() --- este es el endpoint: ', 'static')
13-Mar-25 18:08:09 - INFO - ('miFuncionAntesDeLaPeticion() --- este es el endpoint: ', 'static')
13-Mar-25 18:08:09 - INFO - ('miFuncionAntesDeLaPeticion() --- este es el endpoint: ', 'static')
13-Mar-25 18:08:09 - INFO - ('miFuncionAntesDeLaPeticion() --- este es el endpoint: ', 'static')
13-Mar-25 18:08:09 - INFO - ('miFuncionAntesDeLaPeticion() --- este es el endpoint: ', 'static')
13-Mar-25 18:08:33 - INFO - The CSRF session token is missing.
13-Mar-25 18:08:40 - INFO - ('miFuncionAntesDeLaPeticion() --- este es el endpoint: ', 'funcionAdministradorHome')
13-Mar-25 18:08:40 - INFO - ('miFuncionAntesDeLaPeticion() --- este es el endpoint: ', 'static')
13-Mar-25 18:08:40 - INFO - ('miFuncionAntesDeLaPeticion() --- este es el endpoint: ', 'static')
13-Mar-25 18:18:37 - INFO - ('miFuncionAntesDeLaPeticion() --- este es el endpoint: ', 'funcion_registrarAsistente')
13-Mar-25 18:18:40 - INFO - The CSRF session token is missing.
13-Mar-25 18:18:41 - INFO - The CSRF session token is missing.
13-Mar-25 18:18:41 - INFO - The CSRF session token is missing.
13-Mar-25 18:18:41 - INFO - The CSRF session token is missing.
13-Mar-25 18:19:56 - INFO - ('miFuncionAntesDeLaPeticion() --- este es el endpoint: ', 'funcion_registrarAsistente')
13-Mar-25 18:20:00 - INFO - The CSRF session token is missing.
13-Mar-25 18:26:16 - INFO - ('miFuncionAntesDeLaPeticion() --- este es el endpoint: ', 'funcion_registrarAsistente')
13-Mar-25 18:26:47 - INFO - ('miFuncionAntesDeLaPeticion() --- este es el endpoint: ', 'funcion_registrarAsistente')
13-Mar-25 18:27:04 - INFO - ('miFuncionAntesDeLaPeticion() --- este es el endpoint: ', 'funcion_registrarAsistente')
13-Mar-25 18:27:31 - INFO - ('miFuncionAntesDeLaPeticion() --- este es el endpoint: ', 'funcionAdministradorCerrarSesion')
13-Mar-25 18:27:31 - INFO - ('miFuncionAntesDeLaPeticion() --- este es el endpoint: ', 'funcionAdministradorLogin')
13-Mar-25 18:27:31 - INFO - ('miFuncionAntesDeLaPeticion() --- este es el endpoint: ', 'static')
13-Mar-25 18:27:31 - INFO - ('miFuncionAntesDeLaPeticion() --- este es el endpoint: ', 'static')
13-Mar-25 18:27:31 - INFO - ('miFuncionAntesDeLaPeticion() --- este es el endpoint: ', 'static')
13-Mar-25 18:27:40 - INFO - ('miFuncionAntesDeLaPeticion() --- este es el endpoint: ', 'funcionAdministradorLogin')
13-Mar-25 18:27:41 - INFO - ('miFuncionAntesDeLaPeticion() --- este es el endpoint: ', 'funcionAdministradorHome')
13-Mar-25 18:27:41 - INFO - ('miFuncionAntesDeLaPeticion() --- este es el endpoint: ', 'static')
13-Mar-25 18:27:41 - INFO - ('miFuncionAntesDeLaPeticion() --- este es el endpoint: ', 'static')
13-Mar-25 18:28:09 - INFO - ('miFuncionAntesDeLaPeticion() --- este es el endpoint: ', 'funcionAdministradorCerrarSesion')
13-Mar-25 18:28:09 - INFO - ('miFuncionAntesDeLaPeticion() --- este es el endpoint: ', 'funcionAdministradorLogin')
13-Mar-25 18:28:09 - INFO - ('miFuncionAntesDeLaPeticion() --- este es el endpoint: ', 'static')
13-Mar-25 18:28:09 - INFO - ('miFuncionAntesDeLaPeticion() --- este es el endpoint: ', 'static')
13-Mar-25 18:28:09 - INFO - ('miFuncionAntesDeLaPeticion() --- este es el endpoint: ', 'static')
13-Mar-25 18:28:15 - INFO - ('miFuncionAntesDeLaPeticion() --- este es el endpoint: ', 'funcionAdministradorLogin')
13-Mar-25 18:28:16 - INFO - ('miFuncionAntesDeLaPeticion() --- este es el endpoint: ', 'funcionAdministradorHome')
13-Mar-25 18:28:16 - INFO - ('miFuncionAntesDeLaPeticion() --- este es el endpoint: ', 'static')
13-Mar-25 18:28:16 - INFO - ('miFuncionAntesDeLaPeticion() --- este es el endpoint: ', 'static')
13-Mar-25 18:28:24 - INFO - ('miFuncionAntesDeLaPeticion() --- este es el endpoint: ', 'funcionAdministradorCerrarSesion')
13-Mar-25 18:28:24 - INFO - ('miFuncionAntesDeLaPeticion() --- este es el endpoint: ', 'funcionAdministradorLogin')
13-Mar-25 18:28:24 - INFO - ('miFuncionAntesDeLaPeticion() --- este es el endpoint: ', 'static')
13-Mar-25 18:28:24 - INFO - ('miFuncionAntesDeLaPeticion() --- este es el endpoint: ', 'static')
13-Mar-25 18:28:24 - INFO - ('miFuncionAntesDeLaPeticion() --- este es el endpoint: ', 'static')
13-Mar-25 18:28:34 - INFO - ('miFuncionAntesDeLaPeticion() --- este es el endpoint: ', 'funcionAdministradorLogin')
13-Mar-25 18:28:34 - INFO - ('miFuncionAntesDeLaPeticion() --- este es el endpoint: ', 'funcionAdministradorHome')
13-Mar-25 18:28:35 - INFO - ('miFuncionAntesDeLaPeticion() --- este es el endpoint: ', 'static')
13-Mar-25 18:28:35 - INFO - ('miFuncionAntesDeLaPeticion() --- este es el endpoint: ', 'static')
13-Mar-25 18:30:44 - INFO - ('miFuncionAntesDeLaPeticion() --- este es el endpoint: ', 'funcionAdministradorPanelRobot')
13-Mar-25 18:30:44 - INFO - ('miFuncionAntesDeLaPeticion() --- este es el endpoint: ', 'static')
13-Mar-25 18:30:44 - INFO - ('miFuncionAntesDeLaPeticion() --- este es el endpoint: ', 'funcionCapturarImagenRobot')
13-Mar-25 18:30:44 - INFO - ('miFuncionAntesDeLaPeticion() --- este es el endpoint: ', 'static')
13-Mar-25 18:30:44 - INFO - ('miFuncionAntesDeLaPeticion() --- este es el endpoint: ', 'static')
13-Mar-25 18:30:44 - INFO - ('miFuncionAntesDeLaPeticion() --- este es el endpoint: ', 'static')
13-Mar-25 18:30:44 - INFO - ('miFuncionAntesDeLaPeticion() --- este es el endpoint: ', 'static')
13-Mar-25 18:30:44 - INFO - ('miFuncionAntesDeLaPeticion() --- este es el endpoint: ', 'funcionCapturarImagenRobot')
13-Mar-25 18:30:44 - INFO - ('miFuncionAntesDeLaPeticion() --- este es el endpoint: ', 'funcionCapturarImagenRobot')
13-Mar-25 18:30:44 - INFO - ('miFuncionAntesDeLaPeticion() --- este es el endpoint: ', 'static')
13-Mar-25 18:30:49 - INFO - ('miFuncionAntesDeLaPeticion() --- este es el endpoint: ', 'funcionAdministradorCrearRobot')
13-Mar-25 18:30:49 - INFO - ('miFuncionAntesDeLaPeticion() --- este es el endpoint: ', 'static')
13-Mar-25 18:30:49 - INFO - ('miFuncionAntesDeLaPeticion() --- este es el endpoint: ', 'static')
13-Mar-25 18:30:49 - INFO - ('miFuncionAntesDeLaPeticion() --- este es el endpoint: ', 'static')
13-Mar-25 18:31:05 - INFO - ('miFuncionAntesDeLaPeticion() --- este es el endpoint: ', 'funcionAdministradorCrearRobot')
13-Mar-25 18:31:05 - INFO - ('miFuncionAntesDeLaPeticion() --- este es el endpoint: ', 'funcionAdministradorPanelRobot')
13-Mar-25 18:31:06 - INFO - ('miFuncionAntesDeLaPeticion() --- este es el endpoint: ', 'static')
13-Mar-25 18:31:06 - INFO - ('miFuncionAntesDeLaPeticion() --- este es el endpoint: ', 'funcionCapturarImagenRobot')
13-Mar-25 18:31:06 - INFO - ('miFuncionAntesDeLaPeticion() --- este es el endpoint: ', 'static')
13-Mar-25 18:31:06 - INFO - ('miFuncionAntesDeLaPeticion() --- este es el endpoint: ', 'static')
13-Mar-25 18:31:06 - INFO - ('miFuncionAntesDeLaPeticion() --- este es el endpoint: ', 'static')
13-Mar-25 18:31:06 - INFO - ('miFuncionAntesDeLaPeticion() --- este es el endpoint: ', 'static')
13-Mar-25 18:31:06 - INFO - ('miFuncionAntesDeLaPeticion() --- este es el endpoint: ', 'funcionCapturarImagenRobot')
13-Mar-25 18:31:06 - INFO - ('miFuncionAntesDeLaPeticion() --- este es el endpoint: ', 'funcionCapturarImagenRobot')
13-Mar-25 18:31:06 - INFO - ('miFuncionAntesDeLaPeticion() --- este es el endpoint: ', 'static')
13-Mar-25 18:33:46 - INFO - ('miFuncionAntesDeLaPeticion() --- este es el endpoint: ', 'funcion_registrarAsistente')
13-Mar-25 18:33:49 - INFO - ('miFuncionAntesDeLaPeticion() --- este es el endpoint: ', None)
13-Mar-25 18:34:14 - INFO - ('miFuncionAntesDeLaPeticion() --- este es el endpoint: ', 'funcionAdministradorHome')
13-Mar-25 18:34:14 - INFO - ('miFuncionAntesDeLaPeticion() --- este es el endpoint: ', 'static')
13-Mar-25 18:34:14 - INFO - ('miFuncionAntesDeLaPeticion() --- este es el endpoint: ', 'static')
13-Mar-25 18:34:19 - INFO - ('miFuncionAntesDeLaPeticion() --- este es el endpoint: ', 'funcionAdministradorCerrarSesion')
13-Mar-25 18:34:19 - INFO - ('miFuncionAntesDeLaPeticion() --- este es el endpoint: ', 'funcionAdministradorLogin')
13-Mar-25 18:34:19 - INFO - ('miFuncionAntesDeLaPeticion() --- este es el endpoint: ', 'static')
13-Mar-25 18:34:19 - INFO - ('miFuncionAntesDeLaPeticion() --- este es el endpoint: ', 'static')
13-Mar-25 18:34:19 - INFO - ('miFuncionAntesDeLaPeticion() --- este es el endpoint: ', 'static')
13-Mar-25 18:34:22 - INFO - ('miFuncionAntesDeLaPeticion() --- este es el endpoint: ', 'static')
13-Mar-25 18:34:22 - INFO - ('miFuncionAntesDeLaPeticion() --- este es el endpoint: ', 'static')
13-Mar-25 18:34:22 - INFO - ('miFuncionAntesDeLaPeticion() --- este es el endpoint: ', 'static')
13-Mar-25 18:38:17 - INFO - ('miFuncionAntesDeLaPeticion() --- este es el endpoint: ', 'funcion_registrarAsistente')
13-Mar-25 18:38:21 - INFO - ('miFuncionAntesDeLaPeticion() --- este es el endpoint: ', None)
13-Mar-25 18:38:44 - INFO - ('miFuncionAntesDeLaPeticion() --- este es el endpoint: ', 'funcionAdministradorLogin')
13-Mar-25 18:38:44 - INFO - ('miFuncionAntesDeLaPeticion() --- este es el endpoint: ', 'static')
13-Mar-25 18:38:44 - INFO - ('miFuncionAntesDeLaPeticion() --- este es el endpoint: ', 'static')
13-Mar-25 18:38:44 - INFO - ('miFuncionAntesDeLaPeticion() --- este es el endpoint: ', 'static')
13-Mar-25 18:38:51 - INFO - ('miFuncionAntesDeLaPeticion() --- este es el endpoint: ', 'funcionAdministradorLogin')
13-Mar-25 18:38:51 - INFO - ('miFuncionAntesDeLaPeticion() --- este es el endpoint: ', 'funcionAdministradorHome')
13-Mar-25 18:38:51 - INFO - ('miFuncionAntesDeLaPeticion() --- este es el endpoint: ', 'static')
13-Mar-25 18:38:51 - INFO - ('miFuncionAntesDeLaPeticion() --- este es el endpoint: ', 'static')
13-Mar-25 18:38:51 - INFO - ('miFuncionAntesDeLaPeticion() --- este es el endpoint: ', 'static')
13-Mar-25 18:45:49 - INFO - ('miFuncionAntesDeLaPeticion() --- este es el endpoint: ', 'funcionAdministradorCerrarSesion')
13-Mar-25 18:45:49 - INFO - ('miFuncionAntesDeLaPeticion() --- este es el endpoint: ', 'funcionAdministradorLogin')
13-Mar-25 18:45:49 - INFO - ('miFuncionAntesDeLaPeticion() --- este es el endpoint: ', 'static')
13-Mar-25 18:45:49 - INFO - ('miFuncionAntesDeLaPeticion() --- este es el endpoint: ', 'static')
13-Mar-25 18:45:49 - INFO - ('miFuncionAntesDeLaPeticion() --- este es el endpoint: ', 'static')
13-Mar-25 18:45:53 - INFO - ('miFuncionAntesDeLaPeticion() --- este es el endpoint: ', 'funcionAdministradorLogin')
13-Mar-25 18:45:53 - INFO - ('miFuncionAntesDeLaPeticion() --- este es el endpoint: ', 'static')
13-Mar-25 18:45:53 - INFO - ('miFuncionAntesDeLaPeticion() --- este es el endpoint: ', 'static')
13-Mar-25 18:45:53 - INFO - ('miFuncionAntesDeLaPeticion() --- este es el endpoint: ', 'static')
13-Mar-25 18:45:55 - INFO - ('miFuncionAntesDeLaPeticion() --- este es el endpoint: ', 'funcionAdministradorLogin')
13-Mar-25 18:45:56 - INFO - ('miFuncionAntesDeLaPeticion() --- este es el endpoint: ', 'funcionAdministradorHome')
13-Mar-25 18:45:56 - INFO - ('miFuncionAntesDeLaPeticion() --- este es el endpoint: ', 'static')
13-Mar-25 18:45:56 - INFO - ('miFuncionAntesDeLaPeticion() --- este es el endpoint: ', 'static')
13-Mar-25 18:46:25 - INFO - ('miFuncionAntesDeLaPeticion() --- este es el endpoint: ', 'funcion_registrarAsistente')
13-Mar-25 18:46:31 - INFO - ('miFuncionAntesDeLaPeticion() --- este es el endpoint: ', None)
13-Mar-25 18:47:39 - INFO - ('miFuncionAntesDeLaPeticion() --- este es el endpoint: ', 'funcion_registrarAsistente')
13-Mar-25 18:48:02 - INFO - ('miFuncionAntesDeLaPeticion() --- este es el endpoint: ', 'funcion_aceptarRobot')
13-Mar-25 18:48:37 - INFO - ('miFuncionAntesDeLaPeticion() --- este es el endpoint: ', 'funcionAdministradorPanelEvento')
13-Mar-25 18:48:37 - INFO - ('miFuncionAntesDeLaPeticion() --- este es el endpoint: ', 'static')
13-Mar-25 18:48:37 - INFO - ('miFuncionAntesDeLaPeticion() --- este es el endpoint: ', 'static')
13-Mar-25 18:48:37 - INFO - ('miFuncionAntesDeLaPeticion() --- este es el endpoint: ', 'static')
13-Mar-25 18:48:43 - INFO - ('miFuncionAntesDeLaPeticion() --- este es el endpoint: ', 'funcionAdministradorModificarRobotsEvento')
13-Mar-25 18:48:43 - INFO - ('miFuncionAntesDeLaPeticion() --- este es el endpoint: ', 'static')
13-Mar-25 18:48:43 - INFO - ('miFuncionAntesDeLaPeticion() --- este es el endpoint: ', 'static')
13-Mar-25 18:48:43 - INFO - ('miFuncionAntesDeLaPeticion() --- este es el endpoint: ', 'static')
13-Mar-25 18:48:43 - INFO - ('miFuncionAntesDeLaPeticion() --- este es el endpoint: ', 'static')
13-Mar-25 18:48:43 - INFO - ('miFuncionAntesDeLaPeticion() --- este es el endpoint: ', 'static')
13-Mar-25 18:48:43 - INFO - ('miFuncionAntesDeLaPeticion() --- este es el endpoint: ', 'static')
13-Mar-25 18:48:43 - INFO - ('miFuncionAntesDeLaPeticion() --- este es el endpoint: ', 'static')
13-Mar-25 18:48:43 - INFO - ('miFuncionAntesDeLaPeticion() --- este es el endpoint: ', 'static')
13-Mar-25 18:48:43 - INFO - ('miFuncionAntesDeLaPeticion() --- este es el endpoint: ', 'static')
13-Mar-25 18:48:43 - INFO - ('miFuncionAntesDeLaPeticion() --- este es el endpoint: ', 'static')
13-Mar-25 18:48:43 - INFO - ('miFuncionAntesDeLaPeticion() --- este es el endpoint: ', 'static')
13-Mar-25 18:48:43 - INFO - ('miFuncionAntesDeLaPeticion() --- este es el endpoint: ', 'static')
13-Mar-25 18:48:45 - INFO - ('miFuncionAntesDeLaPeticion() --- este es el endpoint: ', 'funcionAdministradorPanelRobotPonerServicio')
13-Mar-25 18:48:45 - INFO - ('miFuncionAntesDeLaPeticion() --- este es el endpoint: ', 'funcionAdministradorModificarRobotsEvento')
13-Mar-25 18:48:45 - INFO - ('miFuncionAntesDeLaPeticion() --- este es el endpoint: ', 'static')
13-Mar-25 18:48:45 - INFO - ('miFuncionAntesDeLaPeticion() --- este es el endpoint: ', 'static')
13-Mar-25 18:48:45 - INFO - ('miFuncionAntesDeLaPeticion() --- este es el endpoint: ', 'static')
13-Mar-25 18:48:45 - INFO - ('miFuncionAntesDeLaPeticion() --- este es el endpoint: ', 'static')
13-Mar-25 18:48:45 - INFO - ('miFuncionAntesDeLaPeticion() --- este es el endpoint: ', 'static')
13-Mar-25 18:48:45 - INFO - ('miFuncionAntesDeLaPeticion() --- este es el endpoint: ', 'static')
13-Mar-25 18:48:45 - INFO - ('miFuncionAntesDeLaPeticion() --- este es el endpoint: ', 'static')
13-Mar-25 18:48:45 - INFO - ('miFuncionAntesDeLaPeticion() --- este es el endpoint: ', 'static')
13-Mar-25 18:48:45 - INFO - ('miFuncionAntesDeLaPeticion() --- este es el endpoint: ', 'static')
13-Mar-25 18:48:45 - INFO - ('miFuncionAntesDeLaPeticion() --- este es el endpoint: ', 'static')
13-Mar-25 18:48:45 - INFO - ('miFuncionAntesDeLaPeticion() --- este es el endpoint: ', 'static')
13-Mar-25 18:48:46 - INFO - ('miFuncionAntesDeLaPeticion() --- este es el endpoint: ', 'funcionAdministradorPanelRobotPonerServicio')
13-Mar-25 18:48:46 - INFO - ('miFuncionAntesDeLaPeticion() --- este es el endpoint: ', 'funcionAdministradorModificarRobotsEvento')
13-Mar-25 18:48:46 - INFO - ('miFuncionAntesDeLaPeticion() --- este es el endpoint: ', 'static')
13-Mar-25 18:48:46 - INFO - ('miFuncionAntesDeLaPeticion() --- este es el endpoint: ', 'static')
13-Mar-25 18:48:46 - INFO - ('miFuncionAntesDeLaPeticion() --- este es el endpoint: ', 'static')
13-Mar-25 18:48:46 - INFO - ('miFuncionAntesDeLaPeticion() --- este es el endpoint: ', 'static')
13-Mar-25 18:48:46 - INFO - ('miFuncionAntesDeLaPeticion() --- este es el endpoint: ', 'static')
13-Mar-25 18:48:46 - INFO - ('miFuncionAntesDeLaPeticion() --- este es el endpoint: ', 'static')
13-Mar-25 18:48:46 - INFO - ('miFuncionAntesDeLaPeticion() --- este es el endpoint: ', 'static')
13-Mar-25 18:48:46 - INFO - ('miFuncionAntesDeLaPeticion() --- este es el endpoint: ', 'static')
13-Mar-25 18:48:46 - INFO - ('miFuncionAntesDeLaPeticion() --- este es el endpoint: ', 'static')
13-Mar-25 18:48:46 - INFO - ('miFuncionAntesDeLaPeticion() --- este es el endpoint: ', 'static')
13-Mar-25 18:48:46 - INFO - ('miFuncionAntesDeLaPeticion() --- este es el endpoint: ', 'static')
13-Mar-25 18:49:12 - INFO - ('miFuncionAntesDeLaPeticion() --- este es el endpoint: ', 'funcion_registrarAsistente')
13-Mar-25 18:50:29 - INFO - ('miFuncionAntesDeLaPeticion() --- este es el endpoint: ', 'funcion_aceptarRobot')
13-Mar-25 18:51:02 - INFO - ('miFuncionAntesDeLaPeticion() --- este es el endpoint: ', 'funcion_registrarAsistente')
13-Mar-25 18:51:10 - INFO - ('miFuncionAntesDeLaPeticion() --- este es el endpoint: ', 'funcion_registrarAsistente')
13-Mar-25 18:51:14 - INFO - ('miFuncionAntesDeLaPeticion() --- este es el endpoint: ', 'funcion_registrarAsistente')
13-Mar-25 18:51:15 - INFO - ('miFuncionAntesDeLaPeticion() --- este es el endpoint: ', 'funcion_registrarAsistente')
13-Mar-25 18:52:01 - INFO - ('miFuncionAntesDeLaPeticion() --- este es el endpoint: ', 'funcion_registrarAsistente')
13-Mar-25 18:52:53 - INFO - ('miFuncionAntesDeLaPeticion() --- este es el endpoint: ', 'funcion_registrarAsistente')
13-Mar-25 18:53:26 - INFO - ('miFuncionAntesDeLaPeticion() --- este es el endpoint: ', 'funcion_registrarAsistente')
13-Mar-25 18:53:38 - INFO - ('miFuncionAntesDeLaPeticion() --- este es el endpoint: ', 'funcionAdministradorPanelRobotPonerServicio')
13-Mar-25 18:53:38 - INFO - ('miFuncionAntesDeLaPeticion() --- este es el endpoint: ', 'funcionAdministradorModificarRobotsEvento')
13-Mar-25 18:53:39 - INFO - ('miFuncionAntesDeLaPeticion() --- este es el endpoint: ', 'static')
13-Mar-25 18:53:39 - INFO - ('miFuncionAntesDeLaPeticion() --- este es el endpoint: ', 'static')
13-Mar-25 18:53:39 - INFO - ('miFuncionAntesDeLaPeticion() --- este es el endpoint: ', 'static')
13-Mar-25 18:53:39 - INFO - ('miFuncionAntesDeLaPeticion() --- este es el endpoint: ', 'static')
13-Mar-25 18:53:39 - INFO - ('miFuncionAntesDeLaPeticion() --- este es el endpoint: ', 'static')
13-Mar-25 18:53:39 - INFO - ('miFuncionAntesDeLaPeticion() --- este es el endpoint: ', 'static')
13-Mar-25 18:53:39 - INFO - ('miFuncionAntesDeLaPeticion() --- este es el endpoint: ', 'static')
13-Mar-25 18:53:39 - INFO - ('miFuncionAntesDeLaPeticion() --- este es el endpoint: ', 'static')
13-Mar-25 18:53:39 - INFO - ('miFuncionAntesDeLaPeticion() --- este es el endpoint: ', 'static')
13-Mar-25 18:53:39 - INFO - ('miFuncionAntesDeLaPeticion() --- este es el endpoint: ', 'static')
13-Mar-25 18:53:39 - INFO - ('miFuncionAntesDeLaPeticion() --- este es el endpoint: ', 'static')
13-Mar-25 18:53:39 - INFO - ('miFuncionAntesDeLaPeticion() --- este es el endpoint: ', 'funcionAdministradorPanelRobotPonerServicio')
13-Mar-25 18:53:39 - INFO - ('miFuncionAntesDeLaPeticion() --- este es el endpoint: ', 'funcionAdministradorModificarRobotsEvento')
13-Mar-25 18:53:40 - INFO - ('miFuncionAntesDeLaPeticion() --- este es el endpoint: ', 'static')
13-Mar-25 18:53:40 - INFO - ('miFuncionAntesDeLaPeticion() --- este es el endpoint: ', 'static')
13-Mar-25 18:53:40 - INFO - ('miFuncionAntesDeLaPeticion() --- este es el endpoint: ', 'static')
13-Mar-25 18:53:40 - INFO - ('miFuncionAntesDeLaPeticion() --- este es el endpoint: ', 'static')
13-Mar-25 18:53:40 - INFO - ('miFuncionAntesDeLaPeticion() --- este es el endpoint: ', 'static')
13-Mar-25 18:53:40 - INFO - ('miFuncionAntesDeLaPeticion() --- este es el endpoint: ', 'static')
13-Mar-25 18:53:40 - INFO - ('miFuncionAntesDeLaPeticion() --- este es el endpoint: ', 'static')
13-Mar-25 18:53:40 - INFO - ('miFuncionAntesDeLaPeticion() --- este es el endpoint: ', 'static')
13-Mar-25 18:53:40 - INFO - ('miFuncionAntesDeLaPeticion() --- este es el endpoint: ', 'static')
13-Mar-25 18:53:40 - INFO - ('miFuncionAntesDeLaPeticion() --- este es el endpoint: ', 'static')
13-Mar-25 18:53:40 - INFO - ('miFuncionAntesDeLaPeticion() --- este es el endpoint: ', 'static')
13-Mar-25 18:53:45 - INFO - ('miFuncionAntesDeLaPeticion() --- este es el endpoint: ', 'funcion_registrarAsistente')
13-Mar-25 18:54:04 - INFO - ('miFuncionAntesDeLaPeticion() --- este es el endpoint: ', 'funcion_registrarAsistente')
13-Mar-25 18:54:13 - INFO - ('miFuncionAntesDeLaPeticion() --- este es el endpoint: ', None)
13-Mar-25 18:54:57 - INFO - ('miFuncionAntesDeLaPeticion() --- este es el endpoint: ', 'funcion_registrarAsistente')
13-Mar-25 18:55:00 - INFO - The CSRF session token is missing.
13-Mar-25 18:55:01 - INFO - The CSRF session token is missing.
13-Mar-25 18:55:44 - INFO - The CSRF session token is missing.
13-Mar-25 19:08:42 - INFO - ('miFuncionAntesDeLaPeticion() --- este es el endpoint: ', 'funcion_registrarAsistente')
13-Mar-25 19:08:44 - INFO - The CSRF session token is missing.
13-Mar-25 19:14:41 - INFO - ('miFuncionAntesDeLaPeticion() --- este es el endpoint: ', 'funcion_registrarAsistente')
13-Mar-25 19:14:43 - INFO - The CSRF session token is missing.
13-Mar-25 19:14:51 - INFO - The CSRF session token is missing.
13-Mar-25 19:19:24 - INFO - ('miFuncionAntesDeLaPeticion() --- este es el endpoint: ', 'funcion_registrarAsistente')
13-Mar-25 19:19:40 - INFO - The CSRF token is missing.
13-Mar-25 19:21:34 - INFO - ('miFuncionAntesDeLaPeticion() --- este es el endpoint: ', 'funcion_registrarAsistente')
13-Mar-25 19:21:35 - INFO - The CSRF session token is missing.
13-Mar-25 19:21:48 - INFO - The CSRF token is missing.
13-Mar-25 19:22:05 - INFO - ('miFuncionAntesDeLaPeticion() --- este es el endpoint: ', None)
13-Mar-25 19:22:35 - INFO - The CSRF token has expired.
13-Mar-25 19:22:50 - INFO - The CSRF token is missing.
21-May-25 01:10:01 - INFO - ('miFuncionAntesDeLaPeticion() --- este es el endpoint: ', None)
21-May-25 01:10:01 - INFO - ('miFuncionAntesDeLaPeticion() --- este es el endpoint: ', 'static')
21-May-25 01:10:01 - INFO - ('miFuncionAntesDeLaPeticion() --- este es el endpoint: ', 'static')
21-May-25 01:10:01 - INFO - ('miFuncionAntesDeLaPeticion() --- este es el endpoint: ', None)
21-May-25 01:10:19 - INFO - ('miFuncionAntesDeLaPeticion() --- este es el endpoint: ', 'funcionAdministradorLogin')
21-May-25 01:10:19 - INFO - ('miFuncionAntesDeLaPeticion() --- este es el endpoint: ', 'static')
21-May-25 01:10:19 - INFO - ('miFuncionAntesDeLaPeticion() --- este es el endpoint: ', 'static')
21-May-25 01:10:19 - INFO - ('miFuncionAntesDeLaPeticion() --- este es el endpoint: ', 'static')
21-May-25 01:10:35 - INFO - ('miFuncionAntesDeLaPeticion() --- este es el endpoint: ', 'funcionAdministradorLogin')
21-May-25 01:10:35 - INFO - ('miFuncionAntesDeLaPeticion() --- este es el endpoint: ', 'funcionAdministradorHome')
21-May-25 01:10:35 - INFO - ('miFuncionAntesDeLaPeticion() --- este es el endpoint: ', 'static')
21-May-25 01:10:35 - INFO - ('miFuncionAntesDeLaPeticion() --- este es el endpoint: ', 'static')
21-May-25 01:10:35 - INFO - ('miFuncionAntesDeLaPeticion() --- este es el endpoint: ', 'static')
21-May-25 01:10:39 - INFO - ('miFuncionAntesDeLaPeticion() --- este es el endpoint: ', 'funcionAdministradorPanelEvento')
21-May-25 01:10:39 - INFO - ('miFuncionAntesDeLaPeticion() --- este es el endpoint: ', 'static')
21-May-25 01:10:39 - INFO - ('miFuncionAntesDeLaPeticion() --- este es el endpoint: ', 'static')
21-May-25 01:10:39 - INFO - ('miFuncionAntesDeLaPeticion() --- este es el endpoint: ', 'static')
21-May-25 01:11:01 - INFO - ('miFuncionAntesDeLaPeticion() --- este es el endpoint: ', 'funcionAdministradorHome')
21-May-25 01:11:01 - INFO - ('miFuncionAntesDeLaPeticion() --- este es el endpoint: ', 'static')
21-May-25 01:11:01 - INFO - ('miFuncionAntesDeLaPeticion() --- este es el endpoint: ', 'static')
21-May-25 01:11:03 - INFO - ('miFuncionAntesDeLaPeticion() --- este es el endpoint: ', 'funcionAdministradorCerrarSesion')
21-May-25 01:11:03 - INFO - ('miFuncionAntesDeLaPeticion() --- este es el endpoint: ', 'funcionAdministradorLogin')
21-May-25 01:11:03 - INFO - ('miFuncionAntesDeLaPeticion() --- este es el endpoint: ', 'static')
21-May-25 01:11:03 - INFO - ('miFuncionAntesDeLaPeticion() --- este es el endpoint: ', 'static')
21-May-25 01:11:03 - INFO - ('miFuncionAntesDeLaPeticion() --- este es el endpoint: ', 'static')
21-May-25 01:30:12 - INFO - ('miFuncionAntesDeLaPeticion() --- este es el endpoint: ', 'funcion_registrarAsistente')
21-May-25 01:30:13 - INFO - ('miFuncionAntesDeLaPeticion() --- este es el endpoint: ', 'funcion_registrarAsistente')
21-May-25 01:30:15 - INFO - ('miFuncionAntesDeLaPeticion() --- este es el endpoint: ', 'funcion_registrarAsistente')
21-May-25 01:31:27 - INFO - ('miFuncionAntesDeLaPeticion() --- este es el endpoint: ', 'funcion_registrarAsistente')
21-May-25 01:32:04 - INFO - ('miFuncionAntesDeLaPeticion() --- este es el endpoint: ', 'funcionAdministradorLogin')
21-May-25 01:32:05 - INFO - ('miFuncionAntesDeLaPeticion() --- este es el endpoint: ', 'funcionAdministradorHome')
21-May-25 01:32:05 - INFO - ('miFuncionAntesDeLaPeticion() --- este es el endpoint: ', 'static')
21-May-25 01:32:05 - INFO - ('miFuncionAntesDeLaPeticion() --- este es el endpoint: ', 'static')
21-May-25 01:32:07 - INFO - ('miFuncionAntesDeLaPeticion() --- este es el endpoint: ', 'funcionAdministradorPanelEvento')
21-May-25 01:32:07 - INFO - ('miFuncionAntesDeLaPeticion() --- este es el endpoint: ', 'static')
21-May-25 01:32:07 - INFO - ('miFuncionAntesDeLaPeticion() --- este es el endpoint: ', 'static')
21-May-25 01:32:07 - INFO - ('miFuncionAntesDeLaPeticion() --- este es el endpoint: ', 'static')
21-May-25 01:32:19 - INFO - ('miFuncionAntesDeLaPeticion() --- este es el endpoint: ', 'funcionAdministradorModificarRobotsEvento')
21-May-25 01:32:19 - INFO - ('miFuncionAntesDeLaPeticion() --- este es el endpoint: ', 'static')
21-May-25 01:32:19 - INFO - ('miFuncionAntesDeLaPeticion() --- este es el endpoint: ', 'static')
21-May-25 01:32:19 - INFO - ('miFuncionAntesDeLaPeticion() --- este es el endpoint: ', 'static')
21-May-25 01:32:19 - INFO - ('miFuncionAntesDeLaPeticion() --- este es el endpoint: ', 'static')
21-May-25 01:32:19 - INFO - ('miFuncionAntesDeLaPeticion() --- este es el endpoint: ', 'static')
21-May-25 01:32:19 - INFO - ('miFuncionAntesDeLaPeticion() --- este es el endpoint: ', 'static')
21-May-25 01:32:19 - INFO - ('miFuncionAntesDeLaPeticion() --- este es el endpoint: ', 'static')
21-May-25 01:32:19 - INFO - ('miFuncionAntesDeLaPeticion() --- este es el endpoint: ', 'static')
21-May-25 01:32:19 - INFO - ('miFuncionAntesDeLaPeticion() --- este es el endpoint: ', 'static')
21-May-25 01:32:19 - INFO - ('miFuncionAntesDeLaPeticion() --- este es el endpoint: ', 'static')
21-May-25 01:32:19 - INFO - ('miFuncionAntesDeLaPeticion() --- este es el endpoint: ', 'static')
21-May-25 01:32:19 - INFO - ('miFuncionAntesDeLaPeticion() --- este es el endpoint: ', 'static')
21-May-25 01:32:19 - INFO - ('miFuncionAntesDeLaPeticion() --- este es el endpoint: ', 'static')
21-May-25 01:32:59 - INFO - ('miFuncionAntesDeLaPeticion() --- este es el endpoint: ', 'funcionAdministradorHome')
21-May-25 01:32:59 - INFO - ('miFuncionAntesDeLaPeticion() --- este es el endpoint: ', 'static')
21-May-25 01:32:59 - INFO - ('miFuncionAntesDeLaPeticion() --- este es el endpoint: ', 'static')
21-May-25 01:33:00 - INFO - ('miFuncionAntesDeLaPeticion() --- este es el endpoint: ', 'funcionAdministradorPanelRobot')
21-May-25 01:33:00 - INFO - ('miFuncionAntesDeLaPeticion() --- este es el endpoint: ', 'static')
21-May-25 01:33:00 - INFO - ('miFuncionAntesDeLaPeticion() --- este es el endpoint: ', 'static')
21-May-25 01:33:00 - INFO - ('miFuncionAntesDeLaPeticion() --- este es el endpoint: ', 'static')
21-May-25 01:33:00 - INFO - ('miFuncionAntesDeLaPeticion() --- este es el endpoint: ', 'static')
21-May-25 01:33:00 - INFO - ('miFuncionAntesDeLaPeticion() --- este es el endpoint: ', 'static')
21-May-25 01:33:00 - INFO - ('miFuncionAntesDeLaPeticion() --- este es el endpoint: ', 'static')
21-May-25 01:33:00 - INFO - ('miFuncionAntesDeLaPeticion() --- este es el endpoint: ', 'funcionCapturarImagenRobot')
21-May-25 01:33:00 - INFO - ('miFuncionAntesDeLaPeticion() --- este es el endpoint: ', 'funcionCapturarImagenRobot')
21-May-25 01:33:00 - INFO - ('miFuncionAntesDeLaPeticion() --- este es el endpoint: ', 'funcionCapturarImagenRobot')
21-May-25 01:33:04 - INFO - ('miFuncionAntesDeLaPeticion() --- este es el endpoint: ', 'funcionAdministradorPanelRobot')
21-May-25 01:33:04 - INFO - ('miFuncionAntesDeLaPeticion() --- este es el endpoint: ', 'static')
21-May-25 01:33:04 - INFO - ('miFuncionAntesDeLaPeticion() --- este es el endpoint: ', 'static')
21-May-25 01:33:04 - INFO - ('miFuncionAntesDeLaPeticion() --- este es el endpoint: ', 'static')
21-May-25 01:33:04 - INFO - ('miFuncionAntesDeLaPeticion() --- este es el endpoint: ', 'static')
21-May-25 01:33:04 - INFO - ('miFuncionAntesDeLaPeticion() --- este es el endpoint: ', 'static')
21-May-25 01:33:04 - INFO - ('miFuncionAntesDeLaPeticion() --- este es el endpoint: ', 'static')
21-May-25 01:33:04 - INFO - ('miFuncionAntesDeLaPeticion() --- este es el endpoint: ', 'funcionCapturarImagenRobot')
21-May-25 01:33:04 - INFO - ('miFuncionAntesDeLaPeticion() --- este es el endpoint: ', 'funcionCapturarImagenRobot')
21-May-25 01:33:04 - INFO - ('miFuncionAntesDeLaPeticion() --- este es el endpoint: ', 'funcionCapturarImagenRobot')
21-May-25 01:33:08 - INFO - ('miFuncionAntesDeLaPeticion() --- este es el endpoint: ', 'funcionAdministradorHome')
21-May-25 01:33:09 - INFO - ('miFuncionAntesDeLaPeticion() --- este es el endpoint: ', 'static')
21-May-25 01:33:09 - INFO - ('miFuncionAntesDeLaPeticion() --- este es el endpoint: ', 'static')
21-May-25 01:33:10 - INFO - ('miFuncionAntesDeLaPeticion() --- este es el endpoint: ', 'funcionAdministradorPanelEvento')
21-May-25 01:33:10 - INFO - ('miFuncionAntesDeLaPeticion() --- este es el endpoint: ', 'static')
21-May-25 01:33:10 - INFO - ('miFuncionAntesDeLaPeticion() --- este es el endpoint: ', 'static')
21-May-25 01:33:10 - INFO - ('miFuncionAntesDeLaPeticion() --- este es el endpoint: ', 'static')
21-May-25 01:33:13 - INFO - ('miFuncionAntesDeLaPeticion() --- este es el endpoint: ', 'funcionAdministradorModificarRobotsEvento')
21-May-25 01:33:13 - INFO - ('miFuncionAntesDeLaPeticion() --- este es el endpoint: ', 'static')
21-May-25 01:33:13 - INFO - ('miFuncionAntesDeLaPeticion() --- este es el endpoint: ', 'static')
21-May-25 01:33:13 - INFO - ('miFuncionAntesDeLaPeticion() --- este es el endpoint: ', 'static')
21-May-25 01:33:13 - INFO - ('miFuncionAntesDeLaPeticion() --- este es el endpoint: ', 'static')
21-May-25 01:33:13 - INFO - ('miFuncionAntesDeLaPeticion() --- este es el endpoint: ', 'static')
21-May-25 01:33:13 - INFO - ('miFuncionAntesDeLaPeticion() --- este es el endpoint: ', 'static')
21-May-25 01:33:13 - INFO - ('miFuncionAntesDeLaPeticion() --- este es el endpoint: ', 'static')
21-May-25 01:33:13 - INFO - ('miFuncionAntesDeLaPeticion() --- este es el endpoint: ', 'static')
21-May-25 01:33:13 - INFO - ('miFuncionAntesDeLaPeticion() --- este es el endpoint: ', 'static')
21-May-25 01:33:13 - INFO - ('miFuncionAntesDeLaPeticion() --- este es el endpoint: ', 'static')
21-May-25 01:33:13 - INFO - ('miFuncionAntesDeLaPeticion() --- este es el endpoint: ', 'static')
21-May-25 01:33:13 - INFO - ('miFuncionAntesDeLaPeticion() --- este es el endpoint: ', 'static')
21-May-25 01:33:19 - INFO - ('miFuncionAntesDeLaPeticion() --- este es el endpoint: ', 'funcionAdministradorHome')
21-May-25 01:33:19 - INFO - ('miFuncionAntesDeLaPeticion() --- este es el endpoint: ', 'static')
21-May-25 01:33:19 - INFO - ('miFuncionAntesDeLaPeticion() --- este es el endpoint: ', 'static')
21-May-25 01:33:21 - INFO - ('miFuncionAntesDeLaPeticion() --- este es el endpoint: ', 'funcionAdministradorPanelRobot')
21-May-25 01:33:21 - INFO - ('miFuncionAntesDeLaPeticion() --- este es el endpoint: ', 'static')
21-May-25 01:33:21 - INFO - ('miFuncionAntesDeLaPeticion() --- este es el endpoint: ', 'static')
21-May-25 01:33:21 - INFO - ('miFuncionAntesDeLaPeticion() --- este es el endpoint: ', 'static')
21-May-25 01:33:21 - INFO - ('miFuncionAntesDeLaPeticion() --- este es el endpoint: ', 'static')
21-May-25 01:33:21 - INFO - ('miFuncionAntesDeLaPeticion() --- este es el endpoint: ', 'static')
21-May-25 01:33:21 - INFO - ('miFuncionAntesDeLaPeticion() --- este es el endpoint: ', 'static')
21-May-25 01:33:21 - INFO - ('miFuncionAntesDeLaPeticion() --- este es el endpoint: ', 'funcionCapturarImagenRobot')
21-May-25 01:33:21 - INFO - ('miFuncionAntesDeLaPeticion() --- este es el endpoint: ', 'funcionCapturarImagenRobot')
21-May-25 01:33:21 - INFO - ('miFuncionAntesDeLaPeticion() --- este es el endpoint: ', 'funcionCapturarImagenRobot')
21-May-25 01:33:23 - INFO - ('miFuncionAntesDeLaPeticion() --- este es el endpoint: ', 'funcionAdministradorPanelRobot')
21-May-25 01:33:23 - INFO - ('miFuncionAntesDeLaPeticion() --- este es el endpoint: ', 'static')
21-May-25 01:33:23 - INFO - ('miFuncionAntesDeLaPeticion() --- este es el endpoint: ', 'static')
21-May-25 01:33:23 - INFO - ('miFuncionAntesDeLaPeticion() --- este es el endpoint: ', 'static')
21-May-25 01:33:23 - INFO - ('miFuncionAntesDeLaPeticion() --- este es el endpoint: ', 'static')
21-May-25 01:33:23 - INFO - ('miFuncionAntesDeLaPeticion() --- este es el endpoint: ', 'static')
21-May-25 01:33:23 - INFO - ('miFuncionAntesDeLaPeticion() --- este es el endpoint: ', 'static')
21-May-25 01:33:23 - INFO - ('miFuncionAntesDeLaPeticion() --- este es el endpoint: ', 'funcionCapturarImagenRobot')
21-May-25 01:33:23 - INFO - ('miFuncionAntesDeLaPeticion() --- este es el endpoint: ', 'funcionCapturarImagenRobot')
21-May-25 01:33:23 - INFO - ('miFuncionAntesDeLaPeticion() --- este es el endpoint: ', 'funcionCapturarImagenRobot')
21-May-25 01:33:32 - INFO - ('miFuncionAntesDeLaPeticion() --- este es el endpoint: ', 'funcionAdministradorPanelRobot')
21-May-25 01:33:32 - INFO - ('miFuncionAntesDeLaPeticion() --- este es el endpoint: ', 'static')
21-May-25 01:33:32 - INFO - ('miFuncionAntesDeLaPeticion() --- este es el endpoint: ', 'static')
21-May-25 01:33:32 - INFO - ('miFuncionAntesDeLaPeticion() --- este es el endpoint: ', 'static')
21-May-25 01:33:32 - INFO - ('miFuncionAntesDeLaPeticion() --- este es el endpoint: ', 'static')
21-May-25 01:33:32 - INFO - ('miFuncionAntesDeLaPeticion() --- este es el endpoint: ', 'static')
21-May-25 01:33:33 - INFO - ('miFuncionAntesDeLaPeticion() --- este es el endpoint: ', 'static')
21-May-25 01:33:36 - INFO - ('miFuncionAntesDeLaPeticion() --- este es el endpoint: ', 'funcionAdministradorPanelRobot')
21-May-25 01:33:36 - INFO - ('miFuncionAntesDeLaPeticion() --- este es el endpoint: ', 'static')
21-May-25 01:33:36 - INFO - ('miFuncionAntesDeLaPeticion() --- este es el endpoint: ', 'static')
21-May-25 01:33:36 - INFO - ('miFuncionAntesDeLaPeticion() --- este es el endpoint: ', 'static')
21-May-25 01:33:36 - INFO - ('miFuncionAntesDeLaPeticion() --- este es el endpoint: ', 'static')
21-May-25 01:33:36 - INFO - ('miFuncionAntesDeLaPeticion() --- este es el endpoint: ', 'static')
21-May-25 01:33:36 - INFO - ('miFuncionAntesDeLaPeticion() --- este es el endpoint: ', 'static')
21-May-25 01:33:36 - INFO - ('miFuncionAntesDeLaPeticion() --- este es el endpoint: ', 'funcionCapturarImagenRobot')
21-May-25 01:33:37 - INFO - ('miFuncionAntesDeLaPeticion() --- este es el endpoint: ', 'funcionAdministradorPanelRobot')
21-May-25 01:33:37 - INFO - ('miFuncionAntesDeLaPeticion() --- este es el endpoint: ', 'static')
21-May-25 01:33:37 - INFO - ('miFuncionAntesDeLaPeticion() --- este es el endpoint: ', 'static')
21-May-25 01:33:37 - INFO - ('miFuncionAntesDeLaPeticion() --- este es el endpoint: ', 'static')
21-May-25 01:33:37 - INFO - ('miFuncionAntesDeLaPeticion() --- este es el endpoint: ', 'static')
21-May-25 01:33:37 - INFO - ('miFuncionAntesDeLaPeticion() --- este es el endpoint: ', 'static')
21-May-25 01:33:37 - INFO - ('miFuncionAntesDeLaPeticion() --- este es el endpoint: ', 'static')
21-May-25 01:33:39 - INFO - ('miFuncionAntesDeLaPeticion() --- este es el endpoint: ', 'funcionAdministradorPanelRobot')
21-May-25 01:33:39 - INFO - ('miFuncionAntesDeLaPeticion() --- este es el endpoint: ', 'static')
21-May-25 01:33:39 - INFO - ('miFuncionAntesDeLaPeticion() --- este es el endpoint: ', 'static')
21-May-25 01:33:39 - INFO - ('miFuncionAntesDeLaPeticion() --- este es el endpoint: ', 'static')
21-May-25 01:33:39 - INFO - ('miFuncionAntesDeLaPeticion() --- este es el endpoint: ', 'static')
21-May-25 01:33:39 - INFO - ('miFuncionAntesDeLaPeticion() --- este es el endpoint: ', 'static')
21-May-25 01:33:39 - INFO - ('miFuncionAntesDeLaPeticion() --- este es el endpoint: ', 'static')
21-May-25 01:33:39 - INFO - ('miFuncionAntesDeLaPeticion() --- este es el endpoint: ', 'funcionCapturarImagenRobot')
21-May-25 01:33:39 - INFO - ('miFuncionAntesDeLaPeticion() --- este es el endpoint: ', 'funcionCapturarImagenRobot')
21-May-25 01:33:39 - INFO - ('miFuncionAntesDeLaPeticion() --- este es el endpoint: ', 'funcionCapturarImagenRobot')
21-May-25 01:33:39 - INFO - ('miFuncionAntesDeLaPeticion() --- este es el endpoint: ', 'funcionCapturarImagenRobot')
21-May-25 01:33:39 - INFO - ('miFuncionAntesDeLaPeticion() --- este es el endpoint: ', 'funcionCapturarImagenRobot')
21-May-25 01:34:02 - INFO - ('miFuncionAntesDeLaPeticion() --- este es el endpoint: ', 'funcionAdministradorCrearRobot')
21-May-25 01:34:02 - INFO - ('miFuncionAntesDeLaPeticion() --- este es el endpoint: ', 'static')
21-May-25 01:34:02 - INFO - ('miFuncionAntesDeLaPeticion() --- este es el endpoint: ', 'static')
21-May-25 01:34:02 - INFO - ('miFuncionAntesDeLaPeticion() --- este es el endpoint: ', 'static')
21-May-25 01:34:04 - INFO - ('miFuncionAntesDeLaPeticion() --- este es el endpoint: ', 'funcionAdministradorHome')
21-May-25 01:34:04 - INFO - ('miFuncionAntesDeLaPeticion() --- este es el endpoint: ', 'static')
21-May-25 01:34:04 - INFO - ('miFuncionAntesDeLaPeticion() --- este es el endpoint: ', 'static')
21-May-25 01:34:09 - INFO - ('miFuncionAntesDeLaPeticion() --- este es el endpoint: ', 'funcionAdministradorPanelRobot')
21-May-25 01:34:09 - INFO - ('miFuncionAntesDeLaPeticion() --- este es el endpoint: ', 'static')
21-May-25 01:34:09 - INFO - ('miFuncionAntesDeLaPeticion() --- este es el endpoint: ', 'static')
21-May-25 01:34:09 - INFO - ('miFuncionAntesDeLaPeticion() --- este es el endpoint: ', 'static')
21-May-25 01:34:09 - INFO - ('miFuncionAntesDeLaPeticion() --- este es el endpoint: ', 'static')
21-May-25 01:34:09 - INFO - ('miFuncionAntesDeLaPeticion() --- este es el endpoint: ', 'static')
21-May-25 01:34:09 - INFO - ('miFuncionAntesDeLaPeticion() --- este es el endpoint: ', 'static')
21-May-25 01:34:09 - INFO - ('miFuncionAntesDeLaPeticion() --- este es el endpoint: ', 'funcionCapturarImagenRobot')
21-May-25 01:34:09 - INFO - ('miFuncionAntesDeLaPeticion() --- este es el endpoint: ', 'funcionCapturarImagenRobot')
21-May-25 01:34:09 - INFO - ('miFuncionAntesDeLaPeticion() --- este es el endpoint: ', 'funcionCapturarImagenRobot')
21-May-25 01:34:12 - INFO - ('miFuncionAntesDeLaPeticion() --- este es el endpoint: ', 'funcionAdministradorPanelRobot')
21-May-25 01:34:12 - INFO - ('miFuncionAntesDeLaPeticion() --- este es el endpoint: ', 'static')
21-May-25 01:34:12 - INFO - ('miFuncionAntesDeLaPeticion() --- este es el endpoint: ', 'static')
21-May-25 01:34:12 - INFO - ('miFuncionAntesDeLaPeticion() --- este es el endpoint: ', 'static')
21-May-25 01:34:12 - INFO - ('miFuncionAntesDeLaPeticion() --- este es el endpoint: ', 'static')
21-May-25 01:34:12 - INFO - ('miFuncionAntesDeLaPeticion() --- este es el endpoint: ', 'static')
21-May-25 01:34:12 - INFO - ('miFuncionAntesDeLaPeticion() --- este es el endpoint: ', 'static')
21-May-25 01:34:12 - INFO - ('miFuncionAntesDeLaPeticion() --- este es el endpoint: ', 'funcionCapturarImagenRobot')
21-May-25 01:34:12 - INFO - ('miFuncionAntesDeLaPeticion() --- este es el endpoint: ', 'funcionCapturarImagenRobot')
21-May-25 01:34:12 - INFO - ('miFuncionAntesDeLaPeticion() --- este es el endpoint: ', 'funcionCapturarImagenRobot')
21-May-25 01:34:12 - INFO - ('miFuncionAntesDeLaPeticion() --- este es el endpoint: ', 'funcionCapturarImagenRobot')
21-May-25 01:34:12 - INFO - ('miFuncionAntesDeLaPeticion() --- este es el endpoint: ', 'funcionCapturarImagenRobot')
21-May-25 01:34:12 - INFO - ('miFuncionAntesDeLaPeticion() --- este es el endpoint: ', 'funcionCapturarImagenRobot')
21-May-25 01:34:12 - INFO - ('miFuncionAntesDeLaPeticion() --- este es el endpoint: ', 'funcionCapturarImagenRobot')
21-May-25 01:34:12 - INFO - ('miFuncionAntesDeLaPeticion() --- este es el endpoint: ', 'funcionCapturarImagenRobot')
21-May-25 01:34:12 - INFO - ('miFuncionAntesDeLaPeticion() --- este es el endpoint: ', 'static')
21-May-25 01:34:14 - INFO - ('miFuncionAntesDeLaPeticion() --- este es el endpoint: ', 'funcionAdministradorHome')
21-May-25 01:34:14 - INFO - ('miFuncionAntesDeLaPeticion() --- este es el endpoint: ', 'static')
21-May-25 01:34:14 - INFO - ('miFuncionAntesDeLaPeticion() --- este es el endpoint: ', 'static')
21-May-25 01:34:15 - INFO - ('miFuncionAntesDeLaPeticion() --- este es el endpoint: ', 'funcionAdministradorPanelEvento')
21-May-25 01:34:15 - INFO - ('miFuncionAntesDeLaPeticion() --- este es el endpoint: ', 'static')
21-May-25 01:34:15 - INFO - ('miFuncionAntesDeLaPeticion() --- este es el endpoint: ', 'static')
21-May-25 01:34:15 - INFO - ('miFuncionAntesDeLaPeticion() --- este es el endpoint: ', 'static')
21-May-25 01:34:20 - INFO - ('miFuncionAntesDeLaPeticion() --- este es el endpoint: ', 'funcionAdministradorModificarRobotsEvento')
21-May-25 01:34:20 - INFO - ('miFuncionAntesDeLaPeticion() --- este es el endpoint: ', 'static')
21-May-25 01:34:20 - INFO - ('miFuncionAntesDeLaPeticion() --- este es el endpoint: ', 'static')
21-May-25 01:34:20 - INFO - ('miFuncionAntesDeLaPeticion() --- este es el endpoint: ', 'static')
21-May-25 01:34:20 - INFO - ('miFuncionAntesDeLaPeticion() --- este es el endpoint: ', 'static')
21-May-25 01:34:20 - INFO - ('miFuncionAntesDeLaPeticion() --- este es el endpoint: ', 'static')
21-May-25 01:34:20 - INFO - ('miFuncionAntesDeLaPeticion() --- este es el endpoint: ', 'static')
21-May-25 01:34:20 - INFO - ('miFuncionAntesDeLaPeticion() --- este es el endpoint: ', 'static')
21-May-25 01:34:20 - INFO - ('miFuncionAntesDeLaPeticion() --- este es el endpoint: ', 'static')
21-May-25 01:34:20 - INFO - ('miFuncionAntesDeLaPeticion() --- este es el endpoint: ', 'static')
21-May-25 01:34:20 - INFO - ('miFuncionAntesDeLaPeticion() --- este es el endpoint: ', 'static')
21-May-25 01:34:20 - INFO - ('miFuncionAntesDeLaPeticion() --- este es el endpoint: ', 'static')
21-May-25 01:34:20 - INFO - ('miFuncionAntesDeLaPeticion() --- este es el endpoint: ', 'static')
21-May-25 01:34:34 - INFO - ('miFuncionAntesDeLaPeticion() --- este es el endpoint: ', 'funcionAdministradorModificarRobotsEvento')
21-May-25 01:34:34 - INFO - ('miFuncionAntesDeLaPeticion() --- este es el endpoint: ', 'static')
21-May-25 01:34:34 - INFO - ('miFuncionAntesDeLaPeticion() --- este es el endpoint: ', 'static')
21-May-25 01:34:34 - INFO - ('miFuncionAntesDeLaPeticion() --- este es el endpoint: ', 'static')
21-May-25 01:34:34 - INFO - ('miFuncionAntesDeLaPeticion() --- este es el endpoint: ', 'static')
21-May-25 01:34:34 - INFO - ('miFuncionAntesDeLaPeticion() --- este es el endpoint: ', 'static')
21-May-25 01:34:34 - INFO - ('miFuncionAntesDeLaPeticion() --- este es el endpoint: ', 'static')
21-May-25 01:34:34 - INFO - ('miFuncionAntesDeLaPeticion() --- este es el endpoint: ', 'static')
21-May-25 01:34:34 - INFO - ('miFuncionAntesDeLaPeticion() --- este es el endpoint: ', 'static')
21-May-25 01:34:34 - INFO - ('miFuncionAntesDeLaPeticion() --- este es el endpoint: ', 'static')
21-May-25 01:34:34 - INFO - ('miFuncionAntesDeLaPeticion() --- este es el endpoint: ', 'static')
21-May-25 01:34:34 - INFO - ('miFuncionAntesDeLaPeticion() --- este es el endpoint: ', 'static')
21-May-25 01:34:34 - INFO - ('miFuncionAntesDeLaPeticion() --- este es el endpoint: ', 'static')
21-May-25 01:34:41 - INFO - ('miFuncionAntesDeLaPeticion() --- este es el endpoint: ', 'funcionAdministradorPanelRobotPonerServicio')
21-May-25 01:34:41 - INFO - ('miFuncionAntesDeLaPeticion() --- este es el endpoint: ', 'funcionAdministradorModificarRobotsEvento')
21-May-25 01:34:42 - INFO - ('miFuncionAntesDeLaPeticion() --- este es el endpoint: ', 'static')
21-May-25 01:34:42 - INFO - ('miFuncionAntesDeLaPeticion() --- este es el endpoint: ', 'static')
21-May-25 01:34:42 - INFO - ('miFuncionAntesDeLaPeticion() --- este es el endpoint: ', 'static')
21-May-25 01:34:42 - INFO - ('miFuncionAntesDeLaPeticion() --- este es el endpoint: ', 'static')
21-May-25 01:34:42 - INFO - ('miFuncionAntesDeLaPeticion() --- este es el endpoint: ', 'static')
21-May-25 01:34:42 - INFO - ('miFuncionAntesDeLaPeticion() --- este es el endpoint: ', 'static')
21-May-25 01:34:42 - INFO - ('miFuncionAntesDeLaPeticion() --- este es el endpoint: ', 'static')
21-May-25 01:34:42 - INFO - ('miFuncionAntesDeLaPeticion() --- este es el endpoint: ', 'static')
21-May-25 01:34:42 - INFO - ('miFuncionAntesDeLaPeticion() --- este es el endpoint: ', 'static')
21-May-25 01:34:42 - INFO - ('miFuncionAntesDeLaPeticion() --- este es el endpoint: ', 'static')
21-May-25 01:34:42 - INFO - ('miFuncionAntesDeLaPeticion() --- este es el endpoint: ', 'static')
21-May-25 01:34:42 - INFO - ('miFuncionAntesDeLaPeticion() --- este es el endpoint: ', 'static')
21-May-25 01:34:54 - INFO - ('miFuncionAntesDeLaPeticion() --- este es el endpoint: ', 'funcionAdministradorModificarRobotsEvento')
21-May-25 01:34:54 - INFO - ('miFuncionAntesDeLaPeticion() --- este es el endpoint: ', 'static')
21-May-25 01:34:54 - INFO - ('miFuncionAntesDeLaPeticion() --- este es el endpoint: ', 'static')
21-May-25 01:34:54 - INFO - ('miFuncionAntesDeLaPeticion() --- este es el endpoint: ', 'static')
21-May-25 01:34:54 - INFO - ('miFuncionAntesDeLaPeticion() --- este es el endpoint: ', 'static')
21-May-25 01:34:54 - INFO - ('miFuncionAntesDeLaPeticion() --- este es el endpoint: ', 'static')
21-May-25 01:34:54 - INFO - ('miFuncionAntesDeLaPeticion() --- este es el endpoint: ', 'static')
21-May-25 01:34:54 - INFO - ('miFuncionAntesDeLaPeticion() --- este es el endpoint: ', 'static')
21-May-25 01:34:54 - INFO - ('miFuncionAntesDeLaPeticion() --- este es el endpoint: ', 'static')
21-May-25 01:34:54 - INFO - ('miFuncionAntesDeLaPeticion() --- este es el endpoint: ', 'static')
21-May-25 01:34:54 - INFO - ('miFuncionAntesDeLaPeticion() --- este es el endpoint: ', 'static')
21-May-25 01:34:54 - INFO - ('miFuncionAntesDeLaPeticion() --- este es el endpoint: ', 'static')
21-May-25 01:34:54 - INFO - ('miFuncionAntesDeLaPeticion() --- este es el endpoint: ', 'static')
21-May-25 01:34:56 - INFO - ('miFuncionAntesDeLaPeticion() --- este es el endpoint: ', 'funcionAdministradorHome')
21-May-25 01:34:56 - INFO - ('miFuncionAntesDeLaPeticion() --- este es el endpoint: ', 'static')
21-May-25 01:34:56 - INFO - ('miFuncionAntesDeLaPeticion() --- este es el endpoint: ', 'static')
21-May-25 01:34:58 - INFO - ('miFuncionAntesDeLaPeticion() --- este es el endpoint: ', 'funcionAdministradorPanelEvento')
21-May-25 01:34:58 - INFO - ('miFuncionAntesDeLaPeticion() --- este es el endpoint: ', 'static')
21-May-25 01:34:58 - INFO - ('miFuncionAntesDeLaPeticion() --- este es el endpoint: ', 'static')
21-May-25 01:34:58 - INFO - ('miFuncionAntesDeLaPeticion() --- este es el endpoint: ', 'static')
21-May-25 01:35:00 - INFO - ('miFuncionAntesDeLaPeticion() --- este es el endpoint: ', 'funcionAdministradorModificarRobotsEvento')
21-May-25 01:35:01 - INFO - ('miFuncionAntesDeLaPeticion() --- este es el endpoint: ', 'static')
21-May-25 01:35:01 - INFO - ('miFuncionAntesDeLaPeticion() --- este es el endpoint: ', 'static')
21-May-25 01:35:01 - INFO - ('miFuncionAntesDeLaPeticion() --- este es el endpoint: ', 'static')
21-May-25 01:35:01 - INFO - ('miFuncionAntesDeLaPeticion() --- este es el endpoint: ', 'static')
21-May-25 01:35:01 - INFO - ('miFuncionAntesDeLaPeticion() --- este es el endpoint: ', 'static')
21-May-25 01:35:01 - INFO - ('miFuncionAntesDeLaPeticion() --- este es el endpoint: ', 'static')
21-May-25 01:35:01 - INFO - ('miFuncionAntesDeLaPeticion() --- este es el endpoint: ', 'static')
21-May-25 01:35:01 - INFO - ('miFuncionAntesDeLaPeticion() --- este es el endpoint: ', 'static')
21-May-25 01:35:01 - INFO - ('miFuncionAntesDeLaPeticion() --- este es el endpoint: ', 'static')
21-May-25 01:35:01 - INFO - ('miFuncionAntesDeLaPeticion() --- este es el endpoint: ', 'static')
21-May-25 01:35:01 - INFO - ('miFuncionAntesDeLaPeticion() --- este es el endpoint: ', 'static')
21-May-25 01:35:01 - INFO - ('miFuncionAntesDeLaPeticion() --- este es el endpoint: ', 'static')
21-May-25 01:35:03 - INFO - ('miFuncionAntesDeLaPeticion() --- este es el endpoint: ', 'funcionAdministradorPanelRobotModificar')
21-May-25 01:35:03 - INFO - ('miFuncionAntesDeLaPeticion() --- este es el endpoint: ', 'static')
21-May-25 01:35:03 - INFO - ('miFuncionAntesDeLaPeticion() --- este es el endpoint: ', 'static')
21-May-25 01:35:03 - INFO - ('miFuncionAntesDeLaPeticion() --- este es el endpoint: ', 'static')
21-May-25 01:35:10 - INFO - ('miFuncionAntesDeLaPeticion() --- este es el endpoint: ', 'funcionAdministradorHome')
21-May-25 01:35:11 - INFO - ('miFuncionAntesDeLaPeticion() --- este es el endpoint: ', 'static')
21-May-25 01:35:11 - INFO - ('miFuncionAntesDeLaPeticion() --- este es el endpoint: ', 'static')
21-May-25 01:35:12 - INFO - ('miFuncionAntesDeLaPeticion() --- este es el endpoint: ', 'funcionAdministradorPanelRobot')
21-May-25 01:35:12 - INFO - ('miFuncionAntesDeLaPeticion() --- este es el endpoint: ', 'static')
21-May-25 01:35:12 - INFO - ('miFuncionAntesDeLaPeticion() --- este es el endpoint: ', 'static')
21-May-25 01:35:12 - INFO - ('miFuncionAntesDeLaPeticion() --- este es el endpoint: ', 'static')
21-May-25 01:35:12 - INFO - ('miFuncionAntesDeLaPeticion() --- este es el endpoint: ', 'static')
21-May-25 01:35:12 - INFO - ('miFuncionAntesDeLaPeticion() --- este es el endpoint: ', 'static')
21-May-25 01:35:12 - INFO - ('miFuncionAntesDeLaPeticion() --- este es el endpoint: ', 'static')
21-May-25 01:35:12 - INFO - ('miFuncionAntesDeLaPeticion() --- este es el endpoint: ', 'funcionCapturarImagenRobot')
21-May-25 01:35:12 - INFO - ('miFuncionAntesDeLaPeticion() --- este es el endpoint: ', 'funcionCapturarImagenRobot')
21-May-25 01:35:12 - INFO - ('miFuncionAntesDeLaPeticion() --- este es el endpoint: ', 'funcionCapturarImagenRobot')
21-May-25 01:35:14 - INFO - ('miFuncionAntesDeLaPeticion() --- este es el endpoint: ', 'funcionAdministradorPanelRobot')
21-May-25 01:35:14 - INFO - ('miFuncionAntesDeLaPeticion() --- este es el endpoint: ', 'static')
21-May-25 01:35:14 - INFO - ('miFuncionAntesDeLaPeticion() --- este es el endpoint: ', 'static')
21-May-25 01:35:14 - INFO - ('miFuncionAntesDeLaPeticion() --- este es el endpoint: ', 'static')
21-May-25 01:35:14 - INFO - ('miFuncionAntesDeLaPeticion() --- este es el endpoint: ', 'static')
21-May-25 01:35:14 - INFO - ('miFuncionAntesDeLaPeticion() --- este es el endpoint: ', 'static')
21-May-25 01:35:14 - INFO - ('miFuncionAntesDeLaPeticion() --- este es el endpoint: ', 'static')
21-May-25 01:35:14 - INFO - ('miFuncionAntesDeLaPeticion() --- este es el endpoint: ', 'funcionCapturarImagenRobot')
21-May-25 01:35:14 - INFO - ('miFuncionAntesDeLaPeticion() --- este es el endpoint: ', 'funcionCapturarImagenRobot')
21-May-25 01:35:14 - INFO - ('miFuncionAntesDeLaPeticion() --- este es el endpoint: ', 'funcionCapturarImagenRobot')
21-May-25 01:35:14 - INFO - ('miFuncionAntesDeLaPeticion() --- este es el endpoint: ', 'funcionCapturarImagenRobot')
21-May-25 01:35:14 - INFO - ('miFuncionAntesDeLaPeticion() --- este es el endpoint: ', 'funcionCapturarImagenRobot')
21-May-25 01:35:14 - INFO - ('miFuncionAntesDeLaPeticion() --- este es el endpoint: ', 'funcionCapturarImagenRobot')
21-May-25 01:35:14 - INFO - ('miFuncionAntesDeLaPeticion() --- este es el endpoint: ', 'funcionCapturarImagenRobot')
21-May-25 01:35:14 - INFO - ('miFuncionAntesDeLaPeticion() --- este es el endpoint: ', 'funcionCapturarImagenRobot')
21-May-25 01:35:38 - INFO - ('miFuncionAntesDeLaPeticion() --- este es el endpoint: ', 'funcion_registrarAsistente')
21-May-25 15:00:56 - INFO - ('miFuncionAntesDeLaPeticion() --- este es el endpoint: ', 'funcionAdministradorLogin')
21-May-25 15:00:57 - INFO - ('miFuncionAntesDeLaPeticion() --- este es el endpoint: ', 'static')
21-May-25 15:00:57 - INFO - ('miFuncionAntesDeLaPeticion() --- este es el endpoint: ', 'static')
21-May-25 15:00:57 - INFO - ('miFuncionAntesDeLaPeticion() --- este es el endpoint: ', 'static')
21-May-25 15:00:57 - INFO - ('miFuncionAntesDeLaPeticion() --- este es el endpoint: ', None)
21-May-25 15:01:03 - INFO - ('miFuncionAntesDeLaPeticion() --- este es el endpoint: ', 'funcionAdministradorLogin')
21-May-25 15:01:03 - INFO - ('miFuncionAntesDeLaPeticion() --- este es el endpoint: ', 'funcionAdministradorHome')
21-May-25 15:01:03 - INFO - ('miFuncionAntesDeLaPeticion() --- este es el endpoint: ', 'static')
21-May-25 15:01:03 - INFO - ('miFuncionAntesDeLaPeticion() --- este es el endpoint: ', 'static')
21-May-25 15:01:03 - INFO - ('miFuncionAntesDeLaPeticion() --- este es el endpoint: ', 'static')
21-May-25 15:01:08 - INFO - ('miFuncionAntesDeLaPeticion() --- este es el endpoint: ', 'funcionAdministradorPanelEvento')
21-May-25 15:01:09 - INFO - ('miFuncionAntesDeLaPeticion() --- este es el endpoint: ', 'static')
21-May-25 15:01:09 - INFO - ('miFuncionAntesDeLaPeticion() --- este es el endpoint: ', 'static')
21-May-25 15:01:09 - INFO - ('miFuncionAntesDeLaPeticion() --- este es el endpoint: ', 'static')
21-May-25 15:01:09 - INFO - ('miFuncionAntesDeLaPeticion() --- este es el endpoint: ', 'funcionAdministradorHome')
21-May-25 15:01:10 - INFO - ('miFuncionAntesDeLaPeticion() --- este es el endpoint: ', 'static')
21-May-25 15:01:10 - INFO - ('miFuncionAntesDeLaPeticion() --- este es el endpoint: ', 'static')
21-May-25 15:01:10 - INFO - ('miFuncionAntesDeLaPeticion() --- este es el endpoint: ', 'funcionAdministradorPanelRobot')
21-May-25 15:01:10 - INFO - ('miFuncionAntesDeLaPeticion() --- este es el endpoint: ', 'static')
21-May-25 15:01:10 - INFO - ('miFuncionAntesDeLaPeticion() --- este es el endpoint: ', 'static')
21-May-25 15:01:10 - INFO - ('miFuncionAntesDeLaPeticion() --- este es el endpoint: ', 'static')
21-May-25 15:01:10 - INFO - ('miFuncionAntesDeLaPeticion() --- este es el endpoint: ', 'static')
21-May-25 15:01:10 - INFO - ('miFuncionAntesDeLaPeticion() --- este es el endpoint: ', 'static')
21-May-25 15:01:10 - INFO - ('miFuncionAntesDeLaPeticion() --- este es el endpoint: ', 'static')
21-May-25 15:01:10 - INFO - ('miFuncionAntesDeLaPeticion() --- este es el endpoint: ', 'funcionCapturarImagenRobot')
21-May-25 15:01:10 - INFO - ('miFuncionAntesDeLaPeticion() --- este es el endpoint: ', 'funcionCapturarImagenRobot')
21-May-25 15:01:10 - INFO - ('miFuncionAntesDeLaPeticion() --- este es el endpoint: ', 'funcionCapturarImagenRobot')
21-May-25 15:01:12 - INFO - ('miFuncionAntesDeLaPeticion() --- este es el endpoint: ', 'funcionAdministradorHome')
21-May-25 15:01:13 - INFO - ('miFuncionAntesDeLaPeticion() --- este es el endpoint: ', 'static')
21-May-25 15:01:13 - INFO - ('miFuncionAntesDeLaPeticion() --- este es el endpoint: ', 'static')
21-May-25 15:01:17 - INFO - ('miFuncionAntesDeLaPeticion() --- este es el endpoint: ', 'funcionAdministradorGestioncuentas')
21-May-25 15:01:17 - INFO - ('miFuncionAntesDeLaPeticion() --- este es el endpoint: ', 'static')
21-May-25 15:01:17 - INFO - ('miFuncionAntesDeLaPeticion() --- este es el endpoint: ', 'static')
21-May-25 15:01:25 - INFO - ('miFuncionAntesDeLaPeticion() --- este es el endpoint: ', 'funcionAdministradorHome')
21-May-25 15:01:25 - INFO - ('miFuncionAntesDeLaPeticion() --- este es el endpoint: ', 'static')
21-May-25 15:01:25 - INFO - ('miFuncionAntesDeLaPeticion() --- este es el endpoint: ', 'static')
21-May-25 15:01:26 - INFO - ('miFuncionAntesDeLaPeticion() --- este es el endpoint: ', 'funcionAdministradorPanelEvento')
21-May-25 15:01:26 - INFO - ('miFuncionAntesDeLaPeticion() --- este es el endpoint: ', 'static')
21-May-25 15:01:26 - INFO - ('miFuncionAntesDeLaPeticion() --- este es el endpoint: ', 'static')
21-May-25 15:01:26 - INFO - ('miFuncionAntesDeLaPeticion() --- este es el endpoint: ', 'static')
21-May-25 15:05:11 - INFO - ('miFuncionAntesDeLaPeticion() --- este es el endpoint: ', 'funcion_registrarAsistente')
21-May-25 15:05:32 - INFO - ('miFuncionAntesDeLaPeticion() --- este es el endpoint: ', 'funcion_registrarAsistente')
21-May-25 15:21:15 - INFO - ('miFuncionAntesDeLaPeticion() --- este es el endpoint: ', 'funcion_registrarAsistente')
21-May-25 15:28:43 - INFO - ('miFuncionAntesDeLaPeticion() --- este es el endpoint: ', 'funcion_registrarAsistente')
21-May-25 15:29:28 - INFO - ('miFuncionAntesDeLaPeticion() --- este es el endpoint: ', 'funcion_registrarAsistente')
21-May-25 16:00:36 - INFO - ('miFuncionAntesDeLaPeticion() --- este es el endpoint: ', None)
21-May-25 16:00:36 - INFO - ('miFuncionAntesDeLaPeticion() --- este es el endpoint: ', 'static')
21-May-25 16:00:36 - INFO - ('miFuncionAntesDeLaPeticion() --- este es el endpoint: ', 'static')
21-May-25 16:00:41 - INFO - ('miFuncionAntesDeLaPeticion() --- este es el endpoint: ', 'funcionAdministradorLogin')
21-May-25 16:00:41 - INFO - ('miFuncionAntesDeLaPeticion() --- este es el endpoint: ', 'static')
21-May-25 16:00:41 - INFO - ('miFuncionAntesDeLaPeticion() --- este es el endpoint: ', 'static')
21-May-25 16:00:41 - INFO - ('miFuncionAntesDeLaPeticion() --- este es el endpoint: ', 'static')
21-May-25 16:00:51 - INFO - ('miFuncionAntesDeLaPeticion() --- este es el endpoint: ', 'funcionAdministradorLogin')
21-May-25 16:00:51 - INFO - ('miFuncionAntesDeLaPeticion() --- este es el endpoint: ', 'funcionAdministradorHome')
21-May-25 16:00:51 - INFO - ('miFuncionAntesDeLaPeticion() --- este es el endpoint: ', 'static')
21-May-25 16:00:51 - INFO - ('miFuncionAntesDeLaPeticion() --- este es el endpoint: ', 'static')
21-May-25 16:00:51 - INFO - ('miFuncionAntesDeLaPeticion() --- este es el endpoint: ', 'static')
21-May-25 16:22:02 - INFO - ('miFuncionAntesDeLaPeticion() --- este es el endpoint: ', None)
21-May-25 16:29:24 - INFO - ('miFuncionAntesDeLaPeticion() --- este es el endpoint: ', 'funcionAdministradorCerrarSesion')
21-May-25 16:29:24 - INFO - ('miFuncionAntesDeLaPeticion() --- este es el endpoint: ', 'funcionAdministradorLogin')
21-May-25 16:29:24 - INFO - ('miFuncionAntesDeLaPeticion() --- este es el endpoint: ', 'static')
21-May-25 16:29:24 - INFO - ('miFuncionAntesDeLaPeticion() --- este es el endpoint: ', 'static')
21-May-25 16:29:24 - INFO - ('miFuncionAntesDeLaPeticion() --- este es el endpoint: ', 'static')
21-May-25 16:29:32 - INFO - ('miFuncionAntesDeLaPeticion() --- este es el endpoint: ', 'funcionAdministradorLogin')
21-May-25 16:29:32 - INFO - ('miFuncionAntesDeLaPeticion() --- este es el endpoint: ', 'funcionAdministradorHome')
21-May-25 16:29:32 - INFO - ('miFuncionAntesDeLaPeticion() --- este es el endpoint: ', 'static')
21-May-25 16:29:32 - INFO - ('miFuncionAntesDeLaPeticion() --- este es el endpoint: ', 'static')
21-May-25 16:29:35 - INFO - ('miFuncionAntesDeLaPeticion() --- este es el endpoint: ', 'funcionAdministradorPanelEvento')
21-May-25 16:29:35 - INFO - ('miFuncionAntesDeLaPeticion() --- este es el endpoint: ', 'static')
21-May-25 16:29:35 - INFO - ('miFuncionAntesDeLaPeticion() --- este es el endpoint: ', 'static')
21-May-25 16:29:35 - INFO - ('miFuncionAntesDeLaPeticion() --- este es el endpoint: ', 'static')
21-May-25 16:29:37 - INFO - ('miFuncionAntesDeLaPeticion() --- este es el endpoint: ', 'funcionAdministradorCrearEvento')
21-May-25 16:29:37 - INFO - ('miFuncionAntesDeLaPeticion() --- este es el endpoint: ', 'static')
21-May-25 16:29:37 - INFO - ('miFuncionAntesDeLaPeticion() --- este es el endpoint: ', 'static')
21-May-25 16:29:37 - INFO - ('miFuncionAntesDeLaPeticion() --- este es el endpoint: ', 'static')
21-May-25 16:29:50 - INFO - ('miFuncionAntesDeLaPeticion() --- este es el endpoint: ', 'funcionAdministradorCrearEvento')
21-May-25 16:29:50 - INFO - ('miFuncionAntesDeLaPeticion() --- este es el endpoint: ', 'funcionAdministradorPanelEvento')
21-May-25 16:29:50 - INFO - ('miFuncionAntesDeLaPeticion() --- este es el endpoint: ', 'static')
21-May-25 16:29:50 - INFO - ('miFuncionAntesDeLaPeticion() --- este es el endpoint: ', 'static')
21-May-25 16:29:50 - INFO - ('miFuncionAntesDeLaPeticion() --- este es el endpoint: ', 'static')
21-May-25 16:32:56 - INFO - ('miFuncionAntesDeLaPeticion() --- este es el endpoint: ', 'funcionAdministradorHome')
21-May-25 16:32:56 - INFO - ('miFuncionAntesDeLaPeticion() --- este es el endpoint: ', 'static')
21-May-25 16:32:56 - INFO - ('miFuncionAntesDeLaPeticion() --- este es el endpoint: ', 'static')
21-May-25 16:32:57 - INFO - ('miFuncionAntesDeLaPeticion() --- este es el endpoint: ', 'funcionAdministradorCerrarSesion')
21-May-25 16:32:57 - INFO - ('miFuncionAntesDeLaPeticion() --- este es el endpoint: ', 'funcionAdministradorLogin')
21-May-25 16:32:57 - INFO - ('miFuncionAntesDeLaPeticion() --- este es el endpoint: ', 'static')
21-May-25 16:32:57 - INFO - ('miFuncionAntesDeLaPeticion() --- este es el endpoint: ', 'static')
21-May-25 16:32:57 - INFO - ('miFuncionAntesDeLaPeticion() --- este es el endpoint: ', 'static')
21-May-25 16:33:03 - INFO - ('miFuncionAntesDeLaPeticion() --- este es el endpoint: ', 'funcionAdministradorLogin')
21-May-25 16:33:03 - INFO - ('miFuncionAntesDeLaPeticion() --- este es el endpoint: ', 'funcionAdministradorHome')
21-May-25 16:33:03 - INFO - ('miFuncionAntesDeLaPeticion() --- este es el endpoint: ', 'static')
21-May-25 16:33:03 - INFO - ('miFuncionAntesDeLaPeticion() --- este es el endpoint: ', 'static')
21-May-25 16:33:08 - INFO - ('miFuncionAntesDeLaPeticion() --- este es el endpoint: ', 'funcionAdministradorPanelEvento')
21-May-25 16:33:08 - INFO - ('miFuncionAntesDeLaPeticion() --- este es el endpoint: ', 'static')
21-May-25 16:33:08 - INFO - ('miFuncionAntesDeLaPeticion() --- este es el endpoint: ', 'static')
21-May-25 16:33:08 - INFO - ('miFuncionAntesDeLaPeticion() --- este es el endpoint: ', 'static')
21-May-25 16:33:10 - INFO - ('miFuncionAntesDeLaPeticion() --- este es el endpoint: ', 'funcionAdministradorCrearEvento')
21-May-25 16:33:10 - INFO - ('miFuncionAntesDeLaPeticion() --- este es el endpoint: ', 'static')
21-May-25 16:33:10 - INFO - ('miFuncionAntesDeLaPeticion() --- este es el endpoint: ', 'static')
21-May-25 16:33:10 - INFO - ('miFuncionAntesDeLaPeticion() --- este es el endpoint: ', 'static')
21-May-25 16:34:32 - INFO - ('miFuncionAntesDeLaPeticion() --- este es el endpoint: ', 'funcionAdministradorCrearEvento')
21-May-25 16:34:32 - INFO - ('miFuncionAntesDeLaPeticion() --- este es el endpoint: ', 'funcionAdministradorPanelEvento')
21-May-25 16:34:32 - INFO - ('miFuncionAntesDeLaPeticion() --- este es el endpoint: ', 'static')
21-May-25 16:34:32 - INFO - ('miFuncionAntesDeLaPeticion() --- este es el endpoint: ', 'static')
21-May-25 16:34:32 - INFO - ('miFuncionAntesDeLaPeticion() --- este es el endpoint: ', 'static')
21-May-25 16:50:39 - INFO - ('miFuncionAntesDeLaPeticion() --- este es el endpoint: ', 'funcionAdministradorHome')
21-May-25 16:50:39 - INFO - ('miFuncionAntesDeLaPeticion() --- este es el endpoint: ', 'static')
21-May-25 16:50:39 - INFO - ('miFuncionAntesDeLaPeticion() --- este es el endpoint: ', 'static')
21-May-25 16:50:40 - INFO - ('miFuncionAntesDeLaPeticion() --- este es el endpoint: ', 'funcionAdministradorCerrarSesion')
21-May-25 16:50:40 - INFO - ('miFuncionAntesDeLaPeticion() --- este es el endpoint: ', 'funcionAdministradorLogin')
21-May-25 16:50:40 - INFO - ('miFuncionAntesDeLaPeticion() --- este es el endpoint: ', 'static')
21-May-25 16:50:40 - INFO - ('miFuncionAntesDeLaPeticion() --- este es el endpoint: ', 'static')
21-May-25 16:50:40 - INFO - ('miFuncionAntesDeLaPeticion() --- este es el endpoint: ', 'static')
21-May-25 16:50:59 - INFO - ('miFuncionAntesDeLaPeticion() --- este es el endpoint: ', 'funcionAdministradorLogin')
21-May-25 16:50:59 - INFO - ('miFuncionAntesDeLaPeticion() --- este es el endpoint: ', 'static')
21-May-25 16:50:59 - INFO - ('miFuncionAntesDeLaPeticion() --- este es el endpoint: ', 'static')
21-May-25 16:50:59 - INFO - ('miFuncionAntesDeLaPeticion() --- este es el endpoint: ', 'static')
21-May-25 16:51:08 - INFO - ('miFuncionAntesDeLaPeticion() --- este es el endpoint: ', 'funcionAdministradorLogin')
21-May-25 16:51:08 - INFO - ('miFuncionAntesDeLaPeticion() --- este es el endpoint: ', 'static')
21-May-25 16:51:08 - INFO - ('miFuncionAntesDeLaPeticion() --- este es el endpoint: ', 'static')
21-May-25 16:51:08 - INFO - ('miFuncionAntesDeLaPeticion() --- este es el endpoint: ', 'static')
21-May-25 16:51:09 - INFO - ('miFuncionAntesDeLaPeticion() --- este es el endpoint: ', None)
21-May-25 16:51:17 - INFO - ('miFuncionAntesDeLaPeticion() --- este es el endpoint: ', 'funcionAdministradorLogin')
21-May-25 16:51:17 - INFO - ('miFuncionAntesDeLaPeticion() --- este es el endpoint: ', 'funcionAdministradorHome')
21-May-25 16:51:17 - INFO - ('miFuncionAntesDeLaPeticion() --- este es el endpoint: ', 'static')
21-May-25 16:51:17 - INFO - ('miFuncionAntesDeLaPeticion() --- este es el endpoint: ', 'static')
21-May-25 16:51:17 - INFO - ('miFuncionAntesDeLaPeticion() --- este es el endpoint: ', 'static')
21-May-25 16:51:22 - INFO - ('miFuncionAntesDeLaPeticion() --- este es el endpoint: ', 'funcion_registrarAsistente')
21-May-25 16:51:52 - INFO - ('miFuncionAntesDeLaPeticion() --- este es el endpoint: ', 'funcionAdministradorCerrarSesion')
21-May-25 16:51:52 - INFO - ('miFuncionAntesDeLaPeticion() --- este es el endpoint: ', 'funcionAdministradorLogin')
21-May-25 16:51:52 - INFO - ('miFuncionAntesDeLaPeticion() --- este es el endpoint: ', 'static')
21-May-25 16:51:52 - INFO - ('miFuncionAntesDeLaPeticion() --- este es el endpoint: ', 'static')
21-May-25 16:51:52 - INFO - ('miFuncionAntesDeLaPeticion() --- este es el endpoint: ', 'static')
21-May-25 16:52:04 - INFO - ('miFuncionAntesDeLaPeticion() --- este es el endpoint: ', 'funcionAdministradorLogin')
21-May-25 16:52:04 - INFO - ('miFuncionAntesDeLaPeticion() --- este es el endpoint: ', 'funcionAdministradorHome')
21-May-25 16:52:04 - INFO - ('miFuncionAntesDeLaPeticion() --- este es el endpoint: ', 'static')
21-May-25 16:52:04 - INFO - ('miFuncionAntesDeLaPeticion() --- este es el endpoint: ', 'static')
21-May-25 16:52:26 - INFO - ('miFuncionAntesDeLaPeticion() --- este es el endpoint: ', 'funcion_registrarAsistente')
21-May-25 16:52:34 - INFO - The CSRF session token is missing.
21-May-25 16:53:08 - INFO - The CSRF session token is missing.
21-May-25 16:53:11 - INFO - The CSRF session token is missing.
21-May-25 16:53:14 - INFO - The CSRF session token is missing.
21-May-25 16:53:40 - INFO - ('miFuncionAntesDeLaPeticion() --- este es el endpoint: ', 'funcion_registrarAsistente')
21-May-25 16:54:30 - INFO - The CSRF token is invalid.
21-May-25 16:56:48 - INFO - ('miFuncionAntesDeLaPeticion() --- este es el endpoint: ', 'funcion_aceptarRobot')
21-May-25 16:57:05 - INFO - ('miFuncionAntesDeLaPeticion() --- este es el endpoint: ', 'funcionAdministradorPanelEvento')
21-May-25 16:57:05 - INFO - ('miFuncionAntesDeLaPeticion() --- este es el endpoint: ', 'static')
21-May-25 16:57:05 - INFO - ('miFuncionAntesDeLaPeticion() --- este es el endpoint: ', 'static')
21-May-25 16:57:05 - INFO - ('miFuncionAntesDeLaPeticion() --- este es el endpoint: ', 'static')
21-May-25 16:57:07 - INFO - ('miFuncionAntesDeLaPeticion() --- este es el endpoint: ', 'funcionAdministradorModificarRobotsEvento')
21-May-25 16:57:08 - INFO - ('miFuncionAntesDeLaPeticion() --- este es el endpoint: ', 'static')
21-May-25 16:57:08 - INFO - ('miFuncionAntesDeLaPeticion() --- este es el endpoint: ', 'static')
21-May-25 16:57:08 - INFO - ('miFuncionAntesDeLaPeticion() --- este es el endpoint: ', 'static')
21-May-25 16:57:08 - INFO - ('miFuncionAntesDeLaPeticion() --- este es el endpoint: ', 'static')
21-May-25 16:57:08 - INFO - ('miFuncionAntesDeLaPeticion() --- este es el endpoint: ', 'static')
21-May-25 16:57:08 - INFO - ('miFuncionAntesDeLaPeticion() --- este es el endpoint: ', 'static')
21-May-25 16:57:08 - INFO - ('miFuncionAntesDeLaPeticion() --- este es el endpoint: ', 'static')
21-May-25 16:57:08 - INFO - ('miFuncionAntesDeLaPeticion() --- este es el endpoint: ', 'static')
21-May-25 16:57:08 - INFO - ('miFuncionAntesDeLaPeticion() --- este es el endpoint: ', 'static')
21-May-25 16:57:08 - INFO - ('miFuncionAntesDeLaPeticion() --- este es el endpoint: ', 'static')
21-May-25 16:57:08 - INFO - ('miFuncionAntesDeLaPeticion() --- este es el endpoint: ', 'static')
21-May-25 16:57:08 - INFO - ('miFuncionAntesDeLaPeticion() --- este es el endpoint: ', 'static')
21-May-25 16:57:08 - INFO - ('miFuncionAntesDeLaPeticion() --- este es el endpoint: ', 'static')
21-May-25 16:57:10 - INFO - ('miFuncionAntesDeLaPeticion() --- este es el endpoint: ', 'funcionAdministradorPanelRobotPonerServicio')
21-May-25 16:57:10 - INFO - ('miFuncionAntesDeLaPeticion() --- este es el endpoint: ', 'funcionAdministradorModificarRobotsEvento')
21-May-25 16:57:10 - INFO - ('miFuncionAntesDeLaPeticion() --- este es el endpoint: ', 'static')
21-May-25 16:57:10 - INFO - ('miFuncionAntesDeLaPeticion() --- este es el endpoint: ', 'static')
21-May-25 16:57:10 - INFO - ('miFuncionAntesDeLaPeticion() --- este es el endpoint: ', 'static')
21-May-25 16:57:10 - INFO - ('miFuncionAntesDeLaPeticion() --- este es el endpoint: ', 'static')
21-May-25 16:57:10 - INFO - ('miFuncionAntesDeLaPeticion() --- este es el endpoint: ', 'static')
21-May-25 16:57:10 - INFO - ('miFuncionAntesDeLaPeticion() --- este es el endpoint: ', 'static')
21-May-25 16:57:10 - INFO - ('miFuncionAntesDeLaPeticion() --- este es el endpoint: ', 'static')
21-May-25 16:57:10 - INFO - ('miFuncionAntesDeLaPeticion() --- este es el endpoint: ', 'static')
21-May-25 16:57:10 - INFO - ('miFuncionAntesDeLaPeticion() --- este es el endpoint: ', 'static')
21-May-25 16:57:10 - INFO - ('miFuncionAntesDeLaPeticion() --- este es el endpoint: ', 'static')
21-May-25 16:57:10 - INFO - ('miFuncionAntesDeLaPeticion() --- este es el endpoint: ', 'static')
21-May-25 16:57:10 - INFO - ('miFuncionAntesDeLaPeticion() --- este es el endpoint: ', 'static')
21-May-25 16:57:11 - INFO - ('miFuncionAntesDeLaPeticion() --- este es el endpoint: ', 'funcionAdministradorPanelRobotPonerServicio')
21-May-25 16:57:11 - INFO - ('miFuncionAntesDeLaPeticion() --- este es el endpoint: ', 'funcionAdministradorModificarRobotsEvento')
21-May-25 16:57:11 - INFO - ('miFuncionAntesDeLaPeticion() --- este es el endpoint: ', 'static')
21-May-25 16:57:11 - INFO - ('miFuncionAntesDeLaPeticion() --- este es el endpoint: ', 'static')
21-May-25 16:57:11 - INFO - ('miFuncionAntesDeLaPeticion() --- este es el endpoint: ', 'static')
21-May-25 16:57:11 - INFO - ('miFuncionAntesDeLaPeticion() --- este es el endpoint: ', 'static')
21-May-25 16:57:11 - INFO - ('miFuncionAntesDeLaPeticion() --- este es el endpoint: ', 'static')
21-May-25 16:57:11 - INFO - ('miFuncionAntesDeLaPeticion() --- este es el endpoint: ', 'static')
21-May-25 16:57:11 - INFO - ('miFuncionAntesDeLaPeticion() --- este es el endpoint: ', 'static')
21-May-25 16:57:11 - INFO - ('miFuncionAntesDeLaPeticion() --- este es el endpoint: ', 'static')
21-May-25 16:57:11 - INFO - ('miFuncionAntesDeLaPeticion() --- este es el endpoint: ', 'static')
21-May-25 16:57:11 - INFO - ('miFuncionAntesDeLaPeticion() --- este es el endpoint: ', 'static')
21-May-25 16:57:11 - INFO - ('miFuncionAntesDeLaPeticion() --- este es el endpoint: ', 'static')
21-May-25 16:57:11 - INFO - ('miFuncionAntesDeLaPeticion() --- este es el endpoint: ', 'static')
21-May-25 16:57:29 - INFO - ('miFuncionAntesDeLaPeticion() --- este es el endpoint: ', 'funcion_registrarAsistente')
21-May-25 16:57:40 - INFO - ('miFuncionAntesDeLaPeticion() --- este es el endpoint: ', 'funcion_registrarAsistente')
21-May-25 16:57:52 - INFO - The CSRF token is invalid.
21-May-25 17:46:32 - INFO - ('miFuncionAntesDeLaPeticion() --- este es el endpoint: ', 'funcion_registrarAsistente')
21-May-25 17:46:43 - INFO - ('miFuncionAntesDeLaPeticion() --- este es el endpoint: ', 'funcion_aceptarRobot')
21-May-25 17:52:25 - INFO - ('miFuncionAntesDeLaPeticion() --- este es el endpoint: ', 'funcion_registrarAsistente')
21-May-25 17:52:33 - INFO - ('miFuncionAntesDeLaPeticion() --- este es el endpoint: ', 'funcion_aceptarRobot')
21-May-25 17:52:33 - INFO - ('miFuncionAntesDeLaPeticion() --- este es el endpoint: ', 'funcion_registrarAsistente')
21-May-25 17:52:48 - INFO - ('miFuncionAntesDeLaPeticion() --- este es el endpoint: ', 'funcion_aceptarRobot')
21-May-25 17:52:48 - INFO - ('miFuncionAntesDeLaPeticion() --- este es el endpoint: ', 'funcion_registrarAsistente')
21-May-25 17:52:57 - INFO - ('miFuncionAntesDeLaPeticion() --- este es el endpoint: ', 'funcion_aceptarRobot')
21-May-25 17:52:57 - INFO - ('miFuncionAntesDeLaPeticion() --- este es el endpoint: ', 'funcion_registrarAsistente')
21-May-25 17:53:05 - INFO - ('miFuncionAntesDeLaPeticion() --- este es el endpoint: ', 'funcion_aceptarRobot')
21-May-25 17:53:05 - INFO - ('miFuncionAntesDeLaPeticion() --- este es el endpoint: ', 'funcion_registrarAsistente')
21-May-25 17:58:25 - INFO - ('miFuncionAntesDeLaPeticion() --- este es el endpoint: ', 'funcion_registrarAsistente')
21-May-25 17:58:29 - INFO - ('miFuncionAntesDeLaPeticion() --- este es el endpoint: ', 'funcion_aceptarRobot')
21-May-25 17:58:29 - INFO - ('miFuncionAntesDeLaPeticion() --- este es el endpoint: ', 'funcion_registrarAsistente')
21-May-25 18:09:37 - INFO - ('miFuncionAntesDeLaPeticion() --- este es el endpoint: ', 'funcion_registrarAsistente')
21-May-25 18:09:41 - INFO - The CSRF session token is missing.
21-May-25 18:09:52 - INFO - The CSRF token is missing.
21-May-25 18:11:47 - INFO - ('miFuncionAntesDeLaPeticion() --- este es el endpoint: ', 'funcion_registrarAsistente')
21-May-25 18:11:51 - INFO - The CSRF session token is missing.
21-May-25 18:17:03 - INFO - ('miFuncionAntesDeLaPeticion() --- este es el endpoint: ', 'funcion_registrarAsistente')
21-May-25 18:17:06 - INFO - The CSRF session token is missing.
21-May-25 18:37:57 - INFO - ('miFuncionAntesDeLaPeticion() --- este es el endpoint: ', 'funcion_registrarAsistente')
21-May-25 18:39:44 - INFO - The CSRF token is missing.
21-May-25 18:41:43 - INFO - ('miFuncionAntesDeLaPeticion() --- este es el endpoint: ', 'funcion_aceptarRobot')
21-May-25 18:55:26 - INFO - ('miFuncionAntesDeLaPeticion() --- este es el endpoint: ', 'funcion_registrarAsistente')
21-May-25 19:03:59 - INFO - ('miFuncionAntesDeLaPeticion() --- este es el endpoint: ', 'funcion_registrarAsistente')
21-May-25 19:04:25 - INFO - ('miFuncionAntesDeLaPeticion() --- este es el endpoint: ', 'funcion_registrarAsistente')
21-May-25 19:05:14 - INFO - ('miFuncionAntesDeLaPeticion() --- este es el endpoint: ', None)
21-May-25 19:06:57 - INFO - ('miFuncionAntesDeLaPeticion() --- este es el endpoint: ', 'funcion_registrarAsistente')
21-May-25 19:07:12 - INFO - ('miFuncionAntesDeLaPeticion() --- este es el endpoint: ', 'funcion_aceptarRobot')
21-May-25 19:07:12 - INFO - ('miFuncionAntesDeLaPeticion() --- este es el endpoint: ', 'funcion_registrarAsistente')
21-May-25 19:08:04 - INFO - ('miFuncionAntesDeLaPeticion() --- este es el endpoint: ', 'funcion_registrarAsistente')
21-May-25 19:09:29 - INFO - ('miFuncionAntesDeLaPeticion() --- este es el endpoint: ', 'funcion_registrarAsistente')
22-May-25 18:46:23 - INFO - ('miFuncionAntesDeLaPeticion() --- este es el endpoint: ', 'funcion_registrarAsistente')
22-May-25 18:47:55 - INFO - ('miFuncionAntesDeLaPeticion() --- este es el endpoint: ', 'funcionAdministradorLogin')
22-May-25 18:47:55 - INFO - ('miFuncionAntesDeLaPeticion() --- este es el endpoint: ', 'static')
22-May-25 18:47:55 - INFO - ('miFuncionAntesDeLaPeticion() --- este es el endpoint: ', 'static')
22-May-25 18:47:55 - INFO - ('miFuncionAntesDeLaPeticion() --- este es el endpoint: ', 'static')
22-May-25 18:48:00 - INFO - ('miFuncionAntesDeLaPeticion() --- este es el endpoint: ', None)
22-May-25 18:48:22 - INFO - ('miFuncionAntesDeLaPeticion() --- este es el endpoint: ', 'funcionAdministradorLogin')
22-May-25 18:48:22 - INFO - ('miFuncionAntesDeLaPeticion() --- este es el endpoint: ', 'funcionAdministradorHome')
22-May-25 18:48:22 - INFO - ('miFuncionAntesDeLaPeticion() --- este es el endpoint: ', 'static')
22-May-25 18:48:22 - INFO - ('miFuncionAntesDeLaPeticion() --- este es el endpoint: ', 'static')
22-May-25 18:48:22 - INFO - ('miFuncionAntesDeLaPeticion() --- este es el endpoint: ', 'static')
22-May-25 18:48:25 - INFO - ('miFuncionAntesDeLaPeticion() --- este es el endpoint: ', 'funcionAdministradorPanelEvento')
22-May-25 18:48:25 - INFO - ('miFuncionAntesDeLaPeticion() --- este es el endpoint: ', 'static')
22-May-25 18:48:25 - INFO - ('miFuncionAntesDeLaPeticion() --- este es el endpoint: ', 'static')
22-May-25 18:48:25 - INFO - ('miFuncionAntesDeLaPeticion() --- este es el endpoint: ', 'static')
22-May-25 18:49:24 - INFO - ('miFuncionAntesDeLaPeticion() --- este es el endpoint: ', 'funcion_registrarAsistente')
22-May-25 18:49:35 - INFO - ('miFuncionAntesDeLaPeticion() --- este es el endpoint: ', 'funcion_registrarAsistente')
22-May-25 18:52:40 - INFO - ('miFuncionAntesDeLaPeticion() --- este es el endpoint: ', 'funcionAdministradorLogin')
22-May-25 18:52:40 - INFO - ('miFuncionAntesDeLaPeticion() --- este es el endpoint: ', 'static')
22-May-25 18:52:40 - INFO - ('miFuncionAntesDeLaPeticion() --- este es el endpoint: ', 'static')
22-May-25 18:52:40 - INFO - ('miFuncionAntesDeLaPeticion() --- este es el endpoint: ', 'static')
22-May-25 19:04:15 - INFO - ('miFuncionAntesDeLaPeticion() --- este es el endpoint: ', 'funcion_registrarAsistente')
22-May-25 19:05:44 - INFO - ('miFuncionAntesDeLaPeticion() --- este es el endpoint: ', 'funcion_aceptarRobot')
22-May-25 19:05:45 - INFO - ('miFuncionAntesDeLaPeticion() --- este es el endpoint: ', 'funcion_registrarAsistente')
22-May-25 19:06:24 - INFO - ('miFuncionAntesDeLaPeticion() --- este es el endpoint: ', 'funcion_registrarAsistente')
22-May-25 19:06:59 - INFO - ('miFuncionAntesDeLaPeticion() --- este es el endpoint: ', 'funcion_aceptarRobot')
22-May-25 19:08:28 - INFO - ('miFuncionAntesDeLaPeticion() --- este es el endpoint: ', 'funcion_registrarAsistente')
22-May-25 19:08:35 - INFO - ('miFuncionAntesDeLaPeticion() --- este es el endpoint: ', 'funcion_registrarAsistente')
22-May-25 19:09:07 - INFO - ('miFuncionAntesDeLaPeticion() --- este es el endpoint: ', 'funcionAdministradorHome')
22-May-25 19:09:07 - INFO - ('miFuncionAntesDeLaPeticion() --- este es el endpoint: ', 'static')
22-May-25 19:09:07 - INFO - ('miFuncionAntesDeLaPeticion() --- este es el endpoint: ', 'static')
22-May-25 19:09:12 - INFO - ('miFuncionAntesDeLaPeticion() --- este es el endpoint: ', 'funcion_registrarAsistente')
22-May-25 19:09:32 - INFO - ('miFuncionAntesDeLaPeticion() --- este es el endpoint: ', 'funcion_registrarAsistente')
22-May-25 19:09:39 - INFO - ('miFuncionAntesDeLaPeticion() --- este es el endpoint: ', 'funcion_registrarAsistente')
22-May-25 19:09:44 - INFO - ('miFuncionAntesDeLaPeticion() --- este es el endpoint: ', 'funcion_registrarAsistente')
22-May-25 19:10:36 - INFO - ('miFuncionAntesDeLaPeticion() --- este es el endpoint: ', 'funcion_registrarAsistente')
22-May-25 19:11:08 - INFO - ('miFuncionAntesDeLaPeticion() --- este es el endpoint: ', 'funcionAdministradorPanelEvento')
22-May-25 19:11:08 - INFO - ('miFuncionAntesDeLaPeticion() --- este es el endpoint: ', 'static')
22-May-25 19:11:08 - INFO - ('miFuncionAntesDeLaPeticion() --- este es el endpoint: ', 'static')
22-May-25 19:11:08 - INFO - ('miFuncionAntesDeLaPeticion() --- este es el endpoint: ', 'static')
22-May-25 19:11:10 - INFO - ('miFuncionAntesDeLaPeticion() --- este es el endpoint: ', 'funcionAdministradorModificarRobotsEvento')
22-May-25 19:11:10 - INFO - ('miFuncionAntesDeLaPeticion() --- este es el endpoint: ', 'static')
22-May-25 19:11:10 - INFO - ('miFuncionAntesDeLaPeticion() --- este es el endpoint: ', 'static')
22-May-25 19:11:10 - INFO - ('miFuncionAntesDeLaPeticion() --- este es el endpoint: ', 'static')
22-May-25 19:11:10 - INFO - ('miFuncionAntesDeLaPeticion() --- este es el endpoint: ', 'static')
22-May-25 19:11:10 - INFO - ('miFuncionAntesDeLaPeticion() --- este es el endpoint: ', 'static')
22-May-25 19:11:10 - INFO - ('miFuncionAntesDeLaPeticion() --- este es el endpoint: ', 'static')
22-May-25 19:11:10 - INFO - ('miFuncionAntesDeLaPeticion() --- este es el endpoint: ', 'static')
22-May-25 19:11:10 - INFO - ('miFuncionAntesDeLaPeticion() --- este es el endpoint: ', 'static')
22-May-25 19:11:10 - INFO - ('miFuncionAntesDeLaPeticion() --- este es el endpoint: ', 'static')
22-May-25 19:11:10 - INFO - ('miFuncionAntesDeLaPeticion() --- este es el endpoint: ', 'static')
22-May-25 19:11:10 - INFO - ('miFuncionAntesDeLaPeticion() --- este es el endpoint: ', 'static')
22-May-25 19:11:10 - INFO - ('miFuncionAntesDeLaPeticion() --- este es el endpoint: ', 'static')
22-May-25 19:11:11 - INFO - ('miFuncionAntesDeLaPeticion() --- este es el endpoint: ', 'static')
22-May-25 19:11:11 - INFO - ('miFuncionAntesDeLaPeticion() --- este es el endpoint: ', 'funcionAdministradorPanelRobotPonerServicio')
22-May-25 19:11:12 - INFO - ('miFuncionAntesDeLaPeticion() --- este es el endpoint: ', 'funcionAdministradorModificarRobotsEvento')
22-May-25 19:11:12 - INFO - ('miFuncionAntesDeLaPeticion() --- este es el endpoint: ', 'static')
22-May-25 19:11:12 - INFO - ('miFuncionAntesDeLaPeticion() --- este es el endpoint: ', 'static')
22-May-25 19:11:12 - INFO - ('miFuncionAntesDeLaPeticion() --- este es el endpoint: ', 'static')
22-May-25 19:11:12 - INFO - ('miFuncionAntesDeLaPeticion() --- este es el endpoint: ', 'static')
22-May-25 19:11:12 - INFO - ('miFuncionAntesDeLaPeticion() --- este es el endpoint: ', 'static')
22-May-25 19:11:12 - INFO - ('miFuncionAntesDeLaPeticion() --- este es el endpoint: ', 'static')
22-May-25 19:11:12 - INFO - ('miFuncionAntesDeLaPeticion() --- este es el endpoint: ', 'static')
22-May-25 19:11:12 - INFO - ('miFuncionAntesDeLaPeticion() --- este es el endpoint: ', 'static')
22-May-25 19:11:12 - INFO - ('miFuncionAntesDeLaPeticion() --- este es el endpoint: ', 'static')
22-May-25 19:11:12 - INFO - ('miFuncionAntesDeLaPeticion() --- este es el endpoint: ', 'static')
22-May-25 19:11:12 - INFO - ('miFuncionAntesDeLaPeticion() --- este es el endpoint: ', 'static')
22-May-25 19:11:12 - INFO - ('miFuncionAntesDeLaPeticion() --- este es el endpoint: ', 'static')
22-May-25 19:11:12 - INFO - ('miFuncionAntesDeLaPeticion() --- este es el endpoint: ', 'funcionAdministradorPanelRobotPonerServicio')
22-May-25 19:11:12 - INFO - ('miFuncionAntesDeLaPeticion() --- este es el endpoint: ', 'funcionAdministradorModificarRobotsEvento')
22-May-25 19:11:13 - INFO - ('miFuncionAntesDeLaPeticion() --- este es el endpoint: ', 'static')
22-May-25 19:11:13 - INFO - ('miFuncionAntesDeLaPeticion() --- este es el endpoint: ', 'static')
22-May-25 19:11:13 - INFO - ('miFuncionAntesDeLaPeticion() --- este es el endpoint: ', 'static')
22-May-25 19:11:13 - INFO - ('miFuncionAntesDeLaPeticion() --- este es el endpoint: ', 'static')
22-May-25 19:11:13 - INFO - ('miFuncionAntesDeLaPeticion() --- este es el endpoint: ', 'static')
22-May-25 19:11:13 - INFO - ('miFuncionAntesDeLaPeticion() --- este es el endpoint: ', 'static')
22-May-25 19:11:13 - INFO - ('miFuncionAntesDeLaPeticion() --- este es el endpoint: ', 'static')
22-May-25 19:11:13 - INFO - ('miFuncionAntesDeLaPeticion() --- este es el endpoint: ', 'static')
22-May-25 19:11:13 - INFO - ('miFuncionAntesDeLaPeticion() --- este es el endpoint: ', 'static')
22-May-25 19:11:13 - INFO - ('miFuncionAntesDeLaPeticion() --- este es el endpoint: ', 'static')
22-May-25 19:11:13 - INFO - ('miFuncionAntesDeLaPeticion() --- este es el endpoint: ', 'static')
22-May-25 19:11:13 - INFO - ('miFuncionAntesDeLaPeticion() --- este es el endpoint: ', 'static')
22-May-25 19:11:36 - INFO - ('miFuncionAntesDeLaPeticion() --- este es el endpoint: ', 'funcion_registrarAsistente')
22-May-25 19:11:53 - INFO - ('miFuncionAntesDeLaPeticion() --- este es el endpoint: ', 'funcion_registrarAsistente')
22-May-25 19:12:14 - INFO - ('miFuncionAntesDeLaPeticion() --- este es el endpoint: ', 'funcion_aceptarRobot')
22-May-25 19:12:14 - INFO - ('miFuncionAntesDeLaPeticion() --- este es el endpoint: ', 'funcion_registrarAsistente')
22-May-25 19:12:22 - INFO - ('miFuncionAntesDeLaPeticion() --- este es el endpoint: ', 'funcionAdministradorModificarRobotsEvento')
22-May-25 19:12:22 - INFO - ('miFuncionAntesDeLaPeticion() --- este es el endpoint: ', 'funcionAdministradorLogin')
22-May-25 19:12:22 - INFO - ('miFuncionAntesDeLaPeticion() --- este es el endpoint: ', 'static')
22-May-25 19:12:22 - INFO - ('miFuncionAntesDeLaPeticion() --- este es el endpoint: ', 'static')
22-May-25 19:12:22 - INFO - ('miFuncionAntesDeLaPeticion() --- este es el endpoint: ', 'static')
22-May-25 19:12:48 - INFO - ('miFuncionAntesDeLaPeticion() --- este es el endpoint: ', 'funcion_aceptarRobot')
22-May-25 20:28:17 - INFO - ('miFuncionAntesDeLaPeticion() --- este es el endpoint: ', 'funcion_registrarAsistente')
22-May-25 20:28:40 - INFO - ('miFuncionAntesDeLaPeticion() --- este es el endpoint: ', 'funcion_registrarAsistente')
22-May-25 20:34:44 - INFO - ('miFuncionAntesDeLaPeticion() --- este es el endpoint: ', 'funcion_registrarAsistente')
23-May-25 01:07:26 - INFO - ('miFuncionAntesDeLaPeticion() --- este es el endpoint: ', 'funcion_registrarAsistente')
23-May-25 01:12:47 - INFO - ('miFuncionAntesDeLaPeticion() --- este es el endpoint: ', 'funcion_registrarAsistente')
23-May-25 01:14:38 - INFO - ('miFuncionAntesDeLaPeticion() --- este es el endpoint: ', 'funcion_registrarAsistente')
23-May-25 01:19:38 - INFO - ('miFuncionAntesDeLaPeticion() --- este es el endpoint: ', 'funcion_registrarAsistente')
23-May-25 01:27:50 - INFO - ('miFuncionAntesDeLaPeticion() --- este es el endpoint: ', 'funcion_registrarAsistente')
23-May-25 01:27:59 - INFO - ('miFuncionAntesDeLaPeticion() --- este es el endpoint: ', 'funcion_registrarAsistente')
23-May-25 01:31:26 - INFO - ('miFuncionAntesDeLaPeticion() --- este es el endpoint: ', 'funcion_registrarAsistente')
23-May-25 01:31:33 - INFO - ('miFuncionAntesDeLaPeticion() --- este es el endpoint: ', 'funcion_aceptarRobot')
23-May-25 01:31:33 - INFO - ('miFuncionAntesDeLaPeticion() --- este es el endpoint: ', 'funcion_registrarAsistente')
23-May-25 01:32:02 - INFO - ('miFuncionAntesDeLaPeticion() --- este es el endpoint: ', 'funcion_registrarAsistente')
23-May-25 01:32:05 - INFO - ('miFuncionAntesDeLaPeticion() --- este es el endpoint: ', 'funcion_aceptarRobot')
23-May-25 01:32:05 - INFO - ('miFuncionAntesDeLaPeticion() --- este es el endpoint: ', 'funcion_registrarAsistente')
23-May-25 01:32:46 - INFO - ('miFuncionAntesDeLaPeticion() --- este es el endpoint: ', 'funcion_registrarAsistente')
23-May-25 01:32:50 - INFO - ('miFuncionAntesDeLaPeticion() --- este es el endpoint: ', 'funcion_aceptarRobot')
23-May-25 01:32:50 - INFO - ('miFuncionAntesDeLaPeticion() --- este es el endpoint: ', 'funcion_registrarAsistente')
23-May-25 01:33:29 - INFO - ('miFuncionAntesDeLaPeticion() --- este es el endpoint: ', 'funcion_registrarAsistente')
23-May-25 01:33:36 - INFO - ('miFuncionAntesDeLaPeticion() --- este es el endpoint: ', 'funcion_aceptarRobot')
23-May-25 01:33:36 - INFO - ('miFuncionAntesDeLaPeticion() --- este es el endpoint: ', 'funcion_registrarAsistente')
23-May-25 01:40:37 - INFO - ('miFuncionAntesDeLaPeticion() --- este es el endpoint: ', 'funcion_registrarAsistente')
23-May-25 01:40:39 - INFO - ('miFuncionAntesDeLaPeticion() --- este es el endpoint: ', 'funcion_aceptarRobot')
23-May-25 01:44:02 - INFO - ('miFuncionAntesDeLaPeticion() --- este es el endpoint: ', 'funcion_registrarAsistente')
23-May-25 01:44:28 - INFO - ('miFuncionAntesDeLaPeticion() --- este es el endpoint: ', 'funcion_registrarAsistente')
23-May-25 01:45:05 - INFO - ('miFuncionAntesDeLaPeticion() --- este es el endpoint: ', 'funcion_registrarAsistente')
23-May-25 01:45:16 - INFO - ('miFuncionAntesDeLaPeticion() --- este es el endpoint: ', 'funcionAdministradorModificarRobotsEvento')
23-May-25 01:45:16 - INFO - ('miFuncionAntesDeLaPeticion() --- este es el endpoint: ', 'static')
23-May-25 01:45:16 - INFO - ('miFuncionAntesDeLaPeticion() --- este es el endpoint: ', 'static')
23-May-25 01:45:16 - INFO - ('miFuncionAntesDeLaPeticion() --- este es el endpoint: ', 'static')
23-May-25 01:45:16 - INFO - ('miFuncionAntesDeLaPeticion() --- este es el endpoint: ', 'static')
23-May-25 01:45:16 - INFO - ('miFuncionAntesDeLaPeticion() --- este es el endpoint: ', 'static')
23-May-25 01:45:16 - INFO - ('miFuncionAntesDeLaPeticion() --- este es el endpoint: ', 'static')
23-May-25 01:45:16 - INFO - ('miFuncionAntesDeLaPeticion() --- este es el endpoint: ', 'static')
23-May-25 01:45:16 - INFO - ('miFuncionAntesDeLaPeticion() --- este es el endpoint: ', 'static')
23-May-25 01:45:16 - INFO - ('miFuncionAntesDeLaPeticion() --- este es el endpoint: ', 'static')
23-May-25 01:45:16 - INFO - ('miFuncionAntesDeLaPeticion() --- este es el endpoint: ', 'static')
23-May-25 01:45:16 - INFO - ('miFuncionAntesDeLaPeticion() --- este es el endpoint: ', 'static')
23-May-25 01:45:16 - INFO - ('miFuncionAntesDeLaPeticion() --- este es el endpoint: ', 'static')
23-May-25 01:45:18 - INFO - ('miFuncionAntesDeLaPeticion() --- este es el endpoint: ', 'funcionAdministradorPanelRobotPonerServicio')
23-May-25 01:45:18 - INFO - ('miFuncionAntesDeLaPeticion() --- este es el endpoint: ', 'funcionAdministradorModificarRobotsEvento')
23-May-25 01:45:18 - INFO - ('miFuncionAntesDeLaPeticion() --- este es el endpoint: ', 'static')
23-May-25 01:45:18 - INFO - ('miFuncionAntesDeLaPeticion() --- este es el endpoint: ', 'static')
23-May-25 01:45:18 - INFO - ('miFuncionAntesDeLaPeticion() --- este es el endpoint: ', 'static')
23-May-25 01:45:18 - INFO - ('miFuncionAntesDeLaPeticion() --- este es el endpoint: ', 'static')
23-May-25 01:45:18 - INFO - ('miFuncionAntesDeLaPeticion() --- este es el endpoint: ', 'static')
23-May-25 01:45:18 - INFO - ('miFuncionAntesDeLaPeticion() --- este es el endpoint: ', 'static')
23-May-25 01:45:18 - INFO - ('miFuncionAntesDeLaPeticion() --- este es el endpoint: ', 'static')
23-May-25 01:45:18 - INFO - ('miFuncionAntesDeLaPeticion() --- este es el endpoint: ', 'static')
23-May-25 01:45:18 - INFO - ('miFuncionAntesDeLaPeticion() --- este es el endpoint: ', 'static')
23-May-25 01:45:18 - INFO - ('miFuncionAntesDeLaPeticion() --- este es el endpoint: ', 'static')
23-May-25 01:45:18 - INFO - ('miFuncionAntesDeLaPeticion() --- este es el endpoint: ', 'static')
23-May-25 01:45:18 - INFO - ('miFuncionAntesDeLaPeticion() --- este es el endpoint: ', 'static')
23-May-25 01:45:19 - INFO - ('miFuncionAntesDeLaPeticion() --- este es el endpoint: ', 'funcionAdministradorPanelRobotPonerServicio')
23-May-25 01:45:19 - INFO - ('miFuncionAntesDeLaPeticion() --- este es el endpoint: ', 'funcionAdministradorModificarRobotsEvento')
23-May-25 01:45:19 - INFO - ('miFuncionAntesDeLaPeticion() --- este es el endpoint: ', 'static')
23-May-25 01:45:19 - INFO - ('miFuncionAntesDeLaPeticion() --- este es el endpoint: ', 'static')
23-May-25 01:45:19 - INFO - ('miFuncionAntesDeLaPeticion() --- este es el endpoint: ', 'static')
23-May-25 01:45:19 - INFO - ('miFuncionAntesDeLaPeticion() --- este es el endpoint: ', 'static')
23-May-25 01:45:19 - INFO - ('miFuncionAntesDeLaPeticion() --- este es el endpoint: ', 'static')
23-May-25 01:45:19 - INFO - ('miFuncionAntesDeLaPeticion() --- este es el endpoint: ', 'static')
23-May-25 01:45:19 - INFO - ('miFuncionAntesDeLaPeticion() --- este es el endpoint: ', 'static')
23-May-25 01:45:19 - INFO - ('miFuncionAntesDeLaPeticion() --- este es el endpoint: ', 'static')
23-May-25 01:45:19 - INFO - ('miFuncionAntesDeLaPeticion() --- este es el endpoint: ', 'static')
23-May-25 01:45:19 - INFO - ('miFuncionAntesDeLaPeticion() --- este es el endpoint: ', 'static')
23-May-25 01:45:19 - INFO - ('miFuncionAntesDeLaPeticion() --- este es el endpoint: ', 'static')
23-May-25 01:45:19 - INFO - ('miFuncionAntesDeLaPeticion() --- este es el endpoint: ', 'static')
23-May-25 01:45:29 - INFO - ('miFuncionAntesDeLaPeticion() --- este es el endpoint: ', 'funcion_registrarAsistente')
23-May-25 01:45:59 - INFO - The CSRF token is missing.
23-May-25 09:53:13 - INFO - ('miFuncionAntesDeLaPeticion() --- este es el endpoint: ', 'funcion_registrarAsistente')
23-May-25 10:00:12 - INFO - ('miFuncionAntesDeLaPeticion() --- este es el endpoint: ', 'funcion_registrarAsistente')
23-May-25 10:00:15 - INFO - ('miFuncionAntesDeLaPeticion() --- este es el endpoint: ', 'funcion_aceptarRobot')
23-May-25 10:08:37 - INFO - ('miFuncionAntesDeLaPeticion() --- este es el endpoint: ', 'funcionAdministradorLogin')
23-May-25 10:08:37 - INFO - ('miFuncionAntesDeLaPeticion() --- este es el endpoint: ', 'static')
23-May-25 10:08:37 - INFO - ('miFuncionAntesDeLaPeticion() --- este es el endpoint: ', 'static')
23-May-25 10:08:37 - INFO - ('miFuncionAntesDeLaPeticion() --- este es el endpoint: ', 'static')
23-May-25 10:08:37 - INFO - ('miFuncionAntesDeLaPeticion() --- este es el endpoint: ', None)
23-May-25 10:08:42 - INFO - ('miFuncionAntesDeLaPeticion() --- este es el endpoint: ', 'funcionAdministradorLogin')
23-May-25 10:08:42 - INFO - ('miFuncionAntesDeLaPeticion() --- este es el endpoint: ', 'funcionAdministradorHome')
23-May-25 10:08:42 - INFO - ('miFuncionAntesDeLaPeticion() --- este es el endpoint: ', 'static')
23-May-25 10:08:42 - INFO - ('miFuncionAntesDeLaPeticion() --- este es el endpoint: ', 'static')
23-May-25 10:08:42 - INFO - ('miFuncionAntesDeLaPeticion() --- este es el endpoint: ', 'static')
23-May-25 10:08:44 - INFO - ('miFuncionAntesDeLaPeticion() --- este es el endpoint: ', 'funcionAdministradorPanelEvento')
23-May-25 10:08:44 - INFO - ('miFuncionAntesDeLaPeticion() --- este es el endpoint: ', 'static')
23-May-25 10:08:44 - INFO - ('miFuncionAntesDeLaPeticion() --- este es el endpoint: ', 'static')
23-May-25 10:08:44 - INFO - ('miFuncionAntesDeLaPeticion() --- este es el endpoint: ', 'static')
23-May-25 10:08:48 - INFO - ('miFuncionAntesDeLaPeticion() --- este es el endpoint: ', 'funcionAdministradorModificarRobotsEvento')
23-May-25 10:08:49 - INFO - ('miFuncionAntesDeLaPeticion() --- este es el endpoint: ', 'static')
23-May-25 10:08:49 - INFO - ('miFuncionAntesDeLaPeticion() --- este es el endpoint: ', 'static')
23-May-25 10:08:49 - INFO - ('miFuncionAntesDeLaPeticion() --- este es el endpoint: ', 'static')
23-May-25 10:08:49 - INFO - ('miFuncionAntesDeLaPeticion() --- este es el endpoint: ', 'static')
23-May-25 10:08:49 - INFO - ('miFuncionAntesDeLaPeticion() --- este es el endpoint: ', 'static')
23-May-25 10:08:49 - INFO - ('miFuncionAntesDeLaPeticion() --- este es el endpoint: ', 'static')
23-May-25 10:08:49 - INFO - ('miFuncionAntesDeLaPeticion() --- este es el endpoint: ', 'static')
23-May-25 10:08:49 - INFO - ('miFuncionAntesDeLaPeticion() --- este es el endpoint: ', 'static')
23-May-25 10:08:49 - INFO - ('miFuncionAntesDeLaPeticion() --- este es el endpoint: ', 'static')
23-May-25 10:08:49 - INFO - ('miFuncionAntesDeLaPeticion() --- este es el endpoint: ', 'static')
23-May-25 10:08:49 - INFO - ('miFuncionAntesDeLaPeticion() --- este es el endpoint: ', 'static')
23-May-25 10:08:49 - INFO - ('miFuncionAntesDeLaPeticion() --- este es el endpoint: ', 'static')
23-May-25 10:08:49 - INFO - ('miFuncionAntesDeLaPeticion() --- este es el endpoint: ', 'static')
23-May-25 10:08:51 - INFO - ('miFuncionAntesDeLaPeticion() --- este es el endpoint: ', 'funcionAdministradorPanelRobotPonerServicio')
23-May-25 10:08:51 - INFO - ('miFuncionAntesDeLaPeticion() --- este es el endpoint: ', 'funcionAdministradorModificarRobotsEvento')
23-May-25 10:08:51 - INFO - ('miFuncionAntesDeLaPeticion() --- este es el endpoint: ', 'static')
23-May-25 10:08:51 - INFO - ('miFuncionAntesDeLaPeticion() --- este es el endpoint: ', 'static')
23-May-25 10:08:51 - INFO - ('miFuncionAntesDeLaPeticion() --- este es el endpoint: ', 'static')
23-May-25 10:08:51 - INFO - ('miFuncionAntesDeLaPeticion() --- este es el endpoint: ', 'static')
23-May-25 10:08:51 - INFO - ('miFuncionAntesDeLaPeticion() --- este es el endpoint: ', 'static')
23-May-25 10:08:51 - INFO - ('miFuncionAntesDeLaPeticion() --- este es el endpoint: ', 'static')
23-May-25 10:08:51 - INFO - ('miFuncionAntesDeLaPeticion() --- este es el endpoint: ', 'static')
23-May-25 10:08:51 - INFO - ('miFuncionAntesDeLaPeticion() --- este es el endpoint: ', 'static')
23-May-25 10:08:51 - INFO - ('miFuncionAntesDeLaPeticion() --- este es el endpoint: ', 'static')
23-May-25 10:08:51 - INFO - ('miFuncionAntesDeLaPeticion() --- este es el endpoint: ', 'static')
23-May-25 10:08:51 - INFO - ('miFuncionAntesDeLaPeticion() --- este es el endpoint: ', 'static')
23-May-25 10:08:51 - INFO - ('miFuncionAntesDeLaPeticion() --- este es el endpoint: ', 'static')
23-May-25 10:08:52 - INFO - ('miFuncionAntesDeLaPeticion() --- este es el endpoint: ', 'funcionAdministradorPanelRobotPonerServicio')
23-May-25 10:08:52 - INFO - ('miFuncionAntesDeLaPeticion() --- este es el endpoint: ', 'funcionAdministradorModificarRobotsEvento')
23-May-25 10:08:53 - INFO - ('miFuncionAntesDeLaPeticion() --- este es el endpoint: ', 'static')
23-May-25 10:08:53 - INFO - ('miFuncionAntesDeLaPeticion() --- este es el endpoint: ', 'static')
23-May-25 10:08:53 - INFO - ('miFuncionAntesDeLaPeticion() --- este es el endpoint: ', 'static')
23-May-25 10:08:53 - INFO - ('miFuncionAntesDeLaPeticion() --- este es el endpoint: ', 'static')
23-May-25 10:08:53 - INFO - ('miFuncionAntesDeLaPeticion() --- este es el endpoint: ', 'static')
23-May-25 10:08:53 - INFO - ('miFuncionAntesDeLaPeticion() --- este es el endpoint: ', 'static')
23-May-25 10:08:53 - INFO - ('miFuncionAntesDeLaPeticion() --- este es el endpoint: ', 'static')
23-May-25 10:08:53 - INFO - ('miFuncionAntesDeLaPeticion() --- este es el endpoint: ', 'static')
23-May-25 10:08:53 - INFO - ('miFuncionAntesDeLaPeticion() --- este es el endpoint: ', 'static')
23-May-25 10:08:53 - INFO - ('miFuncionAntesDeLaPeticion() --- este es el endpoint: ', 'static')
23-May-25 10:08:53 - INFO - ('miFuncionAntesDeLaPeticion() --- este es el endpoint: ', 'static')
23-May-25 10:08:53 - INFO - ('miFuncionAntesDeLaPeticion() --- este es el endpoint: ', 'static')
23-May-25 10:10:51 - INFO - ('miFuncionAntesDeLaPeticion() --- este es el endpoint: ', 'funcion_registrarAsistente')
23-May-25 10:10:54 - INFO - ('miFuncionAntesDeLaPeticion() --- este es el endpoint: ', 'funcion_aceptarRobot')
23-May-25 10:15:04 - INFO - ('miFuncionAntesDeLaPeticion() --- este es el endpoint: ', 'funcion_registrarAsistente')
23-May-25 10:31:34 - INFO - ('miFuncionAntesDeLaPeticion() --- este es el endpoint: ', 'funcion_registrarAsistente')
23-May-25 10:32:12 - INFO - ('miFuncionAntesDeLaPeticion() --- este es el endpoint: ', 'funcion_registrarAsistente')
23-May-25 10:32:35 - INFO - ('miFuncionAntesDeLaPeticion() --- este es el endpoint: ', 'funcion_aceptarRobot')
23-May-25 10:32:58 - INFO - ('miFuncionAntesDeLaPeticion() --- este es el endpoint: ', 'funcion_registrarAsistente')
23-May-25 10:33:02 - INFO - ('miFuncionAntesDeLaPeticion() --- este es el endpoint: ', 'funcion_registrarAsistente')
23-May-25 10:33:04 - INFO - ('miFuncionAntesDeLaPeticion() --- este es el endpoint: ', 'funcion_registrarAsistente')
23-May-25 10:33:05 - INFO - ('miFuncionAntesDeLaPeticion() --- este es el endpoint: ', 'funcion_registrarAsistente')
23-May-25 10:33:07 - INFO - ('miFuncionAntesDeLaPeticion() --- este es el endpoint: ', 'funcion_registrarAsistente')
23-May-25 10:33:09 - INFO - ('miFuncionAntesDeLaPeticion() --- este es el endpoint: ', 'funcion_registrarAsistente')
23-May-25 10:33:10 - INFO - ('miFuncionAntesDeLaPeticion() --- este es el endpoint: ', 'funcion_registrarAsistente')
23-May-25 10:33:12 - INFO - ('miFuncionAntesDeLaPeticion() --- este es el endpoint: ', 'funcion_registrarAsistente')
23-May-25 10:33:14 - INFO - ('miFuncionAntesDeLaPeticion() --- este es el endpoint: ', 'funcion_registrarAsistente')
23-May-25 10:33:15 - INFO - ('miFuncionAntesDeLaPeticion() --- este es el endpoint: ', 'funcion_registrarAsistente')
23-May-25 10:33:17 - INFO - ('miFuncionAntesDeLaPeticion() --- este es el endpoint: ', 'funcion_registrarAsistente')
23-May-25 10:33:39 - INFO - ('miFuncionAntesDeLaPeticion() --- este es el endpoint: ', 'funcion_registrarAsistente')
23-May-25 10:33:40 - INFO - ('miFuncionAntesDeLaPeticion() --- este es el endpoint: ', 'funcion_registrarAsistente')
23-May-25 10:33:41 - INFO - ('miFuncionAntesDeLaPeticion() --- este es el endpoint: ', 'funcion_registrarAsistente')
23-May-25 10:33:41 - INFO - ('miFuncionAntesDeLaPeticion() --- este es el endpoint: ', 'funcion_registrarAsistente')
23-May-25 10:33:42 - INFO - ('miFuncionAntesDeLaPeticion() --- este es el endpoint: ', 'funcion_registrarAsistente')
23-May-25 10:33:43 - INFO - ('miFuncionAntesDeLaPeticion() --- este es el endpoint: ', 'funcion_registrarAsistente')
23-May-25 10:33:44 - INFO - ('miFuncionAntesDeLaPeticion() --- este es el endpoint: ', 'funcion_registrarAsistente')
23-May-25 10:33:44 - INFO - ('miFuncionAntesDeLaPeticion() --- este es el endpoint: ', 'funcion_registrarAsistente')
23-May-25 10:33:45 - INFO - ('miFuncionAntesDeLaPeticion() --- este es el endpoint: ', 'funcion_registrarAsistente')
23-May-25 10:33:46 - INFO - ('miFuncionAntesDeLaPeticion() --- este es el endpoint: ', 'funcion_registrarAsistente')
23-May-25 10:33:47 - INFO - ('miFuncionAntesDeLaPeticion() --- este es el endpoint: ', 'funcion_registrarAsistente')
23-May-25 10:33:47 - INFO - ('miFuncionAntesDeLaPeticion() --- este es el endpoint: ', 'funcion_registrarAsistente')
23-May-25 10:33:48 - INFO - ('miFuncionAntesDeLaPeticion() --- este es el endpoint: ', 'funcion_registrarAsistente')
23-May-25 10:33:49 - INFO - ('miFuncionAntesDeLaPeticion() --- este es el endpoint: ', 'funcion_registrarAsistente')
23-May-25 10:33:49 - INFO - ('miFuncionAntesDeLaPeticion() --- este es el endpoint: ', 'funcion_registrarAsistente')
23-May-25 10:33:50 - INFO - ('miFuncionAntesDeLaPeticion() --- este es el endpoint: ', 'funcion_registrarAsistente')
23-May-25 10:34:01 - INFO - ('miFuncionAntesDeLaPeticion() --- este es el endpoint: ', 'funcion_registrarAsistente')
23-May-25 10:34:01 - INFO - ('miFuncionAntesDeLaPeticion() --- este es el endpoint: ', 'funcion_registrarAsistente')
23-May-25 10:34:02 - INFO - ('miFuncionAntesDeLaPeticion() --- este es el endpoint: ', 'funcion_registrarAsistente')
23-May-25 10:34:03 - INFO - ('miFuncionAntesDeLaPeticion() --- este es el endpoint: ', 'funcion_registrarAsistente')
23-May-25 10:34:03 - INFO - ('miFuncionAntesDeLaPeticion() --- este es el endpoint: ', 'funcion_registrarAsistente')
23-May-25 10:34:05 - INFO - ('miFuncionAntesDeLaPeticion() --- este es el endpoint: ', 'funcion_registrarAsistente')
23-May-25 10:34:07 - INFO - ('miFuncionAntesDeLaPeticion() --- este es el endpoint: ', 'funcion_registrarAsistente')
23-May-25 10:34:07 - INFO - ('miFuncionAntesDeLaPeticion() --- este es el endpoint: ', 'funcion_registrarAsistente')
23-May-25 10:34:08 - INFO - ('miFuncionAntesDeLaPeticion() --- este es el endpoint: ', 'funcion_registrarAsistente')
23-May-25 10:34:08 - INFO - ('miFuncionAntesDeLaPeticion() --- este es el endpoint: ', 'funcion_registrarAsistente')
23-May-25 10:34:09 - INFO - ('miFuncionAntesDeLaPeticion() --- este es el endpoint: ', 'funcion_registrarAsistente')
23-May-25 10:34:09 - INFO - ('miFuncionAntesDeLaPeticion() --- este es el endpoint: ', 'funcion_registrarAsistente')
23-May-25 10:34:10 - INFO - ('miFuncionAntesDeLaPeticion() --- este es el endpoint: ', 'funcion_registrarAsistente')
23-May-25 10:34:10 - INFO - ('miFuncionAntesDeLaPeticion() --- este es el endpoint: ', 'funcion_registrarAsistente')
23-May-25 10:34:11 - INFO - ('miFuncionAntesDeLaPeticion() --- este es el endpoint: ', 'funcion_registrarAsistente')
23-May-25 10:34:12 - INFO - ('miFuncionAntesDeLaPeticion() --- este es el endpoint: ', 'funcion_registrarAsistente')
23-May-25 10:34:12 - INFO - ('miFuncionAntesDeLaPeticion() --- este es el endpoint: ', 'funcion_registrarAsistente')
23-May-25 10:34:17 - INFO - ('miFuncionAntesDeLaPeticion() --- este es el endpoint: ', 'funcion_registrarAsistente')
23-May-25 10:34:18 - INFO - ('miFuncionAntesDeLaPeticion() --- este es el endpoint: ', 'funcion_registrarAsistente')
23-May-25 10:34:24 - INFO - ('miFuncionAntesDeLaPeticion() --- este es el endpoint: ', 'funcion_registrarAsistente')
23-May-25 10:34:28 - INFO - ('miFuncionAntesDeLaPeticion() --- este es el endpoint: ', 'funcion_registrarAsistente')
23-May-25 10:34:29 - INFO - ('miFuncionAntesDeLaPeticion() --- este es el endpoint: ', 'funcion_registrarAsistente')
23-May-25 10:34:30 - INFO - ('miFuncionAntesDeLaPeticion() --- este es el endpoint: ', 'funcion_registrarAsistente')
23-May-25 10:34:30 - INFO - ('miFuncionAntesDeLaPeticion() --- este es el endpoint: ', 'funcion_registrarAsistente')
23-May-25 10:34:31 - INFO - ('miFuncionAntesDeLaPeticion() --- este es el endpoint: ', 'funcion_registrarAsistente')
23-May-25 10:34:32 - INFO - ('miFuncionAntesDeLaPeticion() --- este es el endpoint: ', 'funcion_registrarAsistente')
23-May-25 10:34:33 - INFO - ('miFuncionAntesDeLaPeticion() --- este es el endpoint: ', 'funcion_registrarAsistente')
23-May-25 10:34:34 - INFO - ('miFuncionAntesDeLaPeticion() --- este es el endpoint: ', 'funcion_registrarAsistente')
23-May-25 10:34:34 - INFO - ('miFuncionAntesDeLaPeticion() --- este es el endpoint: ', 'funcion_registrarAsistente')
23-May-25 10:34:35 - INFO - ('miFuncionAntesDeLaPeticion() --- este es el endpoint: ', 'funcion_registrarAsistente')
23-May-25 10:34:38 - INFO - ('miFuncionAntesDeLaPeticion() --- este es el endpoint: ', 'funcion_registrarAsistente')
23-May-25 10:34:38 - INFO - ('miFuncionAntesDeLaPeticion() --- este es el endpoint: ', 'funcion_registrarAsistente')
23-May-25 10:34:39 - INFO - ('miFuncionAntesDeLaPeticion() --- este es el endpoint: ', 'funcion_registrarAsistente')
23-May-25 10:34:43 - INFO - ('miFuncionAntesDeLaPeticion() --- este es el endpoint: ', 'funcion_registrarAsistente')
23-May-25 10:34:44 - INFO - ('miFuncionAntesDeLaPeticion() --- este es el endpoint: ', 'funcion_registrarAsistente')
23-May-25 10:34:44 - INFO - ('miFuncionAntesDeLaPeticion() --- este es el endpoint: ', 'funcion_registrarAsistente')
23-May-25 10:34:45 - INFO - ('miFuncionAntesDeLaPeticion() --- este es el endpoint: ', 'funcion_registrarAsistente')
23-May-25 10:34:46 - INFO - ('miFuncionAntesDeLaPeticion() --- este es el endpoint: ', 'funcion_registrarAsistente')
23-May-25 10:34:48 - INFO - ('miFuncionAntesDeLaPeticion() --- este es el endpoint: ', 'funcion_registrarAsistente')
23-May-25 10:34:49 - INFO - ('miFuncionAntesDeLaPeticion() --- este es el endpoint: ', 'funcion_registrarAsistente')
23-May-25 10:34:50 - INFO - ('miFuncionAntesDeLaPeticion() --- este es el endpoint: ', 'funcion_registrarAsistente')
23-May-25 10:34:51 - INFO - ('miFuncionAntesDeLaPeticion() --- este es el endpoint: ', 'funcion_registrarAsistente')
23-May-25 10:34:51 - INFO - ('miFuncionAntesDeLaPeticion() --- este es el endpoint: ', 'funcion_registrarAsistente')
23-May-25 10:34:55 - INFO - ('miFuncionAntesDeLaPeticion() --- este es el endpoint: ', 'funcion_registrarAsistente')
23-May-25 10:34:56 - INFO - ('miFuncionAntesDeLaPeticion() --- este es el endpoint: ', 'funcion_registrarAsistente')
23-May-25 10:34:57 - INFO - ('miFuncionAntesDeLaPeticion() --- este es el endpoint: ', 'funcion_registrarAsistente')
23-May-25 10:34:57 - INFO - ('miFuncionAntesDeLaPeticion() --- este es el endpoint: ', 'funcion_registrarAsistente')
23-May-25 10:34:58 - INFO - ('miFuncionAntesDeLaPeticion() --- este es el endpoint: ', 'funcion_registrarAsistente')
23-May-25 10:34:58 - INFO - ('miFuncionAntesDeLaPeticion() --- este es el endpoint: ', 'funcion_registrarAsistente')
23-May-25 10:34:59 - INFO - ('miFuncionAntesDeLaPeticion() --- este es el endpoint: ', 'funcion_registrarAsistente')
23-May-25 10:35:00 - INFO - ('miFuncionAntesDeLaPeticion() --- este es el endpoint: ', 'funcion_registrarAsistente')
23-May-25 10:35:01 - INFO - ('miFuncionAntesDeLaPeticion() --- este es el endpoint: ', 'funcion_registrarAsistente')
23-May-25 10:35:02 - INFO - ('miFuncionAntesDeLaPeticion() --- este es el endpoint: ', 'funcion_registrarAsistente')
23-May-25 10:35:03 - INFO - ('miFuncionAntesDeLaPeticion() --- este es el endpoint: ', 'funcion_registrarAsistente')
23-May-25 10:35:03 - INFO - ('miFuncionAntesDeLaPeticion() --- este es el endpoint: ', 'funcion_registrarAsistente')
23-May-25 10:35:05 - INFO - ('miFuncionAntesDeLaPeticion() --- este es el endpoint: ', 'funcion_registrarAsistente')
23-May-25 10:35:07 - INFO - ('miFuncionAntesDeLaPeticion() --- este es el endpoint: ', 'funcion_registrarAsistente')
23-May-25 10:35:08 - INFO - ('miFuncionAntesDeLaPeticion() --- este es el endpoint: ', 'funcion_registrarAsistente')
23-May-25 10:35:08 - INFO - ('miFuncionAntesDeLaPeticion() --- este es el endpoint: ', 'funcion_registrarAsistente')
23-May-25 10:35:09 - INFO - ('miFuncionAntesDeLaPeticion() --- este es el endpoint: ', 'funcion_registrarAsistente')
23-May-25 10:35:10 - INFO - ('miFuncionAntesDeLaPeticion() --- este es el endpoint: ', 'funcion_registrarAsistente')
23-May-25 10:35:11 - INFO - ('miFuncionAntesDeLaPeticion() --- este es el endpoint: ', 'funcion_registrarAsistente')
23-May-25 10:35:12 - INFO - ('miFuncionAntesDeLaPeticion() --- este es el endpoint: ', 'funcion_registrarAsistente')
23-May-25 10:35:12 - INFO - ('miFuncionAntesDeLaPeticion() --- este es el endpoint: ', 'funcion_registrarAsistente')
23-May-25 10:35:13 - INFO - ('miFuncionAntesDeLaPeticion() --- este es el endpoint: ', 'funcion_registrarAsistente')
23-May-25 10:35:14 - INFO - ('miFuncionAntesDeLaPeticion() --- este es el endpoint: ', 'funcion_registrarAsistente')
23-May-25 10:35:14 - INFO - ('miFuncionAntesDeLaPeticion() --- este es el endpoint: ', 'funcion_registrarAsistente')
23-May-25 10:35:15 - INFO - ('miFuncionAntesDeLaPeticion() --- este es el endpoint: ', 'funcion_registrarAsistente')
23-May-25 10:35:16 - INFO - ('miFuncionAntesDeLaPeticion() --- este es el endpoint: ', 'funcion_registrarAsistente')
23-May-25 10:35:16 - INFO - ('miFuncionAntesDeLaPeticion() --- este es el endpoint: ', 'funcion_registrarAsistente')
23-May-25 10:35:17 - INFO - ('miFuncionAntesDeLaPeticion() --- este es el endpoint: ', 'funcion_registrarAsistente')
23-May-25 10:35:18 - INFO - ('miFuncionAntesDeLaPeticion() --- este es el endpoint: ', 'funcion_registrarAsistente')
23-May-25 10:35:19 - INFO - ('miFuncionAntesDeLaPeticion() --- este es el endpoint: ', 'funcion_registrarAsistente')
23-May-25 10:35:19 - INFO - ('miFuncionAntesDeLaPeticion() --- este es el endpoint: ', 'funcion_registrarAsistente')
23-May-25 10:35:20 - INFO - ('miFuncionAntesDeLaPeticion() --- este es el endpoint: ', 'funcion_registrarAsistente')
23-May-25 10:35:21 - INFO - ('miFuncionAntesDeLaPeticion() --- este es el endpoint: ', 'funcion_registrarAsistente')
23-May-25 10:35:22 - INFO - ('miFuncionAntesDeLaPeticion() --- este es el endpoint: ', 'funcion_registrarAsistente')
23-May-25 10:35:22 - INFO - ('miFuncionAntesDeLaPeticion() --- este es el endpoint: ', 'funcion_registrarAsistente')
23-May-25 10:35:23 - INFO - ('miFuncionAntesDeLaPeticion() --- este es el endpoint: ', 'funcion_registrarAsistente')
23-May-25 10:35:24 - INFO - ('miFuncionAntesDeLaPeticion() --- este es el endpoint: ', 'funcion_registrarAsistente')
23-May-25 10:35:25 - INFO - ('miFuncionAntesDeLaPeticion() --- este es el endpoint: ', 'funcion_registrarAsistente')
23-May-25 10:35:26 - INFO - ('miFuncionAntesDeLaPeticion() --- este es el endpoint: ', 'funcion_registrarAsistente')
23-May-25 10:35:26 - INFO - ('miFuncionAntesDeLaPeticion() --- este es el endpoint: ', 'funcion_registrarAsistente')
23-May-25 10:35:27 - INFO - ('miFuncionAntesDeLaPeticion() --- este es el endpoint: ', 'funcion_registrarAsistente')
23-May-25 10:35:28 - INFO - ('miFuncionAntesDeLaPeticion() --- este es el endpoint: ', 'funcion_registrarAsistente')
23-May-25 10:35:29 - INFO - ('miFuncionAntesDeLaPeticion() --- este es el endpoint: ', 'funcion_registrarAsistente')
23-May-25 10:35:29 - INFO - ('miFuncionAntesDeLaPeticion() --- este es el endpoint: ', 'funcion_registrarAsistente')
23-May-25 10:35:30 - INFO - ('miFuncionAntesDeLaPeticion() --- este es el endpoint: ', 'funcion_registrarAsistente')
23-May-25 10:35:31 - INFO - ('miFuncionAntesDeLaPeticion() --- este es el endpoint: ', 'funcion_registrarAsistente')
23-May-25 10:35:33 - INFO - ('miFuncionAntesDeLaPeticion() --- este es el endpoint: ', 'funcion_registrarAsistente')
23-May-25 10:35:50 - INFO - ('miFuncionAntesDeLaPeticion() --- este es el endpoint: ', 'funcion_registrarAsistente')
23-May-25 10:35:51 - INFO - ('miFuncionAntesDeLaPeticion() --- este es el endpoint: ', 'funcion_registrarAsistente')
23-May-25 10:35:55 - INFO - ('miFuncionAntesDeLaPeticion() --- este es el endpoint: ', 'funcion_registrarAsistente')
23-May-25 10:35:56 - INFO - ('miFuncionAntesDeLaPeticion() --- este es el endpoint: ', 'funcion_registrarAsistente')
23-May-25 10:35:57 - INFO - ('miFuncionAntesDeLaPeticion() --- este es el endpoint: ', 'funcion_registrarAsistente')
23-May-25 10:35:58 - INFO - ('miFuncionAntesDeLaPeticion() --- este es el endpoint: ', 'funcion_registrarAsistente')
23-May-25 10:36:02 - INFO - ('miFuncionAntesDeLaPeticion() --- este es el endpoint: ', 'funcion_registrarAsistente')
23-May-25 10:36:04 - INFO - ('miFuncionAntesDeLaPeticion() --- este es el endpoint: ', 'funcion_registrarAsistente')
23-May-25 10:36:05 - INFO - ('miFuncionAntesDeLaPeticion() --- este es el endpoint: ', 'funcion_registrarAsistente')
23-May-25 10:36:07 - INFO - ('miFuncionAntesDeLaPeticion() --- este es el endpoint: ', 'funcion_registrarAsistente')
23-May-25 10:36:08 - INFO - ('miFuncionAntesDeLaPeticion() --- este es el endpoint: ', 'funcion_registrarAsistente')
23-May-25 10:36:09 - INFO - ('miFuncionAntesDeLaPeticion() --- este es el endpoint: ', 'funcion_registrarAsistente')
23-May-25 10:36:11 - INFO - ('miFuncionAntesDeLaPeticion() --- este es el endpoint: ', 'funcion_registrarAsistente')
23-May-25 10:36:11 - INFO - ('miFuncionAntesDeLaPeticion() --- este es el endpoint: ', 'funcion_registrarAsistente')
23-May-25 10:36:13 - INFO - ('miFuncionAntesDeLaPeticion() --- este es el endpoint: ', 'funcion_registrarAsistente')
23-May-25 10:36:13 - INFO - ('miFuncionAntesDeLaPeticion() --- este es el endpoint: ', 'funcion_registrarAsistente')
23-May-25 10:36:15 - INFO - ('miFuncionAntesDeLaPeticion() --- este es el endpoint: ', 'funcion_registrarAsistente')
23-May-25 10:36:16 - INFO - ('miFuncionAntesDeLaPeticion() --- este es el endpoint: ', 'funcion_registrarAsistente')
23-May-25 10:36:18 - INFO - ('miFuncionAntesDeLaPeticion() --- este es el endpoint: ', 'funcion_registrarAsistente')
23-May-25 10:36:20 - INFO - ('miFuncionAntesDeLaPeticion() --- este es el endpoint: ', 'funcion_registrarAsistente')
23-May-25 10:36:22 - INFO - ('miFuncionAntesDeLaPeticion() --- este es el endpoint: ', 'funcion_registrarAsistente')
23-May-25 10:36:23 - INFO - ('miFuncionAntesDeLaPeticion() --- este es el endpoint: ', 'funcion_registrarAsistente')
23-May-25 10:36:24 - INFO - ('miFuncionAntesDeLaPeticion() --- este es el endpoint: ', 'funcion_registrarAsistente')
23-May-25 10:36:25 - INFO - ('miFuncionAntesDeLaPeticion() --- este es el endpoint: ', 'funcion_registrarAsistente')
23-May-25 10:36:52 - INFO - ('miFuncionAntesDeLaPeticion() --- este es el endpoint: ', 'funcion_registrarAsistente')
23-May-25 10:36:53 - INFO - ('miFuncionAntesDeLaPeticion() --- este es el endpoint: ', 'funcion_registrarAsistente')
23-May-25 10:36:55 - INFO - ('miFuncionAntesDeLaPeticion() --- este es el endpoint: ', 'funcion_registrarAsistente')
23-May-25 10:36:56 - INFO - ('miFuncionAntesDeLaPeticion() --- este es el endpoint: ', 'funcion_registrarAsistente')
23-May-25 10:36:58 - INFO - ('miFuncionAntesDeLaPeticion() --- este es el endpoint: ', 'funcion_registrarAsistente')
23-May-25 10:36:59 - INFO - ('miFuncionAntesDeLaPeticion() --- este es el endpoint: ', 'funcion_registrarAsistente')
23-May-25 10:37:01 - INFO - ('miFuncionAntesDeLaPeticion() --- este es el endpoint: ', 'funcion_registrarAsistente')
23-May-25 10:37:01 - INFO - ('miFuncionAntesDeLaPeticion() --- este es el endpoint: ', 'funcion_registrarAsistente')
23-May-25 10:37:02 - INFO - ('miFuncionAntesDeLaPeticion() --- este es el endpoint: ', 'funcion_registrarAsistente')
23-May-25 10:37:03 - INFO - ('miFuncionAntesDeLaPeticion() --- este es el endpoint: ', 'funcion_registrarAsistente')
23-May-25 10:37:03 - INFO - ('miFuncionAntesDeLaPeticion() --- este es el endpoint: ', 'funcion_registrarAsistente')
23-May-25 10:37:04 - INFO - ('miFuncionAntesDeLaPeticion() --- este es el endpoint: ', 'funcion_registrarAsistente')
23-May-25 10:37:05 - INFO - ('miFuncionAntesDeLaPeticion() --- este es el endpoint: ', 'funcion_registrarAsistente')
23-May-25 10:37:06 - INFO - ('miFuncionAntesDeLaPeticion() --- este es el endpoint: ', 'funcion_registrarAsistente')
23-May-25 10:37:07 - INFO - ('miFuncionAntesDeLaPeticion() --- este es el endpoint: ', 'funcion_registrarAsistente')
23-May-25 10:37:08 - INFO - ('miFuncionAntesDeLaPeticion() --- este es el endpoint: ', 'funcion_registrarAsistente')
23-May-25 10:37:09 - INFO - ('miFuncionAntesDeLaPeticion() --- este es el endpoint: ', 'funcion_registrarAsistente')
23-May-25 10:37:10 - INFO - ('miFuncionAntesDeLaPeticion() --- este es el endpoint: ', 'funcion_registrarAsistente')
23-May-25 10:37:11 - INFO - ('miFuncionAntesDeLaPeticion() --- este es el endpoint: ', 'funcion_registrarAsistente')
23-May-25 10:37:12 - INFO - ('miFuncionAntesDeLaPeticion() --- este es el endpoint: ', 'funcion_registrarAsistente')
23-May-25 10:37:14 - INFO - ('miFuncionAntesDeLaPeticion() --- este es el endpoint: ', 'funcion_registrarAsistente')
23-May-25 10:37:14 - INFO - ('miFuncionAntesDeLaPeticion() --- este es el endpoint: ', 'funcion_registrarAsistente')
23-May-25 10:37:16 - INFO - ('miFuncionAntesDeLaPeticion() --- este es el endpoint: ', 'funcion_registrarAsistente')
23-May-25 10:37:17 - INFO - ('miFuncionAntesDeLaPeticion() --- este es el endpoint: ', 'funcion_registrarAsistente')
23-May-25 10:37:17 - INFO - ('miFuncionAntesDeLaPeticion() --- este es el endpoint: ', 'funcion_registrarAsistente')
23-May-25 10:37:19 - INFO - ('miFuncionAntesDeLaPeticion() --- este es el endpoint: ', 'funcion_registrarAsistente')
23-May-25 10:37:20 - INFO - ('miFuncionAntesDeLaPeticion() --- este es el endpoint: ', 'funcion_registrarAsistente')
23-May-25 10:37:20 - INFO - ('miFuncionAntesDeLaPeticion() --- este es el endpoint: ', 'funcion_registrarAsistente')
23-May-25 10:37:21 - INFO - ('miFuncionAntesDeLaPeticion() --- este es el endpoint: ', 'funcion_registrarAsistente')
23-May-25 10:37:22 - INFO - ('miFuncionAntesDeLaPeticion() --- este es el endpoint: ', 'funcion_registrarAsistente')
23-May-25 10:37:23 - INFO - ('miFuncionAntesDeLaPeticion() --- este es el endpoint: ', 'funcion_registrarAsistente')
23-May-25 10:37:24 - INFO - ('miFuncionAntesDeLaPeticion() --- este es el endpoint: ', 'funcion_registrarAsistente')
23-May-25 10:37:25 - INFO - ('miFuncionAntesDeLaPeticion() --- este es el endpoint: ', 'funcion_registrarAsistente')
23-May-25 10:37:25 - INFO - ('miFuncionAntesDeLaPeticion() --- este es el endpoint: ', 'funcion_registrarAsistente')
23-May-25 10:37:27 - INFO - ('miFuncionAntesDeLaPeticion() --- este es el endpoint: ', 'funcion_registrarAsistente')
23-May-25 10:37:27 - INFO - ('miFuncionAntesDeLaPeticion() --- este es el endpoint: ', 'funcion_registrarAsistente')
23-May-25 10:37:29 - INFO - ('miFuncionAntesDeLaPeticion() --- este es el endpoint: ', 'funcion_registrarAsistente')
23-May-25 10:37:29 - INFO - ('miFuncionAntesDeLaPeticion() --- este es el endpoint: ', 'funcion_registrarAsistente')
23-May-25 10:37:31 - INFO - ('miFuncionAntesDeLaPeticion() --- este es el endpoint: ', 'funcion_registrarAsistente')
23-May-25 10:37:32 - INFO - ('miFuncionAntesDeLaPeticion() --- este es el endpoint: ', 'funcion_registrarAsistente')
23-May-25 10:37:33 - INFO - ('miFuncionAntesDeLaPeticion() --- este es el endpoint: ', 'funcion_registrarAsistente')
23-May-25 10:37:34 - INFO - ('miFuncionAntesDeLaPeticion() --- este es el endpoint: ', 'funcion_registrarAsistente')
23-May-25 10:37:36 - INFO - ('miFuncionAntesDeLaPeticion() --- este es el endpoint: ', 'funcion_registrarAsistente')
23-May-25 10:42:06 - INFO - ('miFuncionAntesDeLaPeticion() --- este es el endpoint: ', 'funcion_registrarAsistente')
23-May-25 10:43:59 - INFO - ('miFuncionAntesDeLaPeticion() --- este es el endpoint: ', 'funcion_registrarAsistente')
23-May-25 10:44:02 - INFO - ('miFuncionAntesDeLaPeticion() --- este es el endpoint: ', 'funcion_aceptarRobot')
23-May-25 10:54:48 - INFO - ('miFuncionAntesDeLaPeticion() --- este es el endpoint: ', 'funcion_registrarAsistente')
23-May-25 10:54:50 - INFO - ('miFuncionAntesDeLaPeticion() --- este es el endpoint: ', 'funcion_aceptarRobot')
23-May-25 11:15:16 - INFO - ('miFuncionAntesDeLaPeticion() --- este es el endpoint: ', 'funcion_registrarAsistente')
23-May-25 11:15:19 - INFO - ('miFuncionAntesDeLaPeticion() --- este es el endpoint: ', 'funcion_aceptarRobot')
23-May-25 11:24:17 - INFO - ('miFuncionAntesDeLaPeticion() --- este es el endpoint: ', 'funcion_registrarAsistente')
